PostID,Post Description,Date,Language Code,Full Language,Sentiment
B7mbLCVhYIf,"QUESTIONS AND ANSWERS ON CORONAVIRUS PT. 2

Is there a vaccine for coronavirus?

When a disease is new, there is no vaccine until one is developed. It can take a number of years for a new vaccine to be developed.

Is there a treatment for a novel coronavirus?

There is no specific treatment for disease caused by a novel coronavirus. However, many of the symptoms can be treated and therefore treatment based on the patient’s clinical condition. Moreover, supportive care for infected persons can be highly effective.

What can I do to protect myself?

Standard recommendations to reduce exposure to and transmission of a range of illnesses include maintaining basic hand and respiratory hygiene, and safe food practices  and avoiding close contact, when possible, with anyone showing symptoms of respiratory illness such as coughing and sneezing.

#coronavirus #coronavirusawareness #coronavirusoutbreak",01/21/2020,en,English,positive
B7m7M3SgvI1,"Using humor to bring attention to a serious matter.

Common #coronaviruses cause either upper-respiratory illnesses (example: common cold) or lower-respiratory tract illnesses (example:  pneumonia or bronchitis). However, some more serious strains can evolve to Severe Acute Respiratory Syndrome (SARS) and Middle East Respiratory Syndrome (MERS). These are the type that can sometimes lead to death.

Stay safe. .

#coronavirus #coronavirusawareness #corona #coronalight #corona🍺 #intoxicated #dontdrinkanddrive #beerstagram #beergram #china #hubei #hubeiprovince #mers #sars #staysafe #staysafeeveryone #safetyfirst #safetythird",01/22/2020,en,English,negative
B7oK_DMhtxr,"Stay safe
Cover your face
#typ262 #40mm #40mmperspective #facemask #eyes #mindyourbreath #astraettop #cdgbotton #guccisneakers #balenciagabags #stayawayfrom #staysafe #bearesponsiblehuman #beabetterperson #consultdoctorifsick #公德心 #人見人憎 #pneumonia #coronavirusawareness",01/22/2020,en,English,positive
B7njeFbBX5y,"Did you know an outbreak of a new coronavirus in China has killed nine people and sickened more than 400, and has spread to several other countries? The Coronavirus can infect both animals and people, and cause illnesses of the respiratory tract. 
Follow these precautions and stay safe. Let’s not provide this deadly virus with any opportunity of attacking you. Keep India Safe!! #coronavirus #coronaviruses #coronavirusawareness #coronavirusdewuhan #precautions",01/22/2020,en,English,negative
B7nV26QgOLP,"It’s so sad and scary that the coronavirus has killed and sickened so many people in China, and that it’s spreading so fast within a month and also to other countries!! 😢
The big cities of China are crowded all year-round. But during the Chinese New Year, which is in only three days, hundreds and thousands of people will travel to, from and within Asia to celebrate the Lunar New Year with their families. The virus will likely be spread to even more places around the globe, and it’s hard to contain it... 🤯 So we really hope that the governments and scientists will find a solution pretty fast to stop it from spreading. 😐 
We’d like to say to all the travelers out there: be cautious! 
1. Wash your hands regularly. 
2. Avoid touching your mouth, eyes, nose without washing your hands first. 
3. Do not go to live animal markets.
4. If you feel a bit sick, go see a doctor immediately.
•
•
•
#coronavirus #coronavirusawareness #virus #besafe #becautious #sars #chinavirusoutbreak",01/22/2020,en,English,negative
B7q_Ew0JKPk,"In the video of CORONAVIRUS CHINA|what is coronavirus|cities with coronavirus|wuhan coronavirus| we will give you a fully detail about the coronavirus and what to do next.
Many of the initial cases were linked to a seafood market in Wuhan, but Chinese health officials said this week that human-to-human transmission has been confirmed. Tag everyone you wish to know and be safe of what’s happening @wheres.poppy @chopsticktravel @wearenico @nicolas.one @mrghanababy @who @theofficialoscaryohana @kev000007 @sarahkyola @drewbinsky @asianbossmedia @boss 
The Lunar New Year is Saturday, and officials are concerned that millions of holiday travelers across Asia will fuel spread of the disease.

Coronavirus outbreak:First US case of coronavirus reported in Washington state

The WHO has established an emergency committee to advise Director-General Tedros Adhanom Ghebreyesus on whether the outbreak constitutes a public health emergency of international concern, or a PHEIC.

#coronaviruses #coronavírus #coronavirüs #coronavirusawareness #coronavirusspreadsperesontoperson #coronaviruswuhan 
#chinatown #china🇨🇳 #chinahouse #chinas #chinaa #chinaarmy #chinaazul #achina #achinada #achinadita 
#memesdaily #memes😂 #memess #memesquad #memesauronplay #memesapaixonados #memesad #memesapp #memesanimesbr #amemes",01/23/2020,en,English,positive
B7qJ4t6AB2t,"Do you know about Coronavirus. If not check our slider to more know about it.
#coronavirus #coronaviruses @who #flu #infection #infectioncontrol #symptoms #medtalks #medtalksindia #cold #cleanhands #coronavirusawareness #coronavirusdewuhan",01/23/2020,en,English,neutral
B7s5Kjbn40p,"China now. 
While the #coronavirus is growing a great paranoia in the territory of China, it seems not be as deadly as its elder sibling SARS. Proper safety measures and regular personal hygiene will keep everyone safe. 
Wishing all my Chinese friends a Happy Lunar New Year! May it bring an abundance of health and joy.
鼠年快乐！健康平安！中国加油! 🙏🏻🎉 .
.
.
.
.
#China #mask #goth #safety #virus #apocalypsenow #cyber #mute #reality #gothgoth #gothicgirl #gothgirl #epidemy #apocalyptic #cyberpunk #gruftie #urbanphotography #urbanjungle #中国 #病毒 #healthconcious #urbangoth #gothicstyle #cybergoth #photography #coronavirus #coronavirus2020 #coronavirusawareness",01/24/2020,en,English,positive
B7ttEjZBvhe,"The corona virus Impact on people and places worldwide is getting pretty horrific that China is at the Frontline of absorbing the impact and their ability to deal with this is truly gratifying but the human impact is horrific truly hope the world gets a handle on this soon⁣
⁣
⁣
⁣
⁣
⁣
⁣
⁣
⁣
⁣
⁣
⁣
⁣
⁣
⁣
⁣
⁣
⁣
⁣
⁣
⁣
⁣
#coronavirus #coronaviruses #coronavirusoutbreak #coronaviruschina #coronavirusmemes #coronavírus #coronavirüs #coronaviruschino #coronavirüsü #coronavirus2020 #coronavirusdewuhan #coronaviruswuhan #coronavirusmeme #coronavirusu #coronavirusnews #coronavirusawareness #coronavırus #coronavirusupdate #coronavirus2019ncov #coronavirussucks #coronavirusthailand #coronavirusmexico #coronaviruscanino #coronaviruse #coronavirusfree #coronavirus😷 #coronavirus‼️ #coronavirusalert #coronavirusprevention #coronavirusfelino",01/24/2020,en,English,positive
B7sYdlygkp1,"The virus have spread to at least seven other countries... FOLLOW: @hashttag.news for more “FLASH UPDATES”. ———————————————————————— China 🇨🇳: ⠀
⠀
- Chinese state media reported 25 deaths and over 800 confirmed cases.⠀
⠀
- The virus have spread to at least seven other countries and regions.⠀
⠀
- Strict biosecurity measures have been put in place in parts of the world.⠀
⠀
- WHO declined to declare whether coronavirus is an international emergency.⠀
⠀
- reached 25 and the virus has sickened more than 800 people. ⠀
⠀
————————————————————————⠀
⠀
Countries and regions other than China the virus has spread to⠀
- Japan⠀
- South Korea⠀
- Thailand⠀
- USA⠀
- Taiwan⠀
- Macau⠀
- Hong Kong ⠀
⠀ ————————————————————————⠀⠀⠀⠀
FOLLOW: @hashttag.news⠀⠀⠀⠀⠀⠀⠀⠀⠀⠀⠀⠀⠀
⠀⠀⠀⠀⠀⠀⠀⠀⠀⠀⠀⠀⠀
FOLLOW: @hashtag.cinemas⠀⠀⠀⠀⠀⠀⠀⠀⠀⠀⠀⠀⠀
⠀⠀⠀⠀⠀⠀⠀⠀⠀⠀⠀⠀⠀
FOLLOW: @hashtag.memz ———————————————————————— #coronavirus #coronaviruses #coronaviruschina #coronavirusoutbreak #coronavírus #coronavirüs #coronavirusmemes #coronaviruschino #coronavirusupdate #coronavirusawareness #coronavirusnews #coronavirus2020 #WHO #WorldHealthOrganization #CHINAvirus #china #virus #news  #hepatitis #hendravirus #hantavirus #groupbstrep #grippe #giardia #endmalaria #internationalnews #socialnews #politicalnews #Seithigal",01/24/2020,en,English,negative
B7t9ay1JEuA,Face Mask On Duty! 💪🏼💪🏼💪🏼#coronavirusawareness #facemask #facemaskselfie #casinodealerslife #gaycasinodealer #casinolife,01/24/2020,en,English,neutral
B7vQxPtptTw,"Malaysia on Saturday said it had confirmed three cases of china coronavirus infection, the first case in the Southeast Asian country.

#pakistan #concepttvlive #concepttvnews #malaysia #coronavirus #coronavirusupdates #china #pakistanzindabad",01/25/2020,en,English,neutral
B7u3PM1lo7t,"Simpson did the asian coronavirus

#corona #coronavirus #coronaviruschina #coronavirusawareness #simpsons #simpsonsmemes #simpsonprediction",01/25/2020,en,English,neutral
B7uxnwcHIHj,"Gong Xi Fa Cai 2020

#chinesenewyear 
#yearoftherat 
#coronavirusawareness 
#stayhealthy
#redismycolor",01/25/2020,en,English,neutral
B7vkoD9ghgX,#coronavirus #coronaviruses @who #flu #infection #infectioncontrol #symptoms #medtalks #medtalksindia #cold #cleanhands #coronavirusawareness #coronavirusdewuhan,01/25/2020,en,English,neutral
B7v-AwRnNpl,#coronavirus #coronavirusoutbreak #novelcoronavirus2019 #coronavirusawareness #healtheducation #wuhancoronavirus #wuhan #wuhanvirus #china #preventivemedicine #healthcare #healthalerts #prevention #lifestyle #medicine,01/25/2020,en,English,neutral
B7vcJxYhMzk,Healthmatters #virus #who #unicef #United Nations #china # Airport #coronavirus #coronavirusoutbreak #coronaviruschina #coronavirusawareness #coronavirus2020,01/25/2020,en,English,neutral
B7wFaFNg5cd,#coronavirusawareness  #coronavirus #staysafe #nigeriacentrefordiseasecontrol  #ncdc,01/25/2020,en,English,neutral
B7vrmYclXm9,"Happy Chinese New Year! Thank you, everyone, for sharing this moment of happiness. However, I want to give my deep condolences for people in Wuhan, China that affected by Corona Virus that can’t celebrate Chinese New Year with Lion dance or dragon dance as the public meeting is restricted, or not even with a smile on their faces seeing people dying. It is a horrible tragedy and I pray that everything happens for a reason, and I trust His will no matter what happens. Please be aware and stay safe, with bushfire in Sydney, flood in Jakarta, and now virus in China. We need prayer warriors to rise up. Would you be the next prayer warrior?
#chinesenewyear2020 #coronavirusawareness #redenvelope #redteam #prayforaustralia #prayforwuhan #prayforindonesia #prayfortheworld #dontgiveuppraying #yourprayersmatter",01/25/2020,en,English,positive
B7vInxYFo8_,"Reduce the risk of #coronavirus. What you need to do....
#corona #coronavirusawareness #coronavirus #infection",01/25/2020,en,English,negative
B7vsP1GFf4U,Stay protected people while our love goes out to those infected and affected by the coronavirus. #healtheworld #wuhancoronavirus #instanigeria #health #healthy #healthyfood #healthylifestyle #nigerianwedding #coronavirusawareness #worldwide #peace #insidecanada #insidelife #inside #survival #kitchener,01/25/2020,en,English,positive
B7wBHWCBWnZ,"Xi formally says the situation is very very very grave
#memes #china #wuhan #WuhanPneumonia #coronoavirus #coronavirus #CoronaOutbreak #usa #Chicago #índia #France #australia #Seattle",01/25/2020,en,English,negative
B7wDbQvn_ni,"80 people who were kept under surveillance after returning to Kerala from... FOLLOW: @hashttag.news for more “FLASH UPDATES”. ———————————————————————— INDIA 🇮🇳: ⠀
⠀
Of 80 people who were kept under surveillance after returning to Kerala from China, seven remain under observation ""as a precautionary measure"" as they were showing some symptoms, according to a report by NDTV. There have been no confirmed cases of the coronavirus in India so far.⠀
⠀ ————————————————————————⠀⠀⠀⠀
FOLLOW: @hashttag.news⠀⠀⠀⠀⠀⠀⠀⠀⠀⠀⠀⠀⠀
⠀⠀⠀⠀⠀⠀⠀⠀⠀⠀⠀⠀⠀
FOLLOW: @hashtag.cinemas⠀⠀⠀⠀⠀⠀⠀⠀⠀⠀⠀⠀⠀
⠀⠀⠀⠀⠀⠀⠀⠀⠀⠀⠀⠀⠀
FOLLOW: @hashtag.memz ———————————————————————— #CoronaVirusIndia #CorpnaVirusinindia #coronavirus #coronaviruses #coronaviruschina #coronavirusoutbreak #coronavírus #coronavirüs #coronavirusmemes #coronaviruschino #coronavirusupdate #coronavirusawareness #coronavirusnews #coronavirus2020 #WorldHealthOrganization #CHINAvirus #china #virus #news  #hepatitis #hendravirus #hantavirus #groupbstrep #giardia #endmalaria #internationalnews #socialnews #politicalnews #Seithigal. #CoronavirusOutbreak",01/25/2020,en,English,neutral
B7u_Ka9B-dZ,"Part 2 The corona virus Impact on people and places worldwide is getting pretty horrific that China is at the Frontline of absorbing the impact and their ability to deal with this is truly gratifying but the human impact is horrific truly hope the world gets a handle on this soon⁣
⁣
⁣
⁣
⁣
⁣
⁣
⁣
⁣
⁣
⁣
⁣
⁣
⁣
⁣
⁣
⁣
⁣
⁣
⁣
⁣
⁣
#coronavirus #coronaviruses #coronavirusoutbreak #coronaviruschina #coronavirusmemes #coronavírus #coronavirüs #coronaviruschino #coronavirüsü #coronavirus2020 #coronavirusdewuhan #coronaviruswuhan #coronavirusmeme #coronavirusu #coronavirusnews #coronavirusawareness #coronavırus #coronavirusupdate #coronavirus2019ncov #coronavirussucks #coronavirusthailand #coronavirusmexico #coronaviruscanino #coronaviruse #coronavirusfree #coronavirus😷 #coronavirus‼️ #coronavirusalert #coronavirusprevention #coronavirusfelino",01/25/2020,en,English,positive
B7vaY4CBRQz,"Latest update 45 dead 1300 in hospital now cases reported in all continents including first case in Australia 
Part 3 The corona virus Impact on people and places worldwide is getting pretty horrific that China is at the Frontline of absorbing the impact and their ability to deal with this is truly gratifying but the human impact is horrific truly hope the world gets a handle on this soon⁣
⁣
⁣
⁣
⁣
⁣
⁣
⁣
⁣
⁣
⁣
⁣
⁣
⁣
⁣
⁣
⁣
⁣
⁣
⁣
⁣
⁣
#coronavirus #coronaviruses #coronavirusoutbreak #coronaviruschina #coronavirusmemes #coronavírus #coronavirüs #coronaviruschino #coronavirüsü #coronavirus2020 #coronavirusdewuhan #coronaviruswuhan #coronavirusmeme #coronavirusu #coronavirusnews #coronavirusawareness #coronavırus #coronavirusupdate #coronavirus2019ncov #coronavirussucks #coronavirusthailand #coronavirusmexico #coronaviruscanino #coronaviruse #coronavirusfree #coronavirus😷 #coronavirus‼️ #coronavirusalert #coronavirusprevention #coronavirusfelino",01/25/2020,en,English,negative
B7vUcxDgnK4,#coronavirus #coronavirusawareness,01/25/2020,en,English,neutral
B7vX8_dhy8D,"Latest update 45 dead 1300 in hospital now cases reported in all continents including first case in Australia 
Part 3 The corona virus Impact on people and places worldwide is getting pretty horrific that China is at the Frontline of absorbing the impact and their ability to deal with this is truly gratifying but the human impact is horrific truly hope the world gets a handle on this soon⁣
⁣
⁣
⁣
⁣
⁣
⁣
⁣
⁣
⁣
⁣
⁣
⁣
⁣
⁣
⁣
⁣
⁣
⁣
⁣
⁣
⁣
#coronavirus #coronaviruses #coronavirusoutbreak #coronaviruschina #coronavirusmemes #coronavírus #coronavirüs #coronaviruschino #coronavirüsü #coronavirus2020 #coronavirusdewuhan #coronaviruswuhan #coronavirusmeme #coronavirusu #coronavirusnews #coronavirusawareness #coronavırus #coronavirusupdate #coronavirus2019ncov #coronavirussucks #coronavirusthailand #coronavirusmexico #coronaviruscanino #coronaviruse #coronavirusfree #coronavirus😷 #coronavirus‼️ #coronavirusalert #coronavirusprevention #coronavirusfelino",01/25/2020,en,English,negative
B7umC-JBDMp,#coronavirus #coronaviruses #coronavírus #coronavirüs #coronavirus2020 #coronavirusdewuhan #coronaviruswuhan #coronavirüsü #coronaviruschino #coronavirusmemes #coronaviruschina #coronavirusoutbreak #coronavırus #coronavirusawareness #coronavirusupdate #coronavirusu #coronavirusmeme #coronavirusnews #coronaviruscanino #coronavirusthailand #coronavirussucks #coronaviruscure #coronavirus‼️ #coronavirusalert #coronavirusprevention #coronavirus😷 #coronavirusscare #coronavirusuk #coronavirusinfection #coronavirusfelino,01/25/2020,en,English,neutral
B7vcKRElP54,Healthmatters #virus #who #unicef #United Nations #china # Airport #coronavirus #coronavirusoutbreak #coronaviruschina #coronavirusawareness #coronavirus2020,01/25/2020,en,English,neutral
B7vKJhpBWn9,"Latest update 45 dead 1300 in hospital now cases reported in all continents including first case in Australia 
Part 3 The corona virus Impact on people and places worldwide is getting pretty horrific that China is at the Frontline of absorbing the impact and their ability to deal with this is truly gratifying but the human impact is horrific truly hope the world gets a handle on this soon⁣
⁣
⁣
⁣
⁣
⁣
⁣
⁣
⁣
⁣
⁣
⁣
⁣
⁣
⁣
⁣
⁣
⁣
⁣
⁣
⁣
⁣
#coronavirus #coronaviruses #coronavirusoutbreak #coronaviruschina #coronavirusmemes #coronavírus #coronavirüs #coronaviruschino #coronavirüsü #coronavirus2020 #coronavirusdewuhan #coronaviruswuhan #coronavirusmeme #coronavirusu #coronavirusnews #coronavirusawareness #coronavırus #coronavirusupdate #coronavirus2019ncov #coronavirussucks #coronavirusthailand #coronavirusmexico #coronaviruscanino #coronaviruse #coronavirusfree #coronavirus😷 #coronavirus‼️ #coronavirusalert #coronavirusprevention #coronavirusfelino",01/25/2020,en,English,negative
B7u_EkWBHHE,"Part 1 The corona virus Impact on people and places worldwide is getting pretty horrific that China is at the Frontline of absorbing the impact and their ability to deal with this is truly gratifying but the human impact is horrific truly hope the world gets a handle on this soon⁣
⁣
⁣
⁣
⁣
⁣
⁣
⁣
⁣
⁣
⁣
⁣
⁣
⁣
⁣
⁣
⁣
⁣
⁣
⁣
⁣
⁣
#coronavirus #coronaviruses #coronavirusoutbreak #coronaviruschina #coronavirusmemes #coronavírus #coronavirüs #coronaviruschino #coronavirüsü #coronavirus2020 #coronavirusdewuhan #coronaviruswuhan #coronavirusmeme #coronavirusu #coronavirusnews #coronavirusawareness #coronavırus #coronavirusupdate #coronavirus2019ncov #coronavirussucks #coronavirusthailand #coronavirusmexico #coronaviruscanino #coronaviruse #coronavirusfree #coronavirus😷 #coronavirus‼️ #coronavirusalert #coronavirusprevention #coronavirusfelino",01/25/2020,en,English,positive
B7vVaBrDRxy,"Happy Chinese New Year! 🧧Don't forget to put on a mask to protect yourself and others ♥️ It can be quite uncomfortable but it's essential😷  𝐻𝐸𝒜𝐿𝒯𝐻 𝐼𝒮 𝒫𝑅𝐼𝒞𝐸𝐿𝐸𝒮𝒮 🧡
•
•
•

Together we can beat the virus 🦠 
#coronavirus #coronavirusawareness #beijing #wuhan #shanghai #china #staysafe #healthispriceless #wearyourmask #laowai #zaibeijing #beijinger",01/25/2020,en,English,positive
B7zDvaNpB_m,"Construction on Wuhan’s second hospital named “Leishenshan Hospital” has begun. This hospital is set to be ready within half a month with a capacity of 1300 beds. Not to confuse with the first hospital, called “Huoshenshan Hospital”, that is already under construction with a capacity of 1000 beds and due to start operations as of February 3rd, 2020. 中国加油(china jiayou)=China you can do it, keep fighting!

#ChinaJiayou #wuhancoronavirus #coronavirus #chinavirus #coronaviruschina #chinacoronavirus #wuhancoronaoutbreak #chinavirusnews #corona #coronavirusawareness #wuhan #wuhanvirus",01/26/2020,en,English,negative
B7zJ-6Mn9Qj,#coronavirusawareness,01/26/2020,en,English,neutral
B7y7dB_HUB8,"Some crossfit-instagrammer sent me this as a fan suscription. Thanks bra 
#coronamemes #coronameme #coronavirusmemes #coronavirusmeme #coronavirus #corona #coronavirusawareness #viralmemes #viralmemesdaily #flumemes #chinesememes #chinesememe #chinamemes #chinameme #foodmemes #foodmeme #memes #memesaboutpolitics",01/26/2020,en,English,positive
B7yocKZpW0D,#coronavirus #coronavírus #coronaviruses #coronavirüsü #coronavirusoutbreak #coronavirüs #coronaviruschina #coronaviruschino #coronavirusdewuhan #coronavirusawareness #coronavirussucks #coronaviruscanino #coronavirusmeme #coronaviruswuhan #coronavirusinfection #coronavirus2020 #coronavırus #coronavirusfelino #coronavirusfree#china #chinatown #chinaglaze #china🇨🇳 #chinatravel #chinatrip #chinalife #chinagirl #chinagram #chinafood,01/26/2020,en,English,neutral
B7ywbmAJFai,"According to information obtained on January 24th, 2020 a pharmacy in the capital Beijing has been making a profit by the corona outbreak by selling a box of ten N95 masks for RMB 850 (USD$120). The selling price for this box online is only USD$20. The pharmacy has been given a high penalty, which is the first case handled by the Beijing market supervision bureau in an effort to take a stand in tracking down profit seeking retailers as a result of the corona outbreak. While it is not clear yet what exactly the penalty entails, a high penalty ranges from a fine between USD$72K - USD$433K, up to the point of suspending/ canceling the business license and the case being publicly exposed. Prices for masks have seen hikes between 40%-560% in some places where supply is low. #ChinaJiayou #wuhancoronavirus #coronavirus #chinavirus #coronaviruschina #chinacoronavirus #wuhancoronaoutbreak #chinavirusnews #corona #coronavirusawareness #wuhan #wuhanvirus",01/26/2020,en,English,negative
B7y3i-npemK,"Nurse Li Qiong was asked on the day before Chinese New Year to rush to Wuhan the next day. Her long hair is not suited for wearing a protective suit so she had it quickly cut by a fellow nurse. She is not the only one who made that decision, many others have done so as well. #ChinaJiayou #wuhancoronavirus #coronavirus #chinavirus #coronaviruschina #chinacoronavirus #wuhancoronaoutbreak #chinavirusnews #corona #coronavirusawareness #wuhan #wuhanvirus",01/26/2020,en,English,negative
B7yz0Jbpr6O,"A nurse born in the 90s on her way to Wuhan’s hospital. In order to be let through she shows her nursing certificate and adds that she goes to Wuhan’s frontline to support the medical staff. She waves her father goodbye and tells him not to worry. Thank you for your help, come back safe! Nurses from all over the country have cancelled their New Year holiday plans to return to work and support their colleagues. #ChinaJiayou #wuhancoronavirus #coronavirus #chinavirus #coronaviruschina #chinacoronavirus #wuhancoronaoutbreak #chinavirusnews #corona #coronavirusawareness #wuhan #wuhanvirus",01/26/2020,en,English,positive
B7y6n3UJeER,Department director Wei Ming working at the frontline at Wuhan’s Jinyintan Hospital during an interview with People’s Daily Online: “What we fear the most is that we run out of protective supplies. The day after tomorrow we won’t have any N95 masks left” #ChinaJiayou #wuhancoronavirus #coronavirus #chinavirus #coronaviruschina #chinacoronavirus #wuhancoronaoutbreak #chinavirusnews #corona #coronavirusawareness #wuhan #wuhanvirus,01/26/2020,en,English,negative
B7zA4qOpZ8J,"Reporters of the Hubei Daily News let us have a glimpse at the situation in the resting rooms for volunteer medical staff at the headquarters of Wuhan’s Honghui Hospital. An average of five staff in a room, they sleep with their masks on. They haven’t gone home in many days.

#ChinaJiayou #wuhancoronavirus #coronavirus #chinavirus #coronaviruschina #chinacoronavirus #wuhancoronaoutbreak #chinavirusnews #corona #coronavirusawareness #wuhan #wuhanvirus",01/26/2020,en,English,neutral
B7xsqIyn_9n,Some facts about coronavirus... #coronavirus #outbreak #coronavirusawareness,01/26/2020,en,English,neutral
B7yeO9OFD-p,"Who else is moving to Greenland after the outbreak?

Credit to r/memes

#coronavirus #coronavirusoutbreak #coronaviruses #coronavirusmemes 
#coronaviruschina #coronavírus #coronavirüsü #coronavirüs #coronavirusawareness #coronavirus2020 #coronaviruschino #coronavirusmeme #ebolamemes #ebolamemesv3 #memescureebola #ebolamemesnow #ebolamemez #ebolameme #ebolamemesarethebestmemes #ebolamemesz #plagueinc #plagueincmemes #plagueincgame #plagueincmeme #plagueincevolved",01/26/2020,en,English,positive
B7xJ5oBn4Lm,"#coronavirusawareness #fightcoronavirus 
Please wear face masks when you go out. There are over 11,000 people flew from Wuhan to Bangkok this month. 
I love my country, but at this moment, let’s stay away from Chinese tourists.",01/26/2020,en,English,positive
B7w4OjmH4J2,"Novel Coronavirus 2019-nCoV

#pnemonia 
#pnemoniwuhan 
#coronavirus 
#coronaviruschina
#coronavirusawareness 
#wuhanchina 
#wuhanpneumonia 
#wuhancoronavirus 
#kementriankesehatanrepublikindonesia",01/26/2020,en,English,neutral
B7x-1ZeHm0O,"The first US patient to contract the deadly coronavirus is being treated by a robot doctor in a tiny secured room to reduce the risk of the disease spreading, according to a report.
.
 #robotspirits #roboty #robotarms #coronaviruses #chinatownsanfrancisco  #robotswillkill #coronavirusoutbreak #chinadress #chinasouthernairlines #coronavirüs #roboticaeducacional #coronavírus #robotwars  #coronavirusmemes #robotlivesmatter #robotman #coronavirusawareness #coronavirus2020  #technocookie #technobytes #coronaviruschina #roboticsurgery  #coronavirusmeme",01/26/2020,en,English,positive
B7xMPu3HvPb,"What I’d like to know is, how exactly did a camel get to China ??? 💔 Key words here “live meat “ ... Heartbreaking reality, strikes again. ———————————————————————Well, oops there it is .... 😭 So, exactly where did the virus come from again ? ... “Sale of exotic animals in the market” ??? And a list of all sorts of other things on the menu.  No further comment. 💔💔💔💔💔#GoVegan#timeforachance#wakeupworld#tigers#lions#wildlife#animals#change#behuman#china#stopthetorture#asia#knowledgeispower#coronavirusawareness #wildlife#friendsnotfood #news#coronavirus",01/26/2020,en,English,negative
B7xR6PvHmcj,"An infographic tips from Thailand's Department of Disease Control concerning the 2019 novel coronavirus (2019-nCoV). Practice these simple hygiene to reduce your risk of coronavirus infection. Let's continue to be vigilant. Stay safe, everyone!

#SiamLiving #CoronaVirusAwareness #Hygiene #Bangkok #Thailand #StaySafe",01/26/2020,en,English,positive
B7yLF6bhvru,"The virus was first thought to be similar to the one Mers n sars transmitted via bat's but the peculiar mutation indicates it is most likely from snake, that eats bat's, so it is rapidly mutating unstable highly infectious and also infecting during gestation all the signs of this are gravely bad, happy new year and Chinese new year everybody ⁣
⁣
⁣
⁣
⁣
⁣
⁣
⁣
⁣
⁣
⁣
⁣
⁣
⁣
⁣
⁣
⁣
⁣
⁣
⁣
⁣
⁣
⁣
⁣
⁣
⁣
⁣
⁣
#coronavirus #coronaviruses #coronavirusoutbreak #coronaviruschina #coronavirusmemes #coronavírus #coronavirüs #coronaviruschino #coronavirüsü #coronavirus2020 #coronavirusdewuhan #coronaviruswuhan #coronavirusmeme #coronavirusu #coronavirusnews #coronavirusawareness #coronavırus #coronavirusupdate #wuhancoronavirus #coronavirussucks #houston #coronavirusmexico #California #coronaviruse #coronavirusfree #coronavirus😷 #coronavirus‼️ #coronavirusalert #coronavirusprevention #chicago",01/26/2020,en,English,negative
B7xtrt3BzTI,"Breaking new leaked footage from #WuhanCoronavirus show devastation and deserted city #coronarvirus #coronarovirus #china #RepublicDay2020 #RepublicDayIndia #PadmaAwards #usa #europe #WuhanOutbreak⁣
⁣
⁣
⁣
⁣
⁣
⁣
⁣
⁣
⁣
⁣
⁣
⁣
⁣
⁣
⁣
⁣
⁣
⁣
⁣
⁣
⁣
⁣
⁣
⁣
#coronavirus #coronavirusoutbreak #coronaviruses #coronavirusmemes #coronaviruschina #coronavírus #coronavirüs #coronavirüsü #coronaviruschino #coronavirus2020 #coronavirusmeme #coronaviruswuhan #coronavirusnews #coronavirusdewuhan #coronavirusawareness #coronavirusaustralia #coronavirus‼️ #coronavirusu #coronavirusthailand #coronavirus😷",01/26/2020,en,English,negative
B7yLY10IYkL,"I’ve recorded parts of the original YouTube video to post on here . This man , a citizen of China and I guess Wuhan or any other city that was quarantined, is addressing the situation he’s currently living in. That’s already difficult on its own , since they need all this vpn stuff and the internet is already pretty bad there. I hope to spread a bit more awareness with this and I’d like you to watch the original , uncut and more detailed video on YouTube if you want to know more. As mentioned in the video , this virus might even be worse than the SARS incident in 2003 and the media is concealing that, who knows. Please share and spread awareness of their situation , do everything you can and you don’t even have to spend a dime for it. After all , people that don’t know, don’t help.  You can click on the link on my bio to watch the full video. #wuhan #wuhanchina #corona #coronavirus #help #citizen #china #quarantine #coronavirusawareness #helpchina",01/26/2020,en,English,positive
B7x_sZWhjgl,"A very strange perception battle but with USGovt. claim of China under reporting 10x where is this one going with now 4 Americans infected who could potentially have infected 1000's of Americans in the cities of Seattle Chicago Houston and in California do we have a global pandemic on our hands with the WHO still not calling it that⁣
⁣
⁣
⁣
⁣
⁣
⁣
⁣
⁣
⁣
⁣
⁣
⁣
⁣
⁣
⁣
⁣
⁣
⁣
⁣
⁣
⁣
⁣
⁣
⁣
⁣
⁣
⁣
⁣
#coronavirus #coronaviruses #coronavirusoutbreak #coronaviruschina #coronavirusmemes #coronavírus #coronavirüs #coronaviruschino #coronavirüsü #coronavirus2020 #coronavirusdewuhan #coronaviruswuhan #coronavirusmeme #coronavirusu #coronavirusnews #coronavirusawareness #coronavırus #coronavirusupdate #wuhancoronavirus #coronavirussucks #houston #coronavirusmexico #California #coronaviruse #coronavirusfree #coronavirus😷 #coronavirus‼️ #coronavirusalert #coronavirusprevention #chicago",01/26/2020,en,English,negative
B7ylm72IajJ,"🌎 AS 2019-n CoV INVADES, our concerns increase.
It is a time to realise each of us have a VOICE ; OR NOT. Similar to the SENTIMENT BEINGS who are EXPLOITED by HUMANS, we are exploited by businesses/politics unless we VOICE OUT & SHARE OUR MESSAGES.
•
🏥 Health officials around the world are keeping a close watch on an outbreak of 2019-n CoV in China, which is spreading around Asia & has reached the United States, Canada, France, South Korea, Japan, Thailand, Taiwan, Japan, Vietnam, Singapore, & Australia.
😷 Governments are responding with stepped-up surveillance of airline passengers arriving from the affected area to try keep the outbreak under control.
❓ What is making people sick?
Scientists identified 2019-n CoV.
🤧 A YouTube Wuhan Citizen shares a real live urgent Corona Virus situation seeking awareness & attention-from his opinion, a case more severe than the previous 2002 Corona virus-SARS. Yet China is reporting to the media that it is less perilous than 2002 SARS & deliberately hiding the real infected numbers. Not all are wearing the n95 respiratory mask that has a 80% of protecting wearers, providing they're wearing the right fit. At the beginning of the virus, the public was not alerted to put on masks immediately. Infected ones are sent home & people collapsing on the streets, as the YouTube citizen stated, is causing shock. The virus has no symptoms & the city is in chaos daily, with responsible authorities who have already fled Wuhan.
(🎦 https://youtu.be/7OEqybiGdaA)
We are the majority who have much more power to change situations when we voice our rights as individuals, share information & support each other.
Sources:
👉 https://m.facebook.com/theNewsmonger/
👉 Epoche Times source: Citizens who spread awareness of 2019-n CoV via the internet on 08.01.2019 were arrested, the public were uninformed.
• ☮️ Take Care of Yourself!
•
🌏 News & Info Tags for You
•
•
•
#coronavirus #coronaviruses #coronavirusoutbreak #coronavírus #coronavirusmemes #coronavirus2020 #coronaviruschina #coronavirüsü #coronavirusmemes #coronaviridae #coronavirusnews #coronavirusyoutube2020 #coronaviruesue #coronavirusawareness #coronavirusupdate #coronaviruschino",01/26/2020,en,English,negative
B7yShbJhtOo,"A grave crisis worsens as new facts emerge have the Chinese people lost faith in their govt.
The virus was first thought to be similar to the one Mers n sars transmitted via bat's but the peculiar mutation indicates it is most likely from snake, that eats bat's, so it is rapidly mutating unstable highly infectious and also infecting during gestation all the signs of this are gravely bad, happy new year and Chinese new year everybody ⁣
⁣
⁣
⁣
⁣
⁣
⁣
⁣
⁣
⁣
⁣
⁣
⁣
⁣
⁣
⁣
⁣
⁣
⁣
⁣
⁣
⁣
⁣
⁣
⁣
⁣
⁣
⁣
#coronavirus #coronaviruses #coronavirusoutbreak #coronaviruschina #coronavirusmemes #coronavírus #coronavirüs #coronaviruschino #coronavirüsü #coronavirus2020 #coronavirusdewuhan #coronaviruswuhan #coronavirusmeme #coronavirusu #coronavirusnews #coronavirusawareness #coronavırus #coronavirusupdate #wuhancoronavirus #coronavirussucks #houston #coronavirusmexico #California #coronaviruse #coronavirusfree #coronavirus😷 #coronavirus‼️ #coronavirusalert #coronavirusprevention #chicago",01/26/2020,en,English,negative
B7yLHKIh80G,"Todo lo que debes saber sobre la nueva pandemia de origen Chino.
.
.
.
.
.
#coronavirus #coronavírus #coronaviruses #coronavirüsü #coronavirusoutbreak #coronavirüs #coronaviruschina #coronaviruschino #coronavirusdewuhan #coronavirusawareness #coronavirussucks #coronaviruscanino #coronavirusmeme #coronaviruswuhan #coronavirusinfection #coronavirus2020 #coronavırus #coronavirusfelino #coronavirusfree",01/26/2020,en,English,neutral
B7yDOfrB8kZ,"China's #coronovirus death toll rises to 56.... FOLLOW: @hashttag.news for more “FLASH UPDATES”. ———————————————————————— CHINA 🇨🇳;Dozens of cases have been reported across China, Thailand, South Korea & the United States sparking fears of a possible pandemic. ———————————————————————— FOLLOW: @hashttag.news⠀⠀⠀⠀⠀⠀⠀⠀⠀⠀⠀⠀⠀
⠀⠀⠀⠀⠀⠀⠀⠀⠀⠀⠀⠀⠀
FOLLOW: @hashtag.cinemas⠀⠀⠀⠀⠀⠀⠀⠀⠀⠀⠀⠀⠀
⠀⠀⠀⠀⠀⠀⠀⠀⠀⠀⠀⠀⠀
FOLLOW: @hashtag.memz ———————————————————————— #CoronaVirusIndia #CorpnaVirusinindia #coronavirus #coronaviruses #coronaviruschina #coronavirusoutbreak #coronavírus #coronavirüs #coronavirusmemes #coronaviruschino #coronavirusupdate #coronavirusawareness #coronavirusnews #coronavirus2020 #WHO #WorldHealthOrganization #CHINAvirus #china #virus #news  #internationalnews #socialnews #politicalnews #Seithigal.",01/26/2020,en,English,negative
B7w4iWEhEkA,"Veme or Video Meme #706: I Guarantee Y’all, This Disease Is Man Made. #coranavirus #coronavirus #coronaviruses #coronavirusoutbreak #coronavirusawareness #TheShitUSeeIn2020",01/26/2020,en,English,positive
B7xjeXnJaHn,Medical care personnel all over the country has been mobilized to support Wuhan. Here you can see a mother hugging her family in Sichuan before getting on the bus that will bring 30 medical care workers from Sichuan’s People’s Hospital to Wuhan #ChinaJiayou #wuhancoronavirus #coronavirus #chinavirus #coronaviruschina #chinacoronavirus #wuhancoronaoutbreak #chinavirusnews #corona #coronavirusawareness,01/26/2020,en,English,positive
B7xr6eDJb8K,This medical staff shares her story how she decided to help at the fewer clinic without telling her family. She says she is concerned about the impact it would have on them. In order for them not to find out she doesn’t write her own name on her uniform. Since the protective gear covers them completely they normally write their names on their uniforms in order to distinguish one another #ChinaJiayou #wuhancoronavirus #coronavirus #chinavirus #coronaviruschina #chinacoronavirus #wuhancoronaoutbreak #chinavirusnews #corona #coronavirusawareness,01/26/2020,en,English,positive
B7xmzQ2pwXs,Medical staff try not to drink or use the restroom during their shift at the hospital. It would take too much time to take everything off and they would need a new set of clothes making it a wasteful and tedious process that they try to avoid #ChinaJiayou #wuhancoronavirus #coronavirus #chinavirus #coronaviruschina #chinacoronavirus #wuhancoronaoutbreak #chinavirusnews #corona #coronavirusawareness,01/26/2020,en,English,negative
B7xsLzrH8Qs,"Dew Air, Hand Sanitiser & the Disinfect are all effective at killing germs and viruses like the Coronavirus. They can’t cure someone who has the virus but are ideal at helping to prevent the spread of it to other family members #coronavirus #coronavirusoutbreak #coronavirusawareness #ecofriendly #sustainable #zerowaste #eco #sustainability #gogreen #recycle #nature #sustainableliving #environment #vegan #green #mineral #minerals #love #reuse #savetheplanet #natural #greenliving #reusable #crueltyfree #responsibility #ecoresponsibility",01/26/2020,en,English,positive
B703Z2cFXr5,"Coronavirus is found in human embryonic tracheal organ cultures obtained from the respiratory tract of an adult with a common cold.

Coronaviruses can be transmitted through coughing and sneezing, coming in close contact, such as touching or shaking hands, touching your mouth, nose, or eyes before washing your hands after touching a contaminated object or surface. 
#Coronavirusoutbreak #coronavirus #coronavirusawareness",01/27/2020,en,English,negative
B70jhnLpiIV,"A doctor working at Wuhan’s forefront kneeling on the ground treating a patient. 
中国加油(china jiayou)=China you can do it, keep fighting!
#ChinaJiayou #wuhancoronavirus #coronavirus #chinavirus #coronaviruschina #chinacoronavirus #wuhancoronaoutbreak #chinavirusnews #corona #coronavirusawareness #wuhan #wuhanvirus",01/27/2020,en,English,negative
B71Prx2Jnaf,"This mother found an additional way to make sure her kids don’t play around with their masks and are extra protected. In some cities wearing masks has become mandatory in order to use public transportation. Protecting yourself means protecting others!

中国加油(china jiayou)=China you can do it, keep fighting!
#ChinaJiayou #wuhancoronavirus #coronavirus #chinavirus #coronaviruschina #chinacoronavirus #wuhancoronaoutbreak #chinavirusnews #corona #coronavirusawareness #wuhan #wuhanvirus",01/27/2020,en,English,positive
B71ckdPJeTJ,"Medical staff from all over China rush to help at the frontline in Wuhan. This couple from Hunan province has only been married for a month and she is on her way to Wuhan. “Take good care of yourself”, the husband says as she boards the train.

中国加油(china jiayou)=China you can do it, keep fighting!
#ChinaJiayou #wuhancoronavirus #coronavirus #chinavirus #coronaviruschina #chinacoronavirus #wuhancoronaoutbreak #chinavirusnews #corona #coronavirusawareness #wuhan #wuhanvirus #武汉加油 #中国加油",01/27/2020,en,English,positive
B71TyRvqc2M,"😷 Protègez-vous, commandez le vôtre ! ☀️ Lien en bio

Hashtags : 
#virushkalove #coronaviruschino #virushkaslays #coronaviruswuhan #viruses #coronaviruses #coronavirus #coronavirusdewuhan #coronavirusawareness #prilaga #coronaviruschina #coronavírus #virushkaforever #coronavirusnews #coronavirusmemes #coronavirusoutbreak #coronavirüs #virusshawl #virus #virushkareception #coronavirus2020 #happyvirus #popvirus #virusvideo #coronavirusmeme #virusintl #coronavirüsü #virushka #govirus #virushkawedding",01/27/2020,en,English,neutral
B70uon1pzOf,"Jan. 27th, 2020. The first building of the new Huoshenshan Hospital in Wuhan has finished construction within 16 hours. Mr. Zhang and Mr. Deng, former President and Vice President of the Xiaotangshan Hospital built in Beijing during the SARS outbreak came to observe the construction site today.

中国加油(china jiayou)=China you can do it, keep fighting!
#ChinaJiayou #wuhancoronavirus #coronavirus #chinavirus #coronaviruschina #chinacoronavirus #wuhancoronaoutbreak #chinavirusnews #corona #coronavirusawareness #wuhan #wuhanvirus",01/27/2020,en,English,negative
B71Rr4apdXK,"PLEASE SWIPE 👉👉👉👉👉
.
Let's double up on our hygiene levels in this season 👌👍👍
#coronavirusawareness#endcoronavirus#healthiswealth#saynotocoronavirus#",01/27/2020,en,English,neutral
B71fP0xJVb7,"31 nurses in Wuhan cutting their long hair short since it decreases the risk of contamination. Medical staff from all of the country has been mobilized to go to Wuhan and help at the frontline.

中国加油(china jiayou)=China you can do it, keep fighting!
#ChinaJiayou #wuhancoronavirus #coronavirus #chinavirus #coronaviruschina #chinacoronavirus #wuhancoronaoutbreak #chinavirusnews #corona #coronavirusawareness #wuhan #wuhanvirus #武汉加油 #中国加油",01/27/2020,en,English,negative
B71aIPNJipe,"Afternoon of Jan 27th: While police is on duty at a police station in Liuan, Anhui province, a young man enters, leaves 500 masks, expresses his gratitude for their service, and runs away. The police wants to catch up with him, but he is faster and they end up expressing their thanks with a salute.
Some places in China have run low on masks. While factories have encouraged their workers to work 24/7 throughout the Chinese New Year holiday, sending supplies remains often difficult with a lot of delivery services having closed for the holiday. Authorities ask the community to report any cases of sellers pricing goods at unreasonable prices and many of them have already by heavily fined.

中国加油(china jiayou)=China you can do it, keep fighting!
#ChinaJiayou #wuhancoronavirus #coronavirus #chinavirus #coronaviruschina #chinacoronavirus #wuhancoronaoutbreak #chinavirusnews #corona #coronavirusawareness #wuhan #wuhanvirus #武汉加油 #中国加油",01/27/2020,en,English,positive
B71ceVmoeIg,"70% of people are worried about a worldwide spread of Coronavirus.
.
.
.
————————————————
#coronavirus #coronaviruses #coronavirusoutbreak #survey #coronavirusawareness #corona #coronavirusmemes #health",01/27/2020,en,English,negative
B70l1ylpOAZ,"A supermarket in Hebei province has been fined USD$ 73K for selling cabbage at USD$ 9/ piece. People are encouraged to report any price bidding they witness.

中国加油(china jiayou)=China you can do it, keep fighting!
#ChinaJiayou #wuhancoronavirus #coronavirus #chinavirus #coronaviruschina #chinacoronavirus #wuhancoronaoutbreak #chinavirusnews #corona #coronavirusawareness #wuhan #wuhanvirus",01/27/2020,en,English,neutral
B71mkg3BKnY,"Health authorities in Ivory Coast are investigating a suspected case of Wuhan coronavirus in a female student who arrived from China, officials have said.

The student, whom authorities have not named, is the first person to be tested for the virus on the continent, CNN reports.

The virus has killed at least 80 people in the mainland Chinese city of Wuhan.

The 34-year-old student traveled from Beijing to the Félix-Houphouët-Boigny International Airport in Abidjan on Saturday and was coughing, sneezing and experienced difficulty breathing, Ivory Coast's Ministry of Health and Public Hygiene said in statement.

The student was moved to a safe location upon arrival at the airport and is currently under medical observation, the ministry said.

#naturetv #natureviral #punchnewspapers  #coronavirus2020 #coronavirussucks #coronavirus #coronavírus #coronavirusprevention #coronaviruschino #coronavirusfrance #coronaviruse #coronavirüs #coronaviruses_china_wuhan #coronavirusnews #coronavirusindonesia #coronaviruses #coronavirusdewuhan #coronavirusmeme #coronaviruswuhan #coronavirusawareness #coronavirusoutbreak #coronavirüsü #coronavirusu #coronavirusmemes #coronaviruschina #coronavirusupdate",01/27/2020,en,English,negative
B71vXjvA6uQ,"we gotta hurry and find and help people with the corona virus😥
(cred: @lifewithpaulinemay_)
-
#coronavirus#coronavirusoutbreak#coronavirusmemes#coronavirusawareness#virus#sos#tiktok#memes",01/27/2020,en,English,neutral
B71KLgYJSOg,"A view of the situation in Wuhan after the lockdown was in place for 72 hours.

中国加油(china jiayou)=China you can do it, keep fighting!
#ChinaJiayou #wuhancoronavirus #coronavirus #chinavirus #coronaviruschina #chinacoronavirus #wuhancoronaoutbreak #chinavirusnews #corona #coronavirusawareness #wuhan #wuhanvirus",01/27/2020,en,English,negative
B703hktFIia,"Prevention

Currently there are no vaccines available to protect against human coronavirus infection but the risk of infection can be reduced by proper washing of hands with soap and water for at least 20 seconds, avoid touching your eyes, nose, or mouth with unwashed hands and avoid close contact with people who are infected.

Protect others when you have cold-like symptoms and these can be done by isolating yourself from coming in contact with non-infected people while sick, covering your mouth and nose with a tissue when you cough or sneeze, and then discard the tissue into the trash and properly wash your hands and clean and disinfect objects and surfaces.

Treatment

There are no specific treatments for human coronaviruses. Most people with common human coronavirus illness recover on their own. However, some things can be done to relieve your symptoms by taking prescribed pain and fever medications, use a room humidifier, taking a hot shower to help ease sore throat and cough.

Also when sick, drink plenty of liquids and stay at home and rest.

#Coronavirusoutbreak #coronavirus #coronavirusawareness",01/27/2020,en,English,negative
B70JoFjpkQ5,"January 27th, 2020. Prime minister Li Keqiang comes to Wuhan to visit the construction site of the Huoshenshan Hospital. Workers from various provinces have headed to Wuhan to work on construction. Prime minister Li says “All the people of China are standing behind you” 
中国加油(china jiayou)=China you can do it, keep fighting!
#ChinaJiayou #wuhancoronavirus #coronavirus #chinavirus #coronaviruschina #chinacoronavirus #wuhancoronaoutbreak #chinavirusnews #corona #coronavirusawareness #wuhan #wuhanvirus",01/27/2020,en,English,negative
B7z9ygwJPHP,"A nurse working at the frontline in Wuhan states on social media: “Prior to Chinese New Year I was thinking about getting a new haircut [in Chinese tradition you do these things before the new year begins to start new], but I didn’t expect the result to look like this. When my friends and family saw my new bolt look which I had changed for the first time in 30 years everyone’s mood became very serious. What I want to say is, hair can grow again, it’s no big deal. The most important thing for us is to protect ourselves. I believe that with the help of all our medical staff we can soon be eating, working and living together happily. The medical staff will keep fighting, Wuhan we can do it, thank you for everyone’s work and dedication!” 中国加油(china jiayou)=China you can do it, keep fighting!
#ChinaJiayou #wuhancoronavirus #coronavirus #chinavirus #coronaviruschina #chinacoronavirus #wuhancoronaoutbreak #chinavirusnews #corona #coronavirusawareness #wuhan #wuhanvirus",01/27/2020,en,English,positive
B7zw7fEBZ2l,#coronavirusawareness,01/27/2020,en,English,neutral
B71WDybJbaj,"Production in the city of Changyuan in Henan province is running at full speed to supply Wuhan with medical consumables. Known as the hub of medical consumables, this factory produces a daily average of 500000 masks and 10000 pieces of protective clothing. Although China officially has a one week nationwide holiday each year after Chinese New Year many factories have asked their staff to return to work on the Eve of Chinese New Year.

中国加油(china jiayou)=China you can do it, keep fighting!
#ChinaJiayou #wuhancoronavirus #coronavirus #chinavirus #coronaviruschina #chinacoronavirus #wuhancoronaoutbreak #chinavirusnews #corona #coronavirusawareness #wuhan #wuhanvirus",01/27/2020,en,English,positive
B70DUo4pE_W,"A father doctor who has been working 48 hours at the frontline without break comes  during lunch break to see his son who works in isolation area and writes him a line of encouragement. Stay strong, you can do it!

中国加油(china jiayou)=China you can do it, keep fighting!
#ChinaJiayou #wuhancoronavirus #coronavirus #chinavirus #coronaviruschina #chinacoronavirus #wuhancoronaoutbreak #chinavirusnews #corona #coronavirusawareness #wuhan #wuhanvirus",01/27/2020,en,English,positive
B70gtW0pr5l,"In Zhejiang province the corona virus strand has been separated after 48 hours, laying the foundation to develop a vaccine against it.

中国加油(china jiayou)=China you can do it, keep fighting!
#ChinaJiayou #wuhancoronavirus #coronavirus #chinavirus #coronaviruschina #chinacoronavirus #wuhancoronaoutbreak #chinavirusnews #corona #coronavirusawareness #wuhan #wuhanvirus",01/27/2020,en,English,negative
B7z7y_xpT7Y,"The aerial view shows the city of Wuhan before and after the corona virus outbreak. Wuhan is the capital of Hubei province, People's Republic of China. It is the largest city in Hubei province and the most populous city in Central China with a population of over 11 million, and 7th most populous city in China. The city is around the same size as London and Wuhan’s international airport handled 20 Mio passengers in 2016, explaining why the virus was able to spread so quickly.

中国加油(china jiayou)=China you can do it, keep fighting!
#ChinaJiayou #wuhancoronavirus #coronavirus #chinavirus #coronaviruschina #chinacoronavirus #wuhancoronaoutbreak #chinavirusnews #corona #coronavirusawareness #wuhan #wuhanvirus",01/27/2020,en,English,negative
B70cBdaBLMX,"Stay safe everyone!

Please turn on your Gruenheim vacuum to air Clean Mode to keep your indoor air clean, and disinfect & sterilize your home using your Gruenheim steamer.

Let's also pray for the safety of everyone.

God bless us all!

Credits to: @philredcross

#coronavirusawareness #virusfree #coronavirusprevention #Sterilizeyourhome #cleanhome #cleaningservice #Gruenheim #GruenheimPh #gruenheimvacuum #Gruenheimsteamer",01/27/2020,en,English,positive
B70Ook4hPtA,"⁣
With Coronavirus on the widespread, it is important that we have an idea of what these are and how we can protect ourselves from contracting them. ⁣
⁣
Coronavirus are a large family of viruses that are known to cause illnesses ranging from common cold to severe diseases. ⁣
⁣
⁣
⁣
Swipe left for few tips that you can follow to protect yourself against these viruses. ⁣
⁣
(Check out our instastory for more). Follow @nettpharmacy for more health tips, updates, and more information.⁣
⁣ ⁣
#NettPharmacy #LiveWell #LiveBetter #Pharmacy  #PharmaciesInLagos #mondaywtpurpose #HealthTalks #Coronavirus #HealthInformation  #Staysafe #HealthTips #LassaFeverAwarness #LassaFever #HealthCare  #PharmacyLife #HealthyLiving #CoronaVirusAwareness #HealthForAll",01/27/2020,en,English,negative
B71Hnm1hPUj,"#Coronavirus: How to know you're hit by the virus and handy tips to protect yourself
.
.
.
.
.
#coronavirusoutbreak #coronaviruses #coronaviruschina #coronavirusprevention #coronavirussymptoms #coronavirustreatment #coronavirusnews #coronaviruswuhan #coronavirusawareness #coronavirusupdate #coronavírus #china #wuhan #virus #health #healthawareness #india #news #worldnews #indianews #indianewsupdates #instawithjagranenglish #jagranenglish",01/27/2020,en,English,positive
B70omJoJlaN,"New numbers for the corona virus in China have been posted: 2744 confirmed cases, 80 have passed away, 53 have recovered.

中国加油(china jiayou)=China you can do it, keep fighting!
#ChinaJiayou #wuhancoronavirus #coronavirus #chinavirus #coronaviruschina #chinacoronavirus #wuhancoronaoutbreak #chinavirusnews #corona #coronavirusawareness #wuhan #wuhanvirus",01/27/2020,en,English,negative
B71U1N8nlo1,"My heart goes out to everyone affected by the Coronavirus! Stay safe everyone and wash up. .
.
#coronaviruschina #plaugemarines #prilaga #coronavirus2020 #coronavirus #coronavirusmemes #coronavírus #coronavirüs #plaugeoc #plaugeinc #plaugeaffiliates #plaugedoctormask #coronavirusawareness #coronaviruses #coronavirusnews #plaugedoctormemes #coronaviruschino #plaugemask #plaugedoctor #coronavirüsü #coronavirusmeme #coronaviruswuhan #plauges #plaugedoctormeme  #coronavirusoutbreak #plaugearts #plaugebearers #coronavirusdewuhan #plaugerat #plauge",01/27/2020,en,English,positive
B72I60jFjSp,"Coronavirus nCoV Update 
Cases: 4407
Deaths: 107

Jan 28 - 01:58 GMT

#coronavirus, #coronavirusupdates, #coronavirus888",01/28/2020,en,English,neutral
B72xyenJW7Y,"The Chinese authorities have so far confirmed 4,515 cases, with 60 cured and 106 dead since the outbreak of the new coronavirus epidemic in China.

#pakistan #china #coronavirus #chinese #concepttvlive #newsupdates #coronavirusupdates #chinavirus #virus #wuhan #wuhanvirus  #concepttvnews #pakistanzindabad",01/28/2020,en,English,negative
B73YIP8l5VT,Villages create brick walls to block themselves in to protect against the Coronavirus  #coronavirus #coronavirusupdates #Coronavirus888  https://www.businessinsider.com/wuhan-coronavirus-chinese-villages-wall-themselves-in-to-stop-spread-2020-1?r=US&IR=T,01/28/2020,en,English,positive
B72K_e4FYTy,"Coronavirus nCoV Top 10 (#confirmed cases)
China: 4409
Hong Kong: 8
Thailand: 8
Macau: 6
Australia: 5
Singapore: 5
Taiwan: 5
USA: 5
Japan: 4
Malaysia: 4

Jan 28 - 01:58 GMT
#coronavirus, #coronavirusupdates,  #coronavirus888",01/28/2020,en,English,neutral
B72q8BBJiWt,"The Chinese authorities have so far confirmed 4,515 cases, with 60 cured and 106 dead since the outbreak of the new coronavirus epidemic in China.

#pakistan #china #coronavirus #chinese #concepttvlive #newsupdates #coronavirusupdates #chinavirus #virus #wuhan #wuhanvirus  #concepttvnews #pakistanzindabad",01/28/2020,en,English,negative
B74fAgyl4_N,"Coronavirus nCoV Update 
Cases: 5578
Deaths: 131

Jan 28 - 23:33 GMT

#coronavirus #coronavirusupdates #coronavirus888",01/28/2020,en,English,neutral
B72iiBOFmvv,"Coronavirus nCoV Top 10 in China (cc-confirmed cases & d-deaths)
Hubei: cc 2714 d 100
Zhejiang: cc 173 d 0
Henan: cc 168 d 1
Guangdong: cc 151 d 0
Chongqing: cc 132 d 0
Anhui: cc 106 d 0
Hunan: cc 100 d 0
Sichuan: cc 90 d 0
Shandong: cc 87 d 1
Beijing: cc 80 d 1

Jan 28 - 05:46 GMT 
#coronavirus #coronavirusupdates #Coronavirus888",01/28/2020,en,English,neutral
B73YpiBlyLL,Coronavirus vaccine status  globalnews.ca/news/6466954/c…  #coronavirus #coronavirusupdates #Coronavirus888,01/28/2020,en,English,neutral
B72ZXskpFB-,#nanoinfluencer #microinfluencer #influencer #k #discoverunder #influencerlife #influencerlifestyle #influencerswanted #coronavirus #eventhosting #gogroupado #eventplanner #influencercollab #groupado #bloggerlifestyle #eventexperiences #purposefulbrand #coronavirusawareness #experiences #instagood #instafriends #businessopportunity #influencerminded #globalimpact #curatedevents #blogger #influencermarketing #microinfluencers #mtbiking #bhfyp,01/28/2020,en,English,neutral
B73gCh1Bb36,"Are we on the verge of a global pandemic 🤔
The corona virus Impact on people and places worldwide is getting pretty horrific that China is at the Frontline of absorbing the impact and their ability to deal with this is truly gratifying but the human impact is horrific truly hope the world gets a handle on this soon⁣
⁣
⁣
⁣
⁣
⁣
⁣
⁣
⁣
⁣
⁣
⁣
⁣
⁣
⁣
⁣
⁣
⁣
⁣
⁣
⁣
⁣
#coronavirus #coronaviruses #coronavirusoutbreak #coronaviruschina #coronavirusmemes #coronavírus #coronavirüs #coronaviruschino #coronavirüsü #coronavirus2020 #coronavirusdewuhan #coronaviruswuhan #coronavirusmeme #coronavirusu #coronavirusnews #coronavirusawareness #coronavırus #coronavirusupdate #coronavirus2019ncov #coronavirussucks #coronavirusthailand #coronavirusmexico #coronaviruscanino #coronaviruse #coronavirusfree #coronavirus😷 #coronavirus‼️ #coronavirusalert #coronavirusprevention #coronavirusfelino",01/28/2020,en,English,positive
B74B-OUBY5f,Share and Care.. #corona #awareness #coronavirusawareness #besafe,01/28/2020,en,English,positive
B73gSj2nz0Y,"CORONA Virus symptoms!!!
Protect yourself and your loved one's from infection
Share to spread awareness and build way to save lives
Let's corner the corona!!! https://www.vinishavision.com/

#corona #deadlyvirus #china #sigapore #vinishavision #awareness #coronavirusawareness #savelives #protection #preventionofcoronavirus #symptoms #healthyliving #disinfect",01/28/2020,en,English,positive
B737QYWJWUh,"Progress of the work done at the construction site for the “Huoshenshan Hospital” in Wuhan on Day 5 (Jan 28th, 2020). With a capacity of 1000 beds this hospital is scheduled to start operations as of February 3rd, 2020.

Not to be confused with a second hospital currently under construction in Wuhan named the “Leishenshan Hospital”. This hospital is set to be ready within half a month with a capacity of 1300 beds.

中国加油(china jiayou)=China you can do it, keep fighting!
#ChinaJiayou #wuhancoronavirus #coronavirus #chinavirus #coronaviruschina #chinacoronavirus #wuhancoronaoutbreak #chinavirusnews #corona #coronavirusawareness #wuhan #wuhanvirus #武汉加油 #中国加油",01/28/2020,en,English,positive
B73TW_anQr4,"Apple’s China-centric manufacturing base is at risk of disruption after the Lunar New Year holiday, as the iPhone maker’s partners confront the coronavirus outbreak that has gripped the country and caused more than 100 deaths.
.
.  #appledore #coronavírus #coronadosprings  #coronavirüs #coronavirusawareness #coronacapital19 #applemacbook #coronavirüsü #coronacapital18 #applethailand #applegate  #coronavirus2020 #coronafamiliar #technocookie #coronavirusmemes #coronaqueens #coronahairstylist #applefamily  #coronavirusoutbreak #applewatchnikeplus #coronaviruses #coronavirusmeme #fabriziocorona #coronaviruschina #coronación",01/28/2020,en,English,negative
B73XqGlBpel,"Rainy weather in Tokyo calls for a day of shopping 💸💸💸.
.
.
.
#akihabara #tokyo #秋葉原 #shopping  #rainyday #transparentumbrellasarecool #facemasktime #coronavirusawareness",01/28/2020,en,English,negative
B735S63JUnf,"Here is the official count for the cases of the corona virus in Mainland China as of 01/29/2020 at 0:53AM Chinese time.
4633 cases confirmed, 6972 cases suspected, 106 deaths, 73 have been healed.

You can check these numbers which are updated constantly on this website (in Chinese only): https://3g.dxy.cn/newh5/view/pneumonia_peopleapp?from=singlemessage&isappinstalled=0&fbclid=IwAR1z6x2ZH5n8M4qhLST72GRTBrO6V3lOa3A7dvX_ewyE7b0vRvZGznncGqY

中国加油(china jiayou)=China you can do it, keep fighting!
#ChinaJiayou #wuhancoronavirus #coronavirus #chinavirus #coronaviruschina #chinacoronavirus #wuhancoronaoutbreak #chinavirusnews #corona #coronavirusawareness #wuhan #wuhanvirus #武汉加油 #中国加油",01/28/2020,en,English,negative
B721tWJJirj,"For Daily Updates and latest news,
 follow @currentaffairss2020 
#news #breakingnews  #newspaper #goodnews  #instanews #newsletter #news #newspaper #breakingnews #newstuff #foxnews #currentlyreading #currentsituation #currentaffairs #currentaffairs4exams #currentaffairs2020 #corona #coronavirus #coronavirusoutbreak #china #death #infectedperson #coronaviruschina  #coronavirusindia #coronavirusawareness #jaipur #jaipurtalks #bihar #biharnews #patna #coronavirusjaipur",01/28/2020,en,English,neutral
B732eYOpxNT,"The first group of 135 medical staff from Fujian has arrived in Wuhan to help at the frontline. From all over China medical staff has been mobilized to travel to Wuhan.

中国加油(china jiayou)=China you can do it, keep fighting!
#ChinaJiayou #wuhancoronavirus #coronavirus #chinavirus #coronaviruschina #chinacoronavirus #wuhancoronaoutbreak #chinavirusnews #corona #coronavirusawareness #wuhan #wuhanvirus #武汉加油 #中国加油",01/28/2020,en,English,negative
B73BNAoHaUQ,"All You need to know About Coronavirus.
.
#coronavirus #corona #worldhealthorganization #china #australia #nepal #coronavirusoutbreak #coronaviruses #coronaviruschina #coronavirusawareness #coronavírus 
#coronavírus #ahmedabad",01/28/2020,en,English,neutral
B73kUC0By0D,"The outbreak of a mysterious new virus is rapidly spreading, the Chinese authorities said on Tuesday, as the official account of known cases jumped nearly 60 percent overnight and the death toll exceeded 100 for the first time. •
•
∆ China said on Tuesday that 106 people had died from the coronavirus that is believed to have originated in the central city of Wuhan and is spreading across the country. The previous death toll, on Monday, was 81. •
•
∆ The number of confirmed cases increased from 2,835 on Monday to 4,515 on Tuesday, according to the National Health Commission. The youngest confirmed case is a 9-month-old girl in Beijing. •
•
∆ Most of the cases have been confirmed in the central Chinese province of Hubei, the epicenter of the outbreak, where several cities, including Wuhan, have been placed under what amounts to a lockdown. •
•
#naturetv #natureviral #naturenews 
#coronavirusfrance #coronavirusdewuhan #coronavirusmeme #coronavirusindonesia #coronaviruses #coronavirusaustralia #coronavirusoutbreak #coronaviruschino #coronavirüsü #coronaviruse #coronavírus #coronavirusprevention #coronavirusoutbreak2020 #coronavirusawareness #coronavirusnews #coronaviruschina #coronavirüs #coronavirus2020 #coronaviruswuhan #coronavirusmemes #coronavirusu #coronavirus  #coronavirusupdate",01/28/2020,en,English,negative
B73EyJeHigK,"Paano suotin Ang surgical mask?
(c) @philredcross 
Stay safe everyone!
#coronavirusawareness #coronavirusprevention #coronavirus",01/28/2020,en,English,positive
B73z28SggDR,"That country once said Niqab is banned now all wearing niqab that's power of ALLAH . . .

#coronaviruschina 
#coronavirusawareness 
#coronavirüsü",01/28/2020,en,English,negative
B734FSWhkHd,#Anticoronavirus it’s best to keep the throat moist. Drink a lot #liquid won’t help. Just don’t get thirsty. And don’t keep your #throat too dry. 💦💦 keep it #moist #liquid #water #thirsty #coronavirusawareness,01/28/2020,en,English,neutral
B73wfU4JxOf,"Sharing the daily routine of medical staff at an isolated living apartment. Temperature is checked twice a day, the whole apartment gets decontaminated in the morning and the afternoon, and staff provides three meals a day to the doorstep.

中国加油(china jiayou)=China you can do it, keep fighting!
#ChinaJiayou #wuhancoronavirus #coronavirus #chinavirus #coronaviruschina #chinacoronavirus #wuhancoronaoutbreak #chinavirusnews #corona #coronavirusawareness #wuhan #wuhanvirus #武汉加油 #中国加油",01/28/2020,en,English,negative
B73HquBJg6V,"A truck carrying supplies for Wuhan’s new Huoshenshan Hospital passes the toll station. The staff has prepared some water for the driver and wishes a safe journey. Keep fighting Wuhan!

中国加油(china jiayou)=China you can do it, keep fighting!
#ChinaJiayou #wuhancoronavirus #coronavirus #chinavirus #coronaviruschina #chinacoronavirus #wuhancoronaoutbreak #chinavirusnews #corona #coronavirusawareness #wuhan #wuhanvirus #武汉加油 #中国加油",01/28/2020,en,English,positive
B74ASg-Ay7M,#epidemic #globaldisease #coronavirusoutbreak #newhorizontech #coronavirusupdate #coronavirus2020 #endtheepidemic #coronavirusawareness #china #coronavirusnews #coronavirus #china🇨🇳 #coronaviruswuhan #coronaviruschina #coronavirusoutbreak2020 #coronaviruses #coronavírus,01/28/2020,en,English,neutral
B73TQphHS7u,"CORNER THE CORONA!!! Protect yourself and your loved one's from infection

Share to spread awareness and build way to save lives

Let's corner the corona!!! #corona #deadlyvirus #china #sigapore #healthbasket #awareness #coronavirusawareness #savelives #protection #preventionofcoronavirus #symptoms #healthyliving #disinfect",01/28/2020,en,English,positive
B73wb_2FDy-,"What's to know about coronaviruses?😷
.
In humans, the virus causes respiratory infections which are typically mild but, in rare cases, can be lethal.

It cause colds with major symptoms, e.g. fever, throat swollen adenoids, in humans primarily in the winter and early spring seasons .
.
.
#coronavirus #coronavirusnews #coronavirusawareness #corona #contagious #CoronaOutbreak #coronavirusoutbreak #healthxtreme #health_xtreme #wehealthyfyyou  #WuhanCoronovirus #WuhanVirus #ChinaWuHan #wuhanfighting #WuhanLockDown #WuhanChina #instagram #virus #china",01/28/2020,en,English,neutral
B73yxyEJuh9,"Great news! This 87 year old lady has been healed from the corona virus and discharged from the hospital. Stay safe!

中国加油(china jiayou)=China you can do it, keep fighting!
#ChinaJiayou #wuhancoronavirus #coronavirus #chinavirus #coronaviruschina #chinacoronavirus #wuhancoronaoutbreak #chinavirusnews #corona #coronavirusawareness #wuhan #wuhanvirus #武汉加油 #中国加油",01/28/2020,en,English,positive
B73c1uAlInZ,"Red alarm ringing around the world as the coronavirus ability to spread is strengthening and infections could continue to rise. 99 new passengers arrived in Kerala from China and are under surveillance for possible exposure to novel coronavirus (nCoV). .
.
Symptoms of the recent coronavirus outbreak:
1- Fever
2- Cough
3- Shortness of breath
4- Breathing difficulties

Keep yourself safe from new coronavirus ( Link in Bio)
.
.
.
#coronavirusmeme #coronavirus #coronavirusaustralia #coronavirüs #coronaviruse #coronavirus2020 #coronavirüsü #coronavirusprotection #coronaviruschina #coronaviruschino #coronavirus😷 #coronavirus2019ncov #coronaviruswuhan #coronavirusoutbreak #coronavirusnews #coronavirussucks #coronavirusoutbreak2020 #coronavirusdewuhan #coronavirusfrance #coronaviruses #coronavírus #coronavirusmemes #coronavirusinfection #coronavirusindia #coronavirusupdate #coronavirusawareness #coronavirusprevention #coronavirusalert #coronavirusindonesia  #GoMedii",01/28/2020,en,English,positive
B73EnoZjgTf,"Stay safe kids!
.
.
.
.
#coronavirusawareness #coronadisease #safety #digitalart",01/28/2020,en,English,positive
B73EgKLjTbk,"LIKE , SHARE and TAG a FRIEND who NEEDS this DETAILS
Follow @fit_abs11 for best health and fitness motivation and tips 👍
_
_
_
#coronavirus 
#coronavirusmemes 
#coronavirusoutbreak 
#coronaviruses
#coronaviruschina 
#coronavírus 
#coronavirusfrance 
#coronavirus2020
#coronavirüs 
#coronavirüsü
#coronavirusnews 
#coronavirusdewuhan 
#coronavirusbrasil
#coronavirusupdate 
#coronavirusu 
#coronavirusawareness 
#coronavirusoutbreak2020 
#coronavirus😷 
#coronavirusaustralia 
#coronavirustoronto 
#coronavirushoax 
#coronaviruscanada 
#coronavirusindonesia 
#coronavirusmalaysia 
#coronavirusmexico 
#coronavirusinfection 
#coronaviruscanino 
#coronavirussucks 
#coronavirus2019ncov 
#coronaviruse",01/28/2020,en,English,positive
B721bUcpDnZ,"For Daily Updates and latest news,
 follow @currentaffairss2020 
#news #breakingnews #1dnews #foxnews #newstart #newspaper #goodnews #newshit #instanews #tvnews #newsletter #sportsnews #news #newspaper #breakingnews #newstuff #foxnews #currentlyreading #currentsituation #currentaffairs #currentaffairs4exams #currentaffairs2020 #corona #coronavirus #coronavirusoutbreak #china #death #infectedperson #coronaviruschina #mumbai #coronavirusmumbai #coronavirusindia #coronavirusawareness",01/28/2020,en,English,neutral
B73bL1sAOOw,"Sharing is caring❣ 
#corona #coronavirus #coronaviruses #virusprotection #virusprevention #coronavirusawareness #coronavirus2020",01/28/2020,en,English,positive
B73aYqZFntB,"As reported on January 26, the new #coronavirus has infected at least 2,463 people and caused at least 80 deaths. Emanating from the city of #Wuhan, #China, this new virus was temporarily named “2019-nCoV.” Controlling the spread of the virus requires both public #health and #medical measures. Stay #safe and #hygienic at all times. 
#hygiene #coronavirusawareness #coronavirusoutbreak #protectyourself #safety #treatment #disease #virus",01/28/2020,en,English,negative
B724GIpAs5G,"When will the consequences of trading wildlife be greater than greed?
.
.
.
.
.
#art #china #coronavirus #virus #coronavirusoutbreak #sars #coronavirusawareness",01/28/2020,en,English,negative
B738LV_hXMk,"Tag your friends and loved ones; with the right and timely information we all can stay alive and healthy in 2020.
•
•
•
•
#coronavirus #coronavirusprevention #coronavirüsü #coronavirus2020 #coronavirusnews #coronaviruswuhan #coronavirusaustralia #coronavirusmemes #coronavirusmeme #coronaviruse #coronavirusawareness #natureviral #coronavirusoutbreak #naturetv #coronavirusfrance #coronavirusu #coronavirusupdate #coronaviruschino #coronavirussucks #coronavirusdewuhan #coronaviruses #coronavírus #coronavirusoutbreak2020 #coronaviruschina #coronavirusindonesia #lassafever",01/28/2020,en,English,positive
B73VBc1D5K0,"Here’s everything you need to know about the immune system and how to fight off the trillions of bacteria and viruses in the environment around you.
.
.
Read more through the link in bio
.
.
.

#Guardian #GNCIndia #StartStrong #StrengthandStyle #Fitness #Health #FitnessResolution #FitnessForever #GuardianGNC #LiveWell #Blog #ThoughtLeader #HealthTips #CoronaVirus #Immunity #ImmunityBoost #StayHealthy #CoronaVirusAwareness",01/28/2020,en,English,negative
B73kLPYHuhz,"#newsworthy
TRACKING CORONAVIRUS | INDIANS IN CHINA
Latest coronavirus outbreak toll: 106 deaths, 4682 cases across 18 countries 🦠
.
#newsworthtwithab
#coronavirus #coronavirusoutbreak #coronaviruses #wuhanvirus #wuhancoronavirus #coronaviruschina #coronavirus2020 #coronavirusawareness #wuhanchina #wuhanvirus #wuhancoronavirus #wuhanpneumonia #wuhancity #coronavirusindia",01/28/2020,en,English,neutral
B73AeB5IJNa,"No fear 😷
•
•
•
‌#coronavirusoutbreak #coronaviruswuhan #coronavirus2020 #coronavirusinfection #coronavírus #coronavirussucks #coronavirusmeme #coronaviruschino #coronavirusmemes #coronavirusu #coronavirus #coronavirusnews #coronavirusoutbreak2020 #coronavirusawareness #coronaviruschina #coronavırus #coronaviruse #coronaviruses_china_wuhan #coronavirusupdate #coronavirusdewuhan #coronavirusaustralia #coronavirusprevention #coronavirusindonesia #coronavirüsü #coronavirusfrance #coronavirüs #coronavirus😷 #coronaviruses #coronavirusparis #paris",01/28/2020,en,English,negative
B72OB9-g7w_,"It’s more important than ever before to take care of yourself and your immune system.

Try these tips for staying healthy to help prevent any viral Infections:
.
* Consider taking a multivitamin — one half in the morning, the other half with dinner.
.
* Be sure you’re getting enough vitamin D and vitamin C (Ask your doctor to check your vitamin D levels)
.
* Wash your hands with soap and water thoroughly — and often. .
* Use an alcohol-based hand sanitizer only if soap and water are not available. .
* Avoid touching your face, especially your eyes, nose and mouth. .
* Start your dinner meal everyday with a small serving of low-sodium, low calorie soup.
.
* Eat a diet rich in colorful foods to ensure you’re getting antioxidants.
.
* Staying hydrated and drink tea herbs between meals and before going to bed.
.
* Use nasal irrigation products, they help wash pollutants out of the nasal tissues, they may be beneficial. .
* Get a good night’s rest. Sleep is important to maintaining a healthy immune system.
.
Source: #clevelandclinic 
#monyhealthcoach #viralinfection #viralinfections #coronavirus #coronaviruses #coronavirusawareness #coronavirusprevention #coronavirusprecautions #infections #disinfection #respiratorytractinfection #respiratorytractinfections",01/28/2020,en,English,positive
B72CKtvJjSD,"Due to the coronavirus outbreak please advise our reception staff if you have been to China in the last 14 days. We have been recommended to do so by the ADA to ensure safety of our patients and staff. Thank you

#algesterdental #nationaldentalcare #coronavirusawareness #safetyfirst #australiandentalassociation",01/28/2020,en,English,positive
B72KW2XDiZ8,"Good morning!

Due to coronavirus viral in Malaysia, please take some precaution when travelling to public place. 
Always wearing your mask and clean your hand. Please refer to clinic or hospital if you are not in good condition of health.

Image: Ministry of Health (Malaysia)

#coronavirusawareness #rovski #malaysia #sealant #adhesive",01/28/2020,en,English,positive
B72kftlBoa9,Sklepy puste wszystko co opakowane sprzedane... #WyprawyKojota  #coronavirusoutbreak #coronavirusupdate #coronavirusnews #coronavirusprevention #coronavırus #coronaviruschina #coronavirusindonesia #coronavirusmemes #coronaviruses #coronavirusaustralia #coronavirusawareness #coronavirusdewuhan #coronavirus😷 #coronavirüs #coronaviruschino #coronavirüsü #coronaviruse #coronaviruses_china_wuhan #coronavirusmeme #coronavirusfrance #coronavirus2020 #coronavirusu #coronavírus #coronavirussucks #coronavirus #coronavirusoutbreak2020 #coronaviruswuhan,01/28/2020,en,English,neutral
B72IPyhJH4F,"Due to the coronavirus outbreak please advise our reception staff if you have been to China in the last 14 days. We have been recommended to do so by the ADA to ensure safety of our patients and staff. Thank you

#ndcwestlakes #nationaldentalcare #coronavirusawareness #safetyfirst #australiandentalassociation",01/28/2020,en,English,positive
B72DmrUnf1B,"Due to the coronavirus outbreak please advise our reception staff if you have been to China in the last 14 days. We have been advised to do so by the ADA to ensure the safety of our patients and staff. Thank you. 
#nationaldentalcare #coronavirusawareness #australiandentalassociation #safetyfirst",01/28/2020,en,English,positive
B72RibCJPhw,"Want to drink boba but... health comes first🥺. Stay healthy friends!
#coronavirusawareness",01/28/2020,en,English,positive
B72Ej02JLJ9,"Due to the coronavirus outbreak please advise our reception staff if you have been to China in the last 14 days. We have been recommended to do so by the ADA to ensure safety of our patients and staff. Thank you

#nationaldentalcarebrownsplains #nationaldentalcare #coronavirusawareness #safety-first #australiandentalassociation",01/28/2020,en,English,positive
B72q2n8I4bj,"Good morning Paris 🇫🇷
•
•
•
‌#coronavirusoutbreak #coronaviruswuhan #coronavirus2020 #coronavirusinfection #coronavírus #coronavirussucks #coronavirusmeme #coronaviruschino #coronavirusmemes #coronavirusu #coronavirus #coronavirusnews #coronavirusoutbreak2020 #coronavirusawareness #coronaviruschina #coronavırus #coronaviruse #coronaviruses_china_wuhan #coronavirusupdate #coronavirusdewuhan #coronavirusaustralia #coronavirusprevention #coronavirusindonesia #coronavirüsü #coronavirusfrance #coronavirüs #coronavirus😷 #coronaviruses #coronavirusparis #paris",01/28/2020,en,English,neutral
B72pmVWg81C,#coronavirus #coronaviruses @who #flu #infection #infectioncontrol #symptoms #medtalks #medtalksindia #cold #cleanhands #coronavirusawareness #coronavirusdewuhan,01/28/2020,en,English,neutral
B72mLplpAu0,"This little fellow has been spotted at a medical observation center in Hangzhou. The robot is called “Cute little Peanut” and has taken over transporting meals and other supplies to the patients in the center in order to prevent contamination.

中国加油(china jiayou)=China you can do it, keep fighting!
#ChinaJiayou #wuhancoronavirus #coronavirus #chinavirus #coronaviruschina #chinacoronavirus #wuhancoronaoutbreak #chinavirusnews #corona #coronavirusawareness #wuhan #wuhanvirus #武汉加油 #中国加油",01/28/2020,en,English,positive
B72MV3sh9LE,"There isn’t a vaccine to get rid of corona virus and people are suspected to have this virus in Kerela , Mumbai , Hyderabad for now so be cautious . ✅PREVENTION IS BETTER THAN CURE.

#Harley_quinn🦋

#pondicherry #coronavirus #coronavirusoutbreak #coronavirusmemes #coronavirusawareness #coronavirusprotection #health #indian #preventionisbetterthancure #pondicherrypeople #nomp",01/28/2020,en,English,negative
B719AoqA7wO,"Prevention Steps for Coronavirus 🔸Stay home except to get medical care
🔹Separate yourself from other people in your home
🔸Call ahead before visiting your doctor
🔹Wear a facemask
🔸Cover your coughs and sneezes
🔹Wash your hands
🔸Avoid sharing household items
🔹Monitor your symptoms

Source: CDC Website©️
🔻Online Store🔻
🌐 HealthcareShops.ca
🔒 SSL Encrypted Checkout
#coronavirus #coronavirusoutbreak #coronavirusmemes #coronaviruses #coronaviruschina #coronavirus2020 #coronavirusawareness #news #healthylifestyle #healthcareshops #healthcare",01/28/2020,en,English,positive
B720y_tpJLC,"For Daily Updates and latest news,
 follow @currentaffairss2020 
#news #breakingnews #1dnews #foxnews #newstart #newspaper #goodnews #newshit #instanews #tvnews #newsletter #sportsnews #news #newspaper #breakingnews #newstuff #foxnews #currentlyreading #currentsituation #currentaffairs #currentaffairs4exams #currentaffairs2020 #corona #coronavirus #coronavirusoutbreak #china #death #infectedperson #coronaviruschina #coronavirusprevention #coronavirusawareness #coronavirussymptoms #coronaviruses",01/28/2020,en,English,neutral
B72pU2gpwfs,"Sharing this song which has been edited together to look like it’s from the show “Voice of China” but it’s actually not. The show is not in session at the moment. Still, the song has strong lyrics.

中国加油(china jiayou)=China you can do it, keep fighting!
#ChinaJiayou #wuhancoronavirus #coronavirus #chinavirus #coronaviruschina #chinacoronavirus #wuhancoronaoutbreak #chinavirusnews #corona #coronavirusawareness #wuhan #wuhanvirus #武汉加油 #中国加油",01/28/2020,en,English,positive
B72pIYFFzhC,"Stop pouring my #corona !!!!⁣
⁣#coronavirus #coronavirusawareness #coronaviruschina",01/28/2020,en,English,neutral
B72XB8Sne-y,"#newsworthy
While tracking the recent Coronavirus outbreak 😷, two numbers are crucial:
1️⃣The virus' 🦠 RO or reproduction number that measures how many people can be infected by one patient.
•• The number is estimated to be between 1.4 and 2.5 for the latest mutation of the virus. This means one person can infect 🗣between 14-25 people.
2️⃣ Ratio of deaths to total cases of the infection. Until now, 3% of all patients caught in this outbreak have died.
•• More than 50 million Chinese residents are on lockdown, including in Wuhan, the epicentre of the outbreak, where close to 250 Indian students are stuck.
•• ""At least I am healthy and safe, but the situation is very critical. If we get sick, neither the Chinese government will want us nor the Indian government,” a resident of UP working at a vaccine company there told Indian Express.
•• The number of dead has risen to 56 across China with 2,008 confirmed cases.
.
#newsworthywithab
#coronavirus #coronavirusoutbreak #coronaviruses #wuhanvirus #wuhancoronavirus #coronaviruschina #coronavirus2020 #coronavirusawareness #wuhanchina #wuhanvirus #wuhancoronavirus #wuhanpneumonia #wuhancity #coronavirusindia",01/28/2020,en,English,negative
B748UlklWiq,https://www.cbc.ca/news/canada/saskatchewan/coronavirus-research-lab-vido-intervac-1.5443244  #coronavirus  #coronavirusupdates  #Coronavirus888,01/29/2020,en,English,neutral
B74nL-Xl-wG,The Coronavirus Is a Threat to the Global Drug Supply. https://www.wired.com/story/the-coronavirus-is-a-threat-to-the-global-drug-supply/ #coronavirus #coronavirusupdates #Coronavirus888,01/29/2020,en,English,negative
B76T4QFFg7U,"Why we panic about coronavirus, but not the flu.  #coronavirus #coronavirusupdates #Coronavirus888  https://www.axios.com/coronavirus-influenza-disease-china-united-states-64311582-2031-40af-8ec3-9ff68341d4f3.html",01/29/2020,en,English,negative
B75XMm8pBtD,"The United States and Japan on Wednesday began evacuating their citizens from the Chinese city hardest-hit by an outbreak of coronavirus that has killed 132 people and infected more than 6,000 on the mainland and abroad.

#pakistan #china #coronavirus #virus #coronavirusupdates #japan #wuhan #wuhanvirus #concepttvlive #concepttvnews #unitedstates #chinese #coronavirusoutbreak #pakistanzindabad",01/29/2020,en,English,negative
B74f4KYFwVN,"Coronavirus nCoV Top 10 (# of confirmed cases)
China: 5494
Thailand: 14
Hong Kong: 8
Taiwan: 8
Japan: 7
Macau: 7
Singapore: 5
Australia: 5
USA: 5
Malaysia: 4

Jan 28 - 23:33 GMT
#coronavirus  #coronavirusupdates  #Coronavirus888",01/29/2020,en,English,neutral
B75HGggF_-7,"Coronavirus nCoV Update 
Cases: 6057
Deaths: 132

Jan 29 - 05:45 GMT

#coronavirus, #coronavirusupdates,  #coronavirus888",01/29/2020,en,English,neutral
B75hBB-pqrk,"Special Assistant to Prime Minister on Health Dr. Zafar Mirza said Wednesday that four Pakistani students in the Chinese city Wuhan were infected with coronavirus who are now in good health.

#pakistan #china #zafarmirza #pakistani #pakistanstudents #chinese #wuhan #coronavirus #coronavirusupdates #virus #pakistanistudentsinchina #news #concepttvlive #concepttvnews #pakistanzindabad",01/29/2020,en,English,negative
B750E1mJWe-,"A four-member Chinese family infected with the new china virus is the first confirmed case in the United Arab Emirates (UAE), all family members are in stable condition and under medical observation, the Ministry of Health and Prevention (MoHAP) revealed on Wednesday.

#pakistan #china #coronavirus #uae #unitedarabemirates #wuhanvirus #coronavirusupdates #uaenews #arabcountires #mideast #middleeast #concepttvlive #concepttvnews #pakistanzindabad",01/29/2020,en,English,positive
B76Ga6DlFWP,"Some China residents try to protect themselves from Coronavirus with plastic bottles, bags, helmets (don't try this at home obviously)
 #coronavirus #coronavirusupdates #Coronavirus888 https://www.thesun.co.uk/travel/10844438/coronavirus-desperate-passengers-plastic-bottles-helmets/",01/29/2020,en,English,positive
B74kvKZFAwL,"Coronavirus nCoV Top 10 Regions in China (cc-confirmed cases & d-deaths)
Hubei: cc 3554 d 125
Guangdong: cc 207 d 0
Zhejiang: cc 173 d 0
Henan: cc 168 d 1
Hunan: cc 143 d 0
Chongqing: cc 132 d 0
Jianxi: cc 109 d 0
Anhui: cc 106 d 0
Shandong: cc 87 d 1
Beijing: cc 91 d 1

Jan 28 - 23:33 GMT
#coronavirus #coronavirusupdates #Coronavirus888",01/29/2020,en,English,neutral
B76kuaEpdzF,"Wear a mask everyone and save yourself from corona virus and that is something everyone should be doing. Because there are people back hole who love u a lot and are waiting for you to come home safe .
.
.
.
.
#fightcoronavirus #stayhealthy #personalhygiene #autoimmunedisease #immunesupport #immuneboosting #immunebooster #washyourhands #coronavirusprevention #coronavirusawareness #healthandwellnesstips #healthylifestyle #washyourhandsyoufilthyanimal #antioxidants #stayawaycoronavirus #coronavirusawareness #covid19 #viruscorona #conoravirus #coronavirusoutbreak #coronavirus #outbreak #coronavirus2020 via @hashtagexpert",01/29/2020,en,English,positive
B76QYefnmTq,2020 pls be more gentle 😷🙏🏻🥱#CNYvibe#boredashell#coronavirusawareness#virusholiday,01/29/2020,en,English,positive
B76c0VHJek3,"CORONAVIRUS AWARENESS CAMPAIGN.

The Coronavirus which started from an animal market in Wuhan, China has been said to have spread across the continents. Death tolls have risen to 132 with the number of cases reaching nearly 6,000 - more than during the severe acute respiratory syndrome (SARS) epidemic of 2002-03.

Protect yourself by washing your hands often with soap and water or using a hand sanitizer and avoid touching your eyes, nose and mouth with unwashed hands etc.

Prevention is better than cure.
#coronavirusawareness #stayhealthy #worldhealthorganization #healthylifestyle",01/29/2020,en,English,negative
B7659QUCQct,"Oh shit .
.
.
.
@prilaga #memegod #memesenespañol #coronavirusmemes #memesgraciosos #memeoftheday #coronavirusnews #coronavirüsü #coronavirus #coronavirus2020 #memeita #memesquad #deepfriedmemes #memesbrasil #coronavirusmeme #coronavirusawareness #goodmemes #coronaviruschina #cringememes #memesfordays #minecraftmemes #memevideo #prilaga #coronavirüs #coronavírus #coronaviruses #coronavirusoutbreak",01/29/2020,en,English,negative
B76m3iypezV,"These days...
The only occasion I go out is to throw away the sorted trash. #covid19 
#hangonchina #coronavirusawareness #quarantine #captchina_night",01/29/2020,en,English,neutral
B76FynlpF5V,"Medical staff working at the frontline fall asleep in their chairs out of exhaustion. The number of cases keeps raising, especially in the area in and around Wuhan. Wearing the mask all day has left a mark on their faces.

中国加油(china jiayou)=China you can do it, keep fighting!
#ChinaJiayou #wuhancoronavirus #coronavirus #chinavirus #coronaviruschina #chinacoronavirus #wuhancoronaoutbreak #chinavirusnews #corona #coronavirusawareness #wuhan #wuhanvirus #武汉加油 #中国加油",01/29/2020,en,English,negative
B76OK5ynPuK,"Ms Bailing, 23, said a viral video showed... FOLLOW: @hashttag.news for more “FLASH UPDATES”. ———————————————————————— ⠀
⠀
#JessikaBailing, a teacher trapped #Wuhan, made the shocking claims.⠀
⠀
She said she had heard of #patients spitting at doctors to contaminate them.⠀
⠀
Ms #Bailing, 23, said a viral video showed a patient spitting on elevator buttons.⠀
⠀
Coronavirus can be spread from person to person via a simple #sneeze or #cough. ⠀
⠀
Figures show cases have tripled in three days to more than 6,100⠀
⠀ ————————————————————————⠀⠀⠀⠀
FOLLOW: @hashttag.news⠀⠀⠀⠀⠀⠀⠀⠀⠀⠀⠀⠀⠀
⠀⠀⠀⠀⠀⠀⠀⠀⠀⠀⠀⠀⠀
FOLLOW: @hashtag.cinemas⠀⠀⠀⠀⠀⠀⠀⠀⠀⠀⠀⠀⠀
⠀⠀⠀⠀⠀⠀⠀⠀⠀⠀⠀⠀⠀
FOLLOW: @hashtag.memz ———————————————————————— #CoronaVirusChina #coronaravirus  #coronavirus #coronaviruses #coronaviruschina #coronavirusoutbreak #coronavírus #coronavirüs #coronavirusmemes #coronaviruschino #coronavirusupdate #coronavirusawareness #coronavirusnews #coronavirus2020 #WHO #WorldHealthOrganization #CHINAvirus #china #virus #news #socialnews #seithigal #CoronavirusOutbreak",01/29/2020,en,English,negative
B76lRCfH-qj,"Pls share on your page. May God save us from this terrible viruses flying about.

#coronavirusawareness
#amaryacookbook #amaryarecipe #abujafoodmart #abujafoodvendor #abujawomeninbusiness #abujaworkingclass #abujafitfam #fitfamfood #naijafoods #healthyliving",01/29/2020,en,English,positive
B76FuT3pKBF,"For Daily Updates and latest news,
 follow @currentaffairss2020 
#news #breakingnews #mpsc  #upscexam #bank #motivationalquotes  #gkfacts  #dailygk #gktricks #exams#breakingnews  #currentlyreading #currentsituation #currentaffairs #currentaffairs4exams #currentaffairs2020 #corona #coronavirus #coronavirusoutbreak #china #death #infectedperson #coronaviruschina  #coronavirusindia #coronavirusawareness  #bangloreairport #banglorecity #banglore #coronavirusbanglore",01/29/2020,en,English,neutral
B754dNwF9no,"Stay Healthy !  Spread and share the steps you can follow to stay clear of the Corona Virus outbreak . These are the guidelines issued by World Health Organisation. Share and spread these to as many people as possible. #calisthenics #corona #coronavirus #coronas #coronavirusoutbreak #coronavirusmemes #coronaviruses #coronavirusindia #coronaviruschina #coronavirusfrance #coronavirus2020 #coronavirusnews #coronavirusawareness #coronavirusupdate #coronavirusprevention #coronavirusalert #fithimachal♥️ #dharamshala @dharamshalalocal 
#corona #coronavirus #worldhealthorganization #coronavirusoutbreak #coronaviruses #coronavirusmemes #coronavírus #coronaviruschina #coronavirus2020 #healthylifestyle #safetyfirst #coronavirusprevention",01/29/2020,en,English,positive
B750YmHlwNi,Practice food safety!  Spread and share the steps you can follow to stay clear of the Corona Virus outbreak . These are the guidelines issued by World Health Organisation. Share and spread these to as many people as possible. #calisthenics #corona #coronavirus #coronas #coronavirusoutbreak #coronavirusmemes #coronaviruses #coronavirusindia #coronaviruschina #coronavirusfrance #coronavirus2020 #coronavirusnews #coronavirusawareness #coronavirusupdate #coronavirusprevention #coronavirusalert #fithimachal♥️ #dharamshala @dharamshalalocal #corona #coronavirus #coronaviruschina #coronavirusoutbreak #coronavirusmemes #coronavirusindia #coronavírus #coronaviruses #safetyfirst #virus #worldhealthorganization #coronavirus2020 #coronavirusnews #foodsafety,01/29/2020,en,English,positive
B75ZnlEl_Cn,"Sanitisers are running out! Eliminate germs and bacteria during this current disease outbreak 🦠 
Keep yourself sanitised with our handmade sanitiser by @rasia.mincmarket , made with  alcohol & essential oils. Spray on your hands, computer, handphone, toilet seats, etc to kill those germs!
.

DM us or WA +6011-2321 2215
.
#sanitiser #handsanitiser #bacteriafree #essentialoils #coronavirusawareness",01/29/2020,en,English,negative
B75s33ylUb8,"“The Virus is unpredictable”
“There is no specific treatment or vaccine for the CoV”

#coronavirus #coronavirusawareness #wearmask #saftyfirst #besafe #CoV #srilanka #china",01/29/2020,en,English,neutral
B74g7UqJJ8c,PSA 🗣🗣🗣🗣🗣 !!! Stay safe Champions!💪🏽💪🏽💪🏽 #YouCanSitWithUs #Championsofcovenantchapel #PSA #Coronavirusawareness #StaySafe #WashUp,01/29/2020,en,English,positive
B75G5IjFwNY,"As the Novel Coronavirus outbreak is being monitored in India, it is crucial to educate yourself about this illness and spread awareness. Make sure you take the necessary steps to protect yourself and your loved ones!

#motherhoodhospitals #coronavirus #coronavirusoutbreak #coronavirus2020 #healthcare #hospital #coronavirusawareness",01/29/2020,en,English,positive
B755Pe7F6Ce,Here’s what to do if you are travelling! Spread and share the steps you can follow to stay clear of the Corona Virus outbreak . These are the guidelines issued by World Health Organisation. Share and spread these to as many people as possible. #calisthenics #corona #coronavirus #coronas #coronavirusoutbreak #coronavirusmemes #coronaviruses #coronavirusindia #coronaviruschina #coronavirusfrance #coronavirus2020 #coronavirusnews #coronavirusawareness #coronavirusupdate #coronavirusprevention #coronavirusalert #fithimachal♥️ #dharamshala @dharamshalalocal,01/29/2020,en,English,positive
B75_3vYJUPf,"Progress of the work done at the construction site for the second hospital called “Leishenshan Hospital” in Wuhan on Jan 28th, 2020. With a capacity of 1300 beds this hospital is scheduled to start operations within half a month.

Not to be confused with the first hospital currently under construction in Wuhan named the “Huoshenshan Hospital”. This hospital is set to be ready by February 3rd, 2020 with a capacity of 1000 beds.

中国加油(china jiayou)=China you can do it, keep fighting!
#ChinaJiayou #wuhancoronavirus #coronavirus #chinavirus #coronaviruschina #chinacoronavirus #wuhancoronaoutbreak #chinavirusnews #corona #coronavirusawareness #wuhan #wuhanvirus #武汉加油 #中国加油",01/29/2020,en,English,positive
B75mSzThXmx,"The United Arab Emirates (UAE) has confirmed the first cases in the Middle East of the new deadly coronavirus, saying that doctors were treating a family that had recently come from a city at the centre of the outbreak.

The UAE's Ministry of Health said on Wednesday it had diagnosed the coronavirus in the Chinese family. Those diagnosed with the virus were in stable condition and under medical observation, the ministry said in a statement carried by the state news agency WAM.

It was not immediately clear how many people have been infected or which of the seven emirates the cases had been detected in.
•
•
•
•
#coronavírus #coronavirusEmirates #naturetv #coronavirus2020 #coronavirusnews #coronaviruschino #coronavirusinUAE  #coronaviruswuhan #natureviral #coronavirusmeme #naturenews #coronavirusdewuhan #coronavirusawareness #coronavirüs #coronavirusmemes #coronavirusoutbreak2020 #coronavirus #coronavirusupdate #coronavirusindia  #coronaviruschina #coronavirüsü #coronavirusprevention #coronavirusoutbreak #coronavirusu #coronavirus😷 #coronaviruses",01/29/2020,en,English,positive
B75EFOqh4p_,"STAY SAFE EVERYONE!! 😷😷😷 CORONAVIRUS
Latest coronavirus outbreak toll: 106 deaths, 4682 cases across 18 countries 🦠
.
#toscanamediclinic #staysafeeveryone
#coronavirus #coronavirusoutbreak #coronaviruses #wuhanvirus #wuhancoronavirus #coronaviruschina #coronavirus2020 #coronavirusawareness",01/29/2020,en,English,positive
B75ILZmFIf6,"Homeopathy works on the principle of activating the body's own defences to fight diseases. It not only helps in building immunity against infections but also builds resistance to diseases. 
Prevent the Corona Virus infection by strengthening thy immune system! Watch what Dr Shital Shah says about this afeared virus!
.
.
.

#coronaviruses #coronavirusoutbreak 
#coronavirusawareness #homeopathictreatment #homeopathyworksforme #homeopathyheals #homeopath #homeopathyrocks #ahmedabaddoctors #ahmedabadcity #ahmedabadbased #homeopathydoctor #homeopathyconsultant",01/29/2020,en,English,positive
B76EJmFJge6,"These days people all over China try to stay indoors as much as possible. Still, food has to be bought and with most courier service still on holiday break walking to the nearby supermarket is the only option. In many cities wearing a face mask is mandatory. Underground staff have passengers removed from the station if they don’t wear a mask. This mother was especially creative in her way to extra protect her child and herself during these difficult times.

中国加油(china jiayou)=China you can do it, keep fighting!
#ChinaJiayou #wuhancoronavirus #coronavirus #chinavirus #coronaviruschina #gchinacoronavirus #wuhancoronaoutbreak #chinavirusnews #corona #coronavirusawareness #wuhan #wuhanvirus #武汉加油 #中国加油",01/29/2020,en,English,positive
B75Y6gfJCRe,"Eliminate germs and bacteria during this current disease outbreak 🦠 
Keep yourself sanitised with our sanitiser, made with  alcohol & essential oils. Spray on your hands, computer, handphone, toilet seats, etc to kill those germs!
. 
DM us or WA +6011-2321 2215
.
#sanitiser #handsanitiser #bacteriafree #essentialoils #coronavirusawareness",01/29/2020,en,English,negative
B750A1YFPWW,Here’s what you can do to be on a safer side ! Spread and share the steps you can follow to stay clear of the Corona Virus outbreak . These are the guidelines issued by World Health Organisation. Share and spread these to as many people as possible. #calisthenics #corona #coronavirus #coronas #coronavirusoutbreak #coronavirusmemes #coronaviruses #coronavirusindia #coronaviruschina #coronavirusfrance #coronavirus2020 #coronavirusnews #coronavirusawareness #coronavirusupdate #coronavirusprevention #coronavirusalert #fithimachal♥️ #dharamshala @dharamshalalocal  #besafe #worldhealthorganization,01/29/2020,en,English,positive
B75Kjy_qmob,"Follow these to keep yourself safe and protected from 'Coronavirus' infection.

source- @who
#BeyondPrescription #NickyAIMS #coronavirus #corona #coronaviruscinese #virus #staysafe #viral #worldnews #china #coronavirusawareness #coronavirusawareness😷 #coronavirusawarenessmonth",01/29/2020,en,English,positive
B75ItymJfSf,"There's been all kinds of videos, information and rumors about this #wuhanvirus. . . 
As much as we want people to be aware, don't be an instrument for spreading unverified claims that produce panic and fear abeg. . . 
DON'T BE A #coronavirus 🙄
. . 
Spread the word like this 👇
. . 
So be strong and courageous! Do not be afraid and do not panic before them. For the Lord your God will personally go ahead of you. He will neither fail you nor abandon you.” Deuteronomy 31:6 NLT . . 
Follow the link in bio to watch full video",01/29/2020,en,English,negative
B7483d7DDYQ,"In China people are death 
Follow for more @realcoronavirusinchina
#coronavirus #coronavirus2020 #coronavirusfrance #coronavirusprevention #coronavirus #coronaviruses #coronavirusoutbreak #coronavirusecuador #coronavirusoutbreak2020 #coronavirusmemes #coronavírus #coronaviruschina #coronavirüs #coronavirüsü #coronavirusnews #coronavirusbrasil #coronaviruschino #coronavirusu #coronavirusdewuhan #coronavirusawareness #coronavirusupdate #coronavirusindonesia",01/29/2020,en,English,negative
B75zQFKJuig,"For Daily Updates and latest news,
 follow @currentaffairss2020 
#news #breakingnews  #newspaper #goodnews  #instanews #newsletter #news #newspaper #breakingnews #newstuff #foxnews #currentlyreading #currentsituation #currentaffairs #currentaffairs4exams #currentaffairs2020 #corona #coronavirus #coronavirusoutbreak #china #death #infectedperson #coronaviruschina  #coronavirusindia #coronavirusawareness #jaipur #jaipurtalks #kolkata #biharnews #patna #coronaviruskolkata",01/29/2020,en,English,neutral
B76CuMypAHp,"A reporter asks Ms. Hu, a nurse at Wuhan University Hospital’s emergency center, whether she thought about the risk of getting contaminated herself. She answers that she isn’t too worried, if she really got sick she is sure that her colleagues would safe her. A lot of medical staff from the area and the rest of China are working relentlessly at the frontline in Wuhan with the numbers of patients increasing from day to day. During work they don’t drink or use the bathroom for an entire shift out of fear to waste time and run through protective clothes too quickly.

中国加油(china jiayou)=China you can do it, keep fighting!
#ChinaJiayou #wuhancoronavirus #coronavirus #chinavirus #coronaviruschina #gchinacoronavirus #wuhancoronaoutbreak #chinavirusnews #corona #coronavirusawareness #wuhan #wuhanvirus #武汉加油 #中国加油",01/29/2020,en,English,negative
B76JPPCBoRo,"For fear of the unknown on Coronavirus, the Federal Competition and Consumer Protection Commission, (FCCPC) on Wednesday morning shut Panda Supermarket, Jabi after a “confirmed allegation” of illegally imported seafood from China was delivered in the stores.
•
•
In a tweet from the FCCPC Twitter handle, the agency revealed that there was an unscheduled “spot check on a concealed food store within Panda Supermarket, Jabi, Abuja.” on Tuesday.
•
•
#natureviral #coronavirusprevention #coronavirusalert #coronavirüsü #coronaviruschino #coronavirusu #coronavirusmeme #coronavirusdewuhan #coronavirusoutbreak2020 #coronavírus #coronavirus😷 #coronaviruses #naturenews #coronavirusindia #naturetv #coronavirusnews #coronavirusupdate #coronaviruschina #coronavirüs #coronavirusoutbreak #coronavirus2020 #coronavirus #coronavirusfrance #coronavirusmemes #coronaviruswuhan #coronavirusindonesia #coronavirusawareness",01/29/2020,en,English,negative
B751psJp6Md,"Corona Virus is a large group of viruses which can infect both humans and animals with cold related diseases.

The intensity of infection typically ranges from common cold to respiratory syndrome. But some forms like SARS and MERS can be lethal.

MERS (Middle East Respiratory Syndrome) and
SARS ( Severe Acute Respiratory Syndrome) both belong to the group of Corona Viruses. SARS however is more severe than other Corona Virus infections.

Following these health tips can keep you away from getting infected.

#Amrutam #CoronaVirus #CoronaVirusOutbreak #CoronaVirusAwareness #Healthcare #Healthtips",01/29/2020,en,English,negative
B78JFsYJlUj,"The death toll from China's coronavirus epidemic has jumped to 170 with 38 more fatalities reported mainly from the worst-affected central Hubei province while confirming more than 1,700 new infections,  the government said on Thursday.

#pakistan #china #coronavirus #coronavirusupdates #chinavirus #wuhanvirus #wuhan #hubie #chinese #concepttvlive #newsupdates #concepttvnews #pakistanzindabad",01/30/2020,en,English,negative
B79RgFJnW2Z,"Coronavirus

Some students have reached out with a concern for the Coronavirus. 
We appreciate this concern, and the University understands that many students are concerned about the Coronavirus. 
For this reason, the University has created a website for updates on the Coronavirus. Please see link in bio for the official website. 
This site will be updated as more information becomes available. 
#coronavirus #UofT #universityoftoronto #UCRegistrar #coronavirusupdates",01/30/2020,en,English,positive
B78qIxFFrr8,"Coronavirus nCoV Update 
Cases: 8,247
Deaths: 171

Jan 30 - 14:49 GMT

#coronavirus #coronavirusupdates  #coronavirus888",01/30/2020,en,English,neutral
B79GLzblznU,A look at how some countries are screening travellers in the wake of the novel coronavirus outbreak #coronavirus #coronavirusupdates  #coronavirus888 https://www.thestar.com/news/world/2020/01/29/how-does-canadas-approach-to-screening-of-travellers-from-china-differ-from-other-countries-following-coronavirus-outbreak.html,01/30/2020,en,English,neutral
B77VQT4lpFV,"Coronavirus nCoV Top 10 Countries (# of confirmed cases)
China: 7,678
Thailand: 14
Japan: 11
Hong Kong: 10
Singapore: 10
Taiwan: 8
Australia: 7
Macau: 7 
Malaysia: 7
France: 5
USA: 5

Jan 30 - 02:23 GMT
#coronavirus  #coronavirusupdates  #Coronavirus888",01/30/2020,en,English,neutral
B78yqXYF_q_,"Two residents walk through the empty Jiangtan park on January 2 in Wuhan, at the center of the outbreak. #coronavirus #coronavirusupdates  #coronavirus888",01/30/2020,en,English,neutral
B78nYgllhau,"Chinese health workers standby to check the temperature of travelers entering a subway station in Beijing, China, on January 25.  #coronavirus #coronavirusupdates #Coronavirus888",01/30/2020,en,English,neutral
B79Nc5bF_eQ,WHO declares new coronavirus an international public health emergency #coronavirus #coronavirusupdates  #coronavirus888 #coronavirusoutbreak,01/30/2020,en,English,negative
B77VbHrlYGr,"Coronavirus nCoV Top 10 Regions in China (cc-confirmed cases & d-deaths)
Hubei: cc 4,586 d 162
Zhejiang: cc 428 d 0
Guangdong: cc 311 d 0
Henan: cc 278 d 2
Hunan: cc 277 d 0
Anhui: cc 200 d 0
Chongqing: cc 165 d 0
Jianxi: cc 162 d 0
Shandong: cc 145 d 0
Sichuan: cc 142 d 1

Jan 30 - 02:26 GMT
#coronavirus #coronavirusupdates #Coronavirus888",01/30/2020,en,English,neutral
B79AmIel8PW,A man wears protective gear as he stands in a nearly empty street during the Chinese New Year holiday on January 26 in Beijing. #coronavirus #coronavirusupdates  #coronavirus888,01/30/2020,en,English,positive
B78_73YAcs3,"With MrOwl, you can get the latest updates about medical news from around the world including news on the coronavirus as well as do a bit of your own personal research on the matter. With Social Cloud Storage, you can be prepared, responsible and well informed. 
#socialcloudstorage #mrowl #coronavirusupdates #news #medicine #selfcare #patient #newsupdates #worldnews #app #newapp #personalplanning #research #onlinecommunities #healthy #lifestyle",01/30/2020,en,English,positive
B77UEynFOBc,"Coronavirus nCoV Update 
Cases: 7,783
Deaths: 170

Jan 30 - 02:17 GMT

#coronavirus #coronavirusupdates  #coronavirus888",01/30/2020,en,English,neutral
B78nms9pEd_,"India and Philippines on Thursday confirmed their first cases in the coronavirus outbreak which originated from China.

#pakistan #india #wuhan #philippines #indian #kerala #Keralastates #coronavirus #virus #coronavirusupdates #concepttvlive #concepttvnews #pakistanzindabad",01/30/2020,en,English,neutral
B780leHl2eK,Some improvised face masks in China #coronavirus #coronavirusupdates  #coronavirus888,01/30/2020,en,English,neutral
B77oPbgIpj8,"Apple closes two more China stores on coronavirus worries⠀
⠀
Three of its retail locations in the Asian country have been temporarily shuttered as the disease continues to spread.⠀
⠀
Apple has temporarily shuttered two more stores in China, bringing the total closed as of Wednesday to three, as worries about the coronavirus rock the globe.⠀
⠀
Apple CEO Tim Cook on Tuesday said Apple had closed its Qingdao store earlier this week as a precaution. Two more stores, in Fuzhou and Nanjing, are now also closed because the malls they're located in have been temporarily shuttered. ⠀
CNET⠀
BY SHARA  TIBKEN⠀
⠀
#applestoresg #applestoresanfrancisco #applestores #applestoreshinjuku  #applestorechina  #coronavirusupdates #coronavirüs #coronavírus #coronavirusnews #coronaviruschina #coronavirus #coronavirusoutbreak2020 #coronavirusoutbreak #coronavirusawareness  #technique #technical #technews #technology #techie #techlife #techlover  #appleiphone8plus #appleiphonexmax #appleiphone11pro #appleiphone11promax #appleiphonexs #appleiphone12 #appleiphonexsmax  #timcookemusic #timcookapple ⠀
⠀
CNET⠀
BY RICK  BROIDA⠀",01/30/2020,en,English,negative
B79KxD3Fpns,Satellite images show lack of activity in Wuhan before coronavirus and now  #coronavirus #coronavirusupdates  #coronavirus888,01/30/2020,en,English,negative
B78dwT_J-j_,#nanoinfluencer #microinfluencer #influencer #k #discoverunder #influencerlife #influencerlifestyle #influencerswanted #coronavirus #eventhosting #gogroupado #eventplanner #influencercollab #groupado #bloggerlifestyle #eventexperiences #purposefulbrand #coronavirusawareness #experiences #instagood #instafriends #businessopportunity #influencerminded #globalimpact #curatedevents #blogger #influencermarketing #microinfluencers #mtbiking #bhfyp,01/30/2020,en,English,neutral
B79dHPogjuQ,":
While watching jurasic docus back in the 90s, one of the theory of extinction is migration. The top theory is the comet impact. 
The reason why crocodiles survive is they stayed. 
The grovy ones, travel and got diseases from the new place or they spread illness what they carry. 
Be safe.
Clean and segragate garbage.
Avoid eating exotic food.
Take care of the environment.

Enjoy

#coronavirusawareness
#cleanenvironment
#savetheearth
#wastesegregation
#awareness",01/30/2020,en,English,positive
B79LiF6BtkC,#coronavirusoutbreak #caronavirus #coronavirusoutbreak2020 #coronavirusawareness #coronavirus #corona #truth #pinquotes #advicequotes #reality #quoteoftheday #quotes #quote #quotesdaily #quotestoliveby #twelveskip #instadaily #reminder #instaquote #lifeiswhatyoumakeit #staystrong #igers,01/30/2020,en,English,neutral
B79QyqohdUy,"The basis for creating a healthy lifestyle is finding the perfect balance in your life and of course, eating a healthy diet. This includes varied meals with fresh fruits, crunchy vegetables and lots of water. 
The corona virus is scary! Keep your immune system strong and do all the health department recommendation. A simple solution that I include is complete by juice plus. #coronavirusawareness #healthylifestyleeveryday #juiceplusboosters #familycaringforfamily",01/30/2020,en,English,positive
B78rrRjn9_a,"One positive case of Novel Coronavirus patient, of a student studying in Wuhan University, has been reported in Kerala.

The patient has tested positive for Novel Coronavirus and is in isolation in the hospital.

The patient is stable and is being closely monitored.

Follow Now:@the_knowledge_gainer for more such Amazing Content ❤️
.
.
.
.
.
.
.
.
#coronavirusindia #coronavirus #coronavirusoutbreak #corona #kerala #coronaviruschina #india #china #wuhan #coronaviruses #coronavirusmemes #wuhanvirus #coronavírus #wuhancoronavirus #virus #coronavirusnews #coronavirusprevention #coronavirusawareness #breakingnews #health #worldhealthorganization #novelcoronavirus #chinavirus #coronavirüs #coronarvirus #staysafe #wuhanchina #chinacoronavirus #coronaoutbreak",01/30/2020,en,English,positive
B79iJq-AZb9,Stop Wildlife trade  #StopExtinction #wildlife #conservation #education #animals  #coronavirusoutbreak  #coronavirusprevention #coronavirus #coronavirusawareness  #coronavirus2020 #coronavirusnews,01/30/2020,en,English,neutral
B78q1JRo2uV,#contagio #contagious #contagiato #coronavirus #coronavirusoutbreak #coronavirusmemes #coronaviruses #coronavírus #coronavirus2020 #coronavirüs #coronavirusnews #coronavirusawareness #coronavirusinfection #bookstagram #book #booklover #bookphotography #books #bookstagrammer #bookstagramitalia #bookshelf #booksbooksbooks #books📚 #bookshop #bookstore #booksonbooks #bookseries #bookseller #booksleeve #booksmart,01/30/2020,en,English,neutral
B78us8Pp8oZ,"This factory specializing in the production of medical gloves for export is working overtime in order to get a donation of 600,000 gloves to Wuhan on the road. Most factories producing supplies needed in Wuhan work 24/7 without the machines stopping. Workers have 12 hours shifts. Normally the whole of China would have been on Chinese New Year holidays until today, January 30th. Workers have been asked early on to cancel all their plans and stay at work. Employees who had already left returned to work.

中国加油(china jiayou)=China you can do it, keep fighting!
#ChinaJiayou #wuhancoronavirus #coronavirus #chinavirus #coronaviruschina #chinacoronavirus #wuhancoronaoutbreak #chinavirusnews #corona #coronavirusawareness #wuhan #wuhanvirus #武汉加油 #中国加油",01/30/2020,en,English,negative
B78sDTPFkZZ,Prevent viruses from entering your system. Use the necessary masks but don’t forget to guard your immune system. Eat these power foods which are high in Vitamin C 💪🏻 #coronavirus #coronavirusawareness #coronavirusprevention #immunesystem #immunebooster,01/30/2020,en,English,positive
B78q0LMoiB3,#contagio #contagious #contagiato #coronavirus #coronavirusoutbreak #coronavirusmemes #coronaviruses #coronavírus #coronavirus2020 #coronavirüs #coronavirusnews #coronavirusawareness #coronavirusinfection #bookstagram #book #booklover #bookphotography #books #bookstagrammer #bookstagramitalia #bookshelf #booksbooksbooks #books📚 #bookshop #bookstore #booksonbooks #bookseries #bookseller #booksleeve #booksmart,01/30/2020,en,English,neutral
B78uAAlpZhX,"We are seeing people around us roam with the masks in...MetroStaions... Clinics..Grocery Stores...Shopping Malls basically every public place...... Some Information about surgical masks....Thank you so much @radiomirchiuae this is simply informative..and worth sharing✌✌ Here's what you need to know !!! AVOID AVOID AVOID all public places ....
PREVENTION IS BETTER AS THERE IS NO CURE !!! #uaebaby #uaelife🇦🇪 #bloggersofinstagram #uaemombloggers #mommygoals #momsuae #mumsmums #mums #indianladies #corona #RadioMirchiUAE #surgicalmasks #awareness #coronavirusawareness #instablogger #instablog",01/30/2020,en,English,negative
B78wD9Np9Bh,"This short video shows the importance of isolating oneself during this difficult time period in China. The holidays in the whole of China have been extended and schools and universities don’t open until further notice. For those working in Shanghai for example it means that essential staff is set to resume work on February 3rd, and all others should not report to work before February 10th. Normally the official Chinese New Year holidays would have ended today January 30th. Everyone is reminded that it is best to just stay put and not to go out unless really necessary, and then only with a face mask. 中国加油(china jiayou)=China you can do it, keep fighting!

#ChinaJiayou #wuhancoronavirus #coronavirus #chinavirus #coronaviruschina #chinacoronavirus #wuhancoronaoutbreak y#chinavirusnews #corona #coronavirusawareness #wuhan #wuhanvirus #武汉加油 #中国加油",01/30/2020,en,English,positive
B78nbpcAMHh,"""I hope this song becomes an anthem for the world to sing as we all work together to Fight the Virus."" Alvin Oon

#coronavirus 
#viruscorona
#2019ncov
#wuhan 
#pneumoniawuhan
#publichealth 
#coronavirusawareness
#alvinOon",01/30/2020,en,English,positive
B78sQ1dp11p,"👉👉👍👍Follow me for more funny memes of 2020😂😂
#china
#wuhan
#disease 
#virus
#plague
#plaguedoctormemes
#coronavirustips 
#coronavirus 
#coronavirusnews 
#coronavirusindia 
#coronavirusprevention 
#coronavirusoutbreak
#coronavirusu
#coronavirusawareness 
#coronavirusfacts",01/30/2020,en,English,positive
B79bWR7AHBK,"You only live once. 
Might as well have fun! 
Spend time with family. 
Clean your hands more often.
Drink more water!
.
.
.
#sistergoals👭 #anysongchallenge #blesseveryone #coronavirusawareness",01/30/2020,en,English,positive
B78sWK8HnFa,Please see advice on how to reduce the risk of coronavirus infection. We have emailed all residents with advice and guidance. Please do not hesitate to contact us should you need to discuss. #coronavirus #worldhealthorganization #coronavirusawareness #yourhealthmattersmost #thecubeloughborough #crmstudents,01/30/2020,en,English,negative
B78ztPhp0zM,"This song named “Wuhan stay strong” has been circulating online. I particularly liked watching the interpretation of this cute young Chinese boy, since it makes subtitles (nearly) unnecessary. Music can cross borders and give us hope that this period of darkness can soon be overcome if we all keep fighting this virus as a unity!

中国加油(china jiayou)=China you can do it, keep fighting!
#ChinaJiayou #wuhancoronavirus #coronavirus #chinavirus #coronaviruschina #chinacoronavirus #wuhancoronaoutbreak y#chinavirusnews #corona #coronavirusawareness #wuhan #wuhanvirus #武汉加油 #中国加油",01/30/2020,en,English,positive
B78vdNOpYyQ,"You can follow these Ayurvedic remedies to keep away from the infection of Corona Virus. Also share it with your close ones to keep them healthy and safe from the infection.

#Amtutam #Ayurveda #CoronaVirus #Homeremedies #Ayurvedictips #Ayurvedicremedies #CoronaVirusOutbreak #CoronaVirusAwareness",01/30/2020,en,English,positive
B78zmrdJyki,"naku interest poyindi.😂
.do follow @trendytrollers2.o
.
.
.
.#coronavirus #coronavírus #coronaviruses #coronavirüsü #coronavirusoutbreak #coronavirüs #coronaviruschina #coronaviruschino #coronavirusdewuhan #coronavirusawareness #coronavirussucks #coronaviruscanino #coronavirusmeme #coronaviruswuhan #coronavirusinfection #coronavirus2020 #coronavırus #coronavirusfelino #coronavirusfree",01/30/2020,en,English,neutral
B78vQzCh6wv,"Coronavirus is a new kind of common virus which came under notice on 31 December 2019 when  WHO was alerted about cases of pneumonia in 
Wuhan City, Hubei Province of China.

On 30th January,2020 a case of coronavirus is confirmed in the southern state of Kerala. As per sources, the patient is  a female student at Wuhan University in China, tested positive for the novel coronavirus after returning to Kerala.
.
.

Click on link in bio to know about:- Common Symptoms of Coronavirus , Coronavirus prevention and Coronavirus treatment
.
.
Follow us @instanews.adm
Tags-
#corona #coronavirus #coronaviruses #coronavirusoutbreak #coronaindia #coronainindia #coronaviruschina #disease #death #coronavirusinfo #coronavirusindia #coronavirusinfection #coronavirus2019 #coronavirusawareness #coronavirus2019ncov #coronatreatment #keralacoronavirus #keralacorona #coronaviruskerala",01/30/2020,en,English,positive
B78ErNGg6qk,"#Coronavirus: one positive case reported in #Kerala... FOLLOW: @hashttag.news for more “FLASH UPDATES”. ———————————————————————— India 🇮🇳: ⠀
⠀
A student in Kerala had been studying at China's Wuhan University. The patient is being monitored in hospital and is currently stable⠀ ————————————————————————⠀⠀⠀⠀
FOLLOW: @hashttag.news⠀⠀⠀⠀⠀⠀⠀⠀⠀⠀⠀⠀⠀
⠀⠀⠀⠀⠀⠀⠀⠀⠀⠀⠀⠀⠀
FOLLOW: @hashtag.cinemas⠀⠀⠀⠀⠀⠀⠀⠀⠀⠀⠀⠀⠀
⠀⠀⠀⠀⠀⠀⠀⠀⠀⠀⠀⠀⠀
FOLLOW: @hashtag.memz ———————————————————————— #nCoV2020 #CoronaVirusIndia #coronavirus #coronaviruses #coronaviruschina #coronavirusoutbreak #coronavírus #coronavirüs #coronavirusmemes #coronaviruschino #coronavirusupdate #coronavirusawareness #coronavirusnews #coronavirus2020 #WorldHealthOrganization #CHINAvirus #china #virus #India #Seithigal.  #CoronavirusWho #coronaviruschina #CoronaVirusKerala #keralavirus  #coronarvirues #keralacoronavirus #kerala. #CoronavirusOutbreak.",01/30/2020,en,English,positive
B77ZZS9gJWR,"Precaution is better than Cure

#keepsafe #coronavirusawareness 
#spreadawareness  #coronavirus 
#preventionisbetterthancure",01/30/2020,en,English,neutral
B78DrqtBo5H,"The Centers for Disease Control and Prevention @cdcgov  is closely monitoring an outbreak of respiratory illness caused by a novel (new) coronavirus. There is no evidence that person-to-person transmission has occurred in Orange County. Although the risk of infection to the public in Orange County is believed to be low, we must take precautionary actions to lower our chances of getting ill. 
Learn more about coronavirus: http://bit.ly/2uHbNMI
#coronavirus #coronavirusoutbreak #coronavirusawareness #coronavirus2020 #coronavirusoutbreak2020 #publichealth #ochealth #orangecounty #costamesa #newportbeach #costamesaurgentcare #costamesacalifornia #healthawareness",01/30/2020,en,English,negative
B77oAqfAE1S,"Common human coronaviruses
Common human coronaviruses, including types 229E, NL63, OC43, and HKU1, usually cause mild to moderate upper-respiratory tract illnesses, like the common cold. Most people get infected with these viruses at some point in their lives. These illnesses usually only last for a short amount of time. Symptoms may include:
😪 Runny nose
🤕 Headache
🤧 Cough
🤐 Sore throat
🤒 Fever
😷 a general feeling of being unwell
____________________________
Source: CDC Website©️
🔻Online Store🔻
🌐 HealthcareShops.ca
🔒 SSL Encrypted Checkout
#coronavirus #coronavirusoutbreak #coronavirusmemes #coronaviruses #coronaviruschina #coronavirus2020 #coronavirusawareness #news #healthylifestyle #healthcareshops #healthcare",01/30/2020,en,English,negative
B78W2jhg0hP,"With the recent Corona Virus outbreak, we can see that worries are sweeping over our lovely nation, Malaysia.
.
This epidemic hits close to our land.
.
We at AVANA would like to encourage everyone to stay healthy and alert at all time.
.
To all the medical workers who fight on the front line, we want to express our sympathy and salute to you.
.
To all the patients, you're so much braver than you thought.
.
Keep fighting and stay positive.
.
You're not alone.
.
#coronavirus #coronavirusawareness #awareness #healthawareness #coronavirusoutbreak #coronavirus2020 #coronavirusdewuhan #hygienetips #coronavirusmalaysia #awareness #avana #avanaasia #revolusiecommerce #ecommerce #ecommercemalaysia #socialcommerce #socialcommercemalaysia #belionline #jualbelionline",01/30/2020,en,English,positive
B78lMlQJnqT,"Workers in the factory that produces medical safety coats have returned early from their Chinese New Year holiday break (some had no break at all) and continue producing 24/7 with the production of supplies. Many factories have 12-hour shifts in place with machines running day and night.

中国加油(china jiayou)=China you can do it, keep fighting!
#ChinaJiayou #wuhancoronavirus #coronavirus #chinavirus #coronaviruschina #chinacoronavirus #wuhancoronaoutbreak #chinavirusnews #corona #coronavirusawareness #wuhan #wuhanvirus #武汉加油 #中国加油",01/30/2020,en,English,positive
B78VsmmJch_,when he said “erase human race to eliminate CoV”! #wearmaskplease #beextravigilant #coronavirusawareness,01/30/2020,en,English,neutral
B77LFaoHVvE,"Now that the Coronavirus has reached threat level meme, this has caused the amount of false information to Multiply. So please make sure to fact check the info. Please dont panic, but make sure to stay informed
1
1
1
1
1
1
1
1
1
1
1
1
1
1
1
1
1
1
1
1
1
1
1
1
1
1
1
1
1

1
1
1
1
1
1
1
1
1
1
1
1
1
#carona #corona #coronavirus #coronaviruses #virus #coronavirusmemes #coronaviruschina #introspection #introspectiontthought #caronavirus #caronavirusoutbreak #caronavirusmemes #caronavirusmeme #caronavirus2020  #coronavirusnews #coronavirusnews #coronavirusawareness #coronavirusupdate #coronavirusalert #coronavirüs",01/30/2020,en,English,negative
B78g8_1lA-P,"In the battle against Coronavirus, let's join hands as a community and be safe, aware and prepared. Should you or your loved ones encounter any symptoms, kindly head to your nearest hospital for a check-up.

#BeSafe #coronavirusawareness #WeAreTrivitron",01/30/2020,en,English,positive
B78mgDPFhLP,"#coronavirus 
#coronavirusawareness",01/30/2020,en,English,neutral
B777NRZhwq3,"Trying  to put on my mask for safety measures 🤣🐶.. Keep safe everyone😉
#singapore
#coronavirus #coronavirusawareness #sgdogs #dogmask #dog #dogsofinstagram  #dogs #mask.",01/30/2020,en,English,positive
B78LvsTnduI,"Coronaviruses (CoV)

What are Coronaviruses (CoV)?
Coronaviruses (CoV) are a large family of viruses that cause illness ranging from the common cold to more severe diseases such as Middle East Respiratory Syndrome (MERS-CoV) and Severe Acute Respiratory Syndrome (SARS-CoV). A novel coronavirus (nCoV) is a new strain that has not been previously identified in humans.

Transmission Process:
Coronaviruses are zoonotic, meaning they are transmitted between animals and people.
Detailed investigations found that SARS-CoV was transmitted from civet cats to humans and MERS-CoV from dromedary camels to humans. Several known coronaviruses are circulating in animals that have not yet infected humans.

Common Signs and Symptoms:
Respiratory symptoms, fever, cough, shortness of breath and breathing difficulties. In more severe cases, infection can cause pneumonia, severe acute respiratory syndrome, kidney failure and even death.

Prevention Measures:
Regular hand washing, covering mouth and nose when coughing and sneezing, thoroughly cooking meat and eggs. Avoid close contact with anyone showing symptoms of respiratory illness such as coughing and sneezing. (WHO)

For more updates please visit our Facebook page for relevant links .
.
.
.
.
#DiseaseOutbreakCoronaviruses
#DiseaseOutbreak
#Coronaviruses
#novelcoronavirus2019nCoV
#NovelCoronavirus
#CoV #coronavirusoutbreak #coronaviruschina #coronavirusnews #coronavirusawareness #coronavirusoutbreak2020",01/30/2020,en,English,negative
B78LwYlnzEH,"Coronaviruses (CoV)

What are Coronaviruses (CoV)?
Coronaviruses (CoV) are a large family of viruses that cause illness ranging from the common cold to more severe diseases such as Middle East Respiratory Syndrome (MERS-CoV) and Severe Acute Respiratory Syndrome (SARS-CoV). A novel coronavirus (nCoV) is a new strain that has not been previously identified in humans.

Transmission Process:
Coronaviruses are zoonotic, meaning they are transmitted between animals and people.
Detailed investigations found that SARS-CoV was transmitted from civet cats to humans and MERS-CoV from dromedary camels to humans. Several known coronaviruses are circulating in animals that have not yet infected humans.

Common Signs and Symptoms:
Respiratory symptoms, fever, cough, shortness of breath and breathing difficulties. In more severe cases, infection can cause pneumonia, severe acute respiratory syndrome, kidney failure and even death.

Prevention Measures:
Regular hand washing, covering mouth and nose when coughing and sneezing, thoroughly cooking meat and eggs. Avoid close contact with anyone showing symptoms of respiratory illness such as coughing and sneezing. (WHO)

For more updates please visit our Facebook page for relevant links .
.
.
.
.
#DiseaseOutbreakCoronaviruses
#DiseaseOutbreak
#Coronaviruses
#novelcoronavirus2019nCoV
#NovelCoronavirus
#CoV #coronavirusoutbreak #coronaviruschina #coronavirusnews #coronavirusawareness #coronavirusoutbreak2020",01/30/2020,en,English,negative
B78BN5bpZl1,Our prayers goes out to all #Coronavirus victims. #coronavirusoutbreak #coronaviruschina #coronavirus2020 #coronavirusnews #coronaviruswuhan #coronavirusprotection #coronavirusawareness #coronavirusupdate #coronavirüs #coronavirusnews,01/30/2020,en,English,negative
B78aEe0lp0Q,"Especially by World Health Organization

#corona #coronavirus #coronaviruschina #coronavirusmemes #coronavirusawareness #coronavirus2020 #who #worldhealthorganization #worldhealthorganisation #awareness",01/30/2020,en,English,neutral
B777GeehZnq,"Tips from @hemashospitalssrilanka to secure yourself and others from coronavirus 🦠
...
...
#coronavirus #coronavirusawareness #hemas #srilanka #hemaswellness #coronavirus2020",01/30/2020,en,English,positive
B77rqsdBwmS,"Guidelines by @cdcgov_x000D_Orange County has one confirmed case of novel coronavirus. However, there is no evidence that person-to-person transmission has occurred in Orange County. Although risk of infection to public in Orange County is believed to be low, we must take precautionary actions to lower our chances of getting ill. _x000D_Learn more about coronavirus: http://bit.ly/2uHbNMI
_x000D_#novelcoronavirus #coronavirus #coronovirus2020 #coronavirusawareness #coronavirusoutbreak#publichealth #hygeine #awareness #flu #cdc #china #ochealth #orangecounty #irvine #irvineca #irvinecalifornia #tustin #santaana #anaheim #urgentcare",01/30/2020,en,English,positive
B77lJgZHPpo,"Keep Safe👍 
#protection #coronavirusawareness #vlogger #dubai #safetyfirst",01/30/2020,en,English,positive
B78oprkJCo3,"Medical staff at the hospitals in Wuhan is working hard to fight the corona virus. In order not to waste time or supplies they don’t take off their gear during the entire shift. The face mask has left a mark on their faces. They also avoid drinking in order not to have to use the bathroom.

中国加油(china jiayou)=China you can do it, keep fighting!
#ChinaJiayou #wuhancoronavirus #coronavirus #chinavirus #coronaviruschina #chinacoronavirus #wuhancoronaoutbreak #chinavirusnews #corona #coronavirusawareness #wuhan #wuhanvirus #武汉加油 #中国加油",01/30/2020,en,English,negative
B78cM7EDIpC,"Tag your meme buddies to gain extra protection from kung flus

#memes #meme #dankmeme #corona #coronavirus #coronavirusmemes #funny #laugh #viral #wuhan #china #prayforwuhan #edgymeme #funnymeme #ncov #patrick #patrickstar #patrickstarmemes #wuhanchina #coronavirusawareness",01/30/2020,en,English,positive
B78BlgcjSVv,"#coronavirusawareness 🦠
💫Protect Yourself and others from getting sick.
👉🏻Novel Coronavirus (2019-nCoV) advice for the public:
🦠Frequently clean hands by using alcohol-based hand rub or soap and water.
🦠When coughing and sneezing, cover mouth and nose with flexed elbow or tissue – throw tissue away immediately and wash hands.
🦠Avoid close contact with anyone who has fever and cough.
🦠If you have fever, cough and/or difficulty breathing, seek medical care early and share previous travel history with your health care provider.
🦠When visiting live markets in areas currently experiencing cases of Novel Coronavirus, avoid direct unprotected contact with live animals and surfaces in contact with animals.
🦠The consumption of animal products should be avoided.
Avoid non-vegetarian foods, specially sea food, and opt for a fully vegetarian diet, atleast till the full extent of the virus can be identified.
.
.
.
#morepen #drmorepen #drmorepenltd #drmorepenlimited #virus #coronavirus #coronavirus2020 #coronavirusoutbreak #coronaviruschina #coronavirusnews #coronavirusprotection #coronavirusoutbreak2020 #coronavirusprevention #coronavirussymptoms",01/30/2020,en,English,positive
B77S-3ZB1eM,"Coronavirus is an infectious virus species of the Coronaviridae subgroup of the Coronaviridae family of the Niduvirus class. The genome of this virus is made up of its own RNA. Its genome size is usually between 20 and 32 kilos of base pairs, the largest of such RNA viruses.
Species : Coronaviridae
Category : Nidovirales
Subgroup : Orthocoronavirinae
Episode : Incertae sedis
Species Species : Middle East respiratory syndrome-related coronavirus
.
Coronavirus, the fear of our fellow Chinese brothers, is a group of viruses that cause diseases in mammals and birds. In humans, the virus causes respiratory infections which are typically mild but, in rare cases, can be lethal. .
The name ""Coronavirus"" is derived from the Latin ""corona"" and the Greek (korṓnē), meaning crown or halo.
.
There are no vaccines or antiviral drugs that are approved for prevention or treatment.
.
Scientists have found out that this virus is not spreading through Domestic animals such as Cows, Dogs, Cats or Rabbits. Athough it hasn’t yet reached our country, we must know the prevention of this Virus.
.
These are some recommended ways for prevention of the virus:
.
1. Wash your hands often with soap and water for at least 20 seconds. If soap and water are not available, use an alcohol-based hand sanitizer.
.
2. Avoid touching your eyes, nose, and mouth with unwashed hands.
.
3.Avoid close contact with people who are sick.
.
4.Stay home when you are sick.
.
5.Cover your cough or sneeze with a tissue, then throw the tissue in the trash.
.
6. Clean and disinfect frequently touched objects and surfaces.
.
.
.
.
.
#corona #coronavirus #coronavirusawareness #coronavirusfacts #knowledge #knowledgeispower #onlinesohopathi",01/30/2020,en,English,negative
B77pjNOlXaq,"Guidelines by @cdcgov _x000D_Orange County has one confirmed case of novel coronavirus. However, there is no evidence that person-to-person transmission has occurred in Orange County. Although risk of infection to public in Orange County is believed to be low, we must take precautionary actions to lower our chances of getting ill. _x000D_Learn more about coronavirus: http://bit.ly/2uHbNMI
_x000D_#novelcoronavirus #coronavirus #coronovirus2020 #coronavirusawareness #coronavirusoutbreak#publichealth #hygeine #awareness #flu #cdc #china #ochealth #orangecounty #fountainvalley #huntingtonbeach",01/30/2020,en,English,positive
B77bbwHnUj-,Stay safe everyone. #coronavirusawareness #coronavirusupdate #coronavirusdewuhan #coronavirusindonesia #coronavirusoutbreak #coronaviruses #coronaviruschina #coronavirüsü #coronavirusmemes #coronavirusindia #coronavirusoutbreak2020 #coronavirusalert #coronavirusfrance #coronaviruschino #coronavirusbrasil #coronavirusmeme #coronavirusnews #prilaga #coronavirusprevention #coronaviruswuhan #coronavirus😷 #coronavírus #coronavirüs #coronavirusu #coronavirus #coronavirus2020,01/30/2020,en,English,positive
B78BWExHDeq,"Doing our part for our patrons to have a worry and stress-free time while having fun!

#coronavirusawareness",01/30/2020,en,English,positive
B78iW8wpXtY,"The @who has officially declared the Coronavirus as a global health emergency.

That said, click on the link in the bio for a complete breakdown of everything we know about the virus.

#worldhealthorganization #coronavirus #2019nCoV #coronavirusoutbreak #coronaviruschina #wuhan #wuhanvirus #wuhancoronavirus #chinavirus #coronaviruses #coronavirus2020 #coronavirusnews #coronaviruswuhan #coronavirusupdate #coronavirusawareness #coronavirusalert #coronavirus😷 #coronavirusinfection #coronavirusprevention #coronavirusprotection

#Repost @who
• • • • • •
Coronaviruses are a large family of viruses that are known to cause illness ranging from the common cold to more severe disease. This is how you can protect yourself & reduce risk from #coronavirus infection:
👏🏽Hand hygiene
🤧Cover mouth & nose when coughing & sneezing
🥩Thoroughly cook meat & eggs 🌡Avoid close contact with anyone with respiratory illness
❌ Avoid close contact with wild or live farm animals",01/30/2020,en,English,negative
B77lThVnHbi,"#newsworthy
SIGNIFICANT BREAKTHROUGH I FIGHTING CORONAVIRUS 🦠
For the first time, the novel coronavirus has been grown from a cell culture outside China. 🇨🇳
•• A ""significant breakthrough"" that may help combat the deadly virus which has claimed over 130 lives and infected over 6,000 people.
•• Australian researchers said this allow accurate investigation and diagnosis of the virus globally.
•• The grown virus will be used to generate an antibody test 🧪, which allows for detection of the virus in patients who haven't begun to display symptoms.
✅ DIAGNOSIS: ""Having the real virus means we now have the ability to actually validate and verify all test methods, and compare their sensitivities and specificities. It will be a game changer for diagnosis. -- Julian Druce, researcher at The Royal Melbourne Hospital
.
#newsworthywithab
#royalmelbournehospital #australia 
#coronavirus #coronavirusoutbreak #coronaviruses #wuhanvirus #wuhancoronavirus #coronaviruschina #coronavirus2020 #coronavirusawareness #wuhanchina #wuhanvirus #wuhancoronavirus #wuhanpneumonia #wuhancity #coronavirusindia",01/30/2020,en,English,negative
B78ivmIHb9j,"#newsworthy
India has the first confirmed case of the novel coronavirus😷. Here's what we know:
•• She is a student of Wuhan University and had just returned. Her condition is stable.
•• She is under isolation at the General Hospital in Thrissur.
•• This is the first sample that has returned positive for the Coronavirus among the several hundred people who have been screened and isolated for observation.
•• The toll of the virus is steadily increasing: 132 deaths, 6,147 cases.
.
#newsworthywithab
#coronavirus #coronavirusoutbreak #coronaviruses #wuhanvirus #wuhancoronavirus #coronaviruschina #coronavirus2020 #coronavirusawareness #wuhanchina #wuhanvirus #wuhancoronavirus #wuhanpneumonia #wuhancity #coronavirusindia",01/30/2020,en,English,positive
B78k0mEBsS6,"Roll Banner & Y Banner Delivered! Laniros Dian Pharma reminding the people for Corona Virus and these to be placed at Soetta Airport!! Spot them 
Out! #rollbanner #ybanner #coronavirusawareness",01/30/2020,en,English,neutral
B78Nj6YFeFf,"Keep Safe everyone ☺️
#coronavirusawareness 😷",01/30/2020,en,English,positive
B78SDxQp4HQ,🕍#covid_19 #GB#4pm#TYC#ZNC,01/30/2020,en,English,neutral
B7-b-JhpF_q,"The Civil Aviation Authority (CAA) partially suspended all direct flight operations between China and Pakistan amid fear of deadly coronavirus.

#pakistan #china #caa #coronavirus #coronavirusoutbreak #pakchina #chinavirus #wuhan #wuhanvirus #coronavirusupdates #concepttvlive #concepttvnews #pakistanzindabad",01/31/2020,en,English,negative
B7-iZ3SnT3d,"#coronadetection #coronainPakistan #coronavirusfound #coronavirusupdates #coronavirusvaccine

https://knnhd.tv/pakistan-suspend-flight-operation-for-china/",01/31/2020,en,English,neutral
B795JzlJvCH,#nanoinfluencer #microinfluencer #influencer #k #discoverunder #influencerlife #influencerlifestyle #influencerswanted #coronavirus #eventhosting #gogroupado #eventplanner #influencercollab #groupado #bloggerlifestyle #eventexperiences #purposefulbrand #coronavirusawareness #experiences #instagood #instafriends #businessopportunity #influencerminded #globalimpact #curatedevents #blogger #influencermarketing #microinfluencers #mtbiking #bhfyp,01/31/2020,en,English,neutral
B7_ku0rJmP5,"👉👉Follow me for more latest funny memes😂😂👍👍
#china
#wuhan
#virus
#plague
#plaguememes 
#memeplague 
#coronavirustips 
#coronavirus
#corona
#coronavirusindia 
#coronavirusfacts 
#coronavirusprevention 
#coronaviruses 
#coronavirusawareness 
#coronavirusnews 
#coronavirusmemes 
#coronaviruschina 
#coronaviruspreventiontips 
#ww3 
#ww3memes",01/31/2020,en,English,positive
B7_lJHtp9yA,"👉👉Follow me for more latest funny memes😂😂👍👍
#china
#wuhan
#virus
#plague
#plaguememes 
#memeplague 
#coronavirustips 
#coronavirus
#corona
#coronavirusindia 
#coronavirusfacts 
#coronavirusprevention 
#coronaviruses 
#coronavirusawareness 
#coronavirusnews 
#coronavirusmemes 
#coronaviruschina 
#coronaviruspreventiontips 
#ww3 
#ww3memes",01/31/2020,en,English,positive
B7_n-rgnVBF,"Video from Héngyáng, China 🇨🇳
Vía @coronavirus_online .
.
.
.

#coronavirus #coronavirusoutbreak #virus #wuhan #wuhanvirus #coronaviruschina #wuhanchina #corona #coronovirus #chinavirus #wuhancoronavirus #outbreak #plagueinc #corona #coronaviruses #coronavirusfrance #coronavirus2020 #coronavirusbrasil #coronavirusnews #coronavirusecuador #coronaviruswuhan #coronavirusindiapdate #coronaviruschino #coronavirusawareness #coronavirusdewuhan #coronavirusoutbreak2020 #coronavirusaustralia #coronavirus2019",01/31/2020,en,English,neutral
B7_0D1lHOLm,"Proper hand washing can help control the risk of Coronavirus. Always remember to choose good health and wash your hands with soap and water. #TedescoServices #CoronavirusAwareness #KeepItClean #ChooseGoodHealth⠀
.⠀
.⠀
.⠀
#commercialcleaningservices #commercialcleaningbusiness #safetytips #washyourhands #sterlingheights #macombcounty #michiganbusiness",01/31/2020,en,English,positive
B7_oovnlbaA,"CORONA VIRUS SAFETY GUARD🛡️🛡
.
.
Must Try 💯💯
.
.
️#coronavirus #coronavirusoutbreak #coronaviruses #coronavirusmeme #coronavirus2020 #coronaviruschina #coronavirusfrance #coronavirusbrasil #coronavirusindia #coronavirusawareness #india #china #japan #europe #grigorigrabovoi #thehealingmystique #healingcodes",01/31/2020,en,English,positive
B7_94NmItNb,#coronavirusprotection #coronavirusmeme #coronavirus2020 #coronaviruschina #coronavirusfrance #coronavirusoutbreak #coronavirusawareness #coronaviruses #coronavirus #coronavirusinfection #coronavirusmemes #coronavirusupdate #coronaviruswuhan #coronavirusprevention #coronavirusu #coronavirus2019 #coronavirusalert #coronavirüsü #coronavirus😷 #coronavirusbrasil #prilaga #coronavirusindonesia #coronaviruschino #coronavirusdewuhan #coronavirüs #coronavirusnews #coronavirusecuador #coronavirusoutbreak2020 #coronavírus,01/31/2020,en,English,neutral
B7_YDnxJKVF,"This elderly man from Chengdu, Sichuan province has secretly donated RMB 10071 (USD$ 1452) without giving his name and walked away. He has been found and we now know that he is a sanitary worker who gave all his savings for the past five years to help Wuhan fight the corona virus. Summarizing his own words why he donated: A country is nothing without its people, people are nothing without a country. A country’s problems are the people’s problems and vice versa.

中国加油(china jiayou)=China you can do it, keep fighting!
#ChinaJiayou #wuhancoronavirus #coronavirus #chinavirus #coronaviruschina #chinacoronavirus #wuhancoronaoutbreak #chinavirusnews #corona #coronavirusawareness #wuhan #wuhanvirus #武汉加油 #中国加油",01/31/2020,en,English,negative
B7_5I0Zn3vk,"😥Wuhan, China 🇨🇳
.
.
.
.
.

#coronavirus #coronavirusoutbreak #virus #wuhan #wuhanvirus #coronaviruschina #wuhanchina #corona #coronovirus #chinavirus #wuhancoronavirus #outbreak #plagueinc #corona #coronaviruses #coronavirusfrance #coronavirus2020 #coronavirusbrasil #coronavirusnews #coronavirusecuador #coronaviruswuhan #coronavirusindiapdate #coronaviruschino #coronavirusawareness #coronavirusdewuhan #coronavirusoutbreak2020 #coronavirusaustralia #coronavirus2019",01/31/2020,en,English,neutral
B7_cWCIn12L,"Courtesy of @coronavirus_online from China 📍🇨🇳😷
.
.
.
.
#photojournalist #coronavirus #coronavirusoutbreak #virus #wuhan #wuhanvirus #coronaviruschina #wuhanchina #corona #coronovirus #chinavirus #wuhancoronavirus #outbreak #plagueinc #corona #coronaviruses #coronavirusfrance #coronavirus2020 #coronavirusbrasil #coronavirusnews #coronavirusecuador #coronaviruswuhan #coronavirusindia #coronavirusupdate #coronaviruschino #coronavirusawareness #coronavirusdewuhan #coronavirusoutbreak2020 #coronavirusaustralia #coronavirus2019 #coronavirusu",01/31/2020,en,English,positive
B7_lldFp0Bj,"👉👉Follow me for more latest funny memes😂😂👍👍
#china
#wuhan
#virus
#plague
#plaguememes 
#memeplague 
#coronavirustips 
#coronavirus
#corona
#coronavirusindia 
#coronavirusfacts 
#coronavirusprevention 
#coronaviruses 
#coronavirusawareness 
#coronavirusnews 
#coronavirusmemes 
#coronaviruschina 
#coronaviruspreventiontips 
#ww3 
#ww3memes",01/31/2020,en,English,positive
B7_k4tLpbBj,"👉👉Follow me for more latest funny memes😂😂👍👍
#china
#wuhan
#virus
#plague
#plaguememes 
#memeplague 
#coronavirustips 
#coronavirus
#corona
#coronavirusindia 
#coronavirusfacts 
#coronavirusprevention 
#coronaviruses 
#coronavirusawareness 
#coronavirusnews 
#coronavirusmemes 
#coronaviruschina 
#coronaviruspreventiontips 
#ww3 
#ww3memes",01/31/2020,en,English,positive
B7_XYSZn5rJ,"'WHO's greatest concern is if the virus spreads to countries with weaker health systems and are ill prepared to deal with it
.
.
.
.
.
#coronavirus #coronavirusoutbreak #coronavirus2020 #coronavirusupdate #coronavirusnews #coronavirusawareness",01/31/2020,en,English,negative
B7_lSj6Juey,"👉👉Follow me for more latest funny memes😂😂👍👍
#china
#wuhan
#virus
#plague
#plaguememes 
#memeplague 
#coronavirustips 
#coronavirus
#corona
#coronavirusindia 
#coronavirusfacts 
#coronavirusprevention 
#coronaviruses 
#coronavirusawareness 
#coronavirusnews 
#coronavirusmemes 
#coronaviruschina 
#coronaviruspreventiontips 
#ww3 
#ww3memes",01/31/2020,en,English,positive
B7_ldDkpIcY,"👉👉Follow me for more latest funny memes😂😂👍👍
#china
#wuhan
#virus
#plague
#plaguememes 
#memeplague 
#coronavirustips 
#coronavirus
#corona
#coronavirusindia 
#coronavirusfacts 
#coronavirusprevention 
#coronaviruses 
#coronavirusawareness 
#coronavirusnews 
#coronavirusmemes 
#coronaviruschina 
#coronaviruspreventiontips 
#ww3 
#ww3memes",01/31/2020,en,English,positive
B7_lBonpEdR,"👉👉Follow me for more latest funny memes😂😂👍👍
#china
#wuhan
#virus
#plague
#plaguememes 
#memeplague 
#coronavirustips 
#coronavirus
#corona
#coronavirusindia 
#coronavirusfacts 
#coronavirusprevention 
#coronaviruses 
#coronavirusawareness 
#coronavirusnews 
#coronavirusmemes 
#coronaviruschina 
#coronaviruspreventiontips 
#ww3 
#ww3memes",01/31/2020,en,English,positive
B7_WjyGAdff,"Today the World Health Organization announced it was declaring a public health emergency of international concern due to the spreading virus.  Common signs of infection of the new coronavirus include fever, cough, shortness of breath, and breathing difficulties.
The risk of contracting the disease in the U.S. remains low, but if you’re worried there are simple steps to take.
Wash your hands, avoid touching your face, and avoid people who are coughing or sneezing. #coronavirus #coronavirusprotection #protectyourself #coronavirusawareness #behnamofontario #charity",01/31/2020,en,English,negative
B7_o4KVHaMF,"Destroy the virus 🦠
Vía @coronavirus_online
.
.
.
.

#coronavirus#China #wuhan #coronavirusoutbreak #virus #wuhan #wuhanvirus #coronaviruschina #wuhanchina #corona #coronovirus #chinavirus #wuhancoronavirus #outbreak #plagueinc #corona #coronaviruses #coronavirusfrance #coronavirus2020 #coronavirusbrasil #coronavirusnews #coronavirusecuador #coronaviruswuhan #coronavirusindiapdate #coronaviruschino #coronavirusawareness #coronavirusdewuhan #coronavirusoutbreak2020 #coronavirusaustralia",01/31/2020,en,English,negative
B7_4kJhprtk,"CORONA VIRUS🤐🤐
This is only the sixth time such an emergency has been declared
.
.
FOLLOW: @theeditorialsofficial for more “FLASH UPDATES”. ——————————————————
WHO's Director-General #DrTedros declared the coronavirus as a #PublicHealthEmergency of international concern. 
This is only the sixth time such an emergency has been declared, with past examples including the Ebola #outbreak in the Democratic Republic of Congo and the Zika virus ———————————————⠀⠀⠀⠀⠀⠀⠀⠀⠀⠀
#CoronaVirusIndia #coronavirus #coronaviruses #coronaviruschina #coronavirusoutbreak #coronavírus #coronavirüs #coronavirusmemes #coronaviruschino #coronavirusupdate #coronavirusawareness #coronavirusnews #coronavirus2020 
#2019nCoV #worldhealthorganization #who #worldhealthorganisation #worldhealthorganisationwho #worldhealthorganization🌎 #worldhealthorganizationseria #worldhealthorganisationconference #worldhealthorg #worldhealthorginization #ncov2019 #CoronavirusOutbreak #seithigal",01/31/2020,en,English,negative
B7_Ziu0gKnv,"#Coronavirus: Once they are in Delhi, the passengers will be... FOLLOW: @hashttag.news for more “FLASH UPDATES”. ————————————————————————⠀
⠀
The first flight, AI 1348, has reached Wuhan and is expected to bring back nearly 400 Indians — mostly students studying at Wuhan University. Once they are in Delhi, the passengers will be quarantined for 14 days in a special hospital set up by the army. ⠀
⠀ ————————————————————————⠀⠀⠀⠀
FOLLOW: @hashttag.news⠀⠀⠀⠀⠀⠀⠀⠀⠀⠀⠀⠀⠀
⠀⠀⠀⠀⠀⠀⠀⠀⠀⠀⠀⠀⠀
FOLLOW: @hashtag.cinemas⠀⠀⠀⠀⠀⠀⠀⠀⠀⠀⠀⠀⠀
⠀⠀⠀⠀⠀⠀⠀⠀⠀⠀⠀⠀⠀
FOLLOW: @hashtag.memz ———————————————————————— #nCoV2020 #CoronaVirusIndia #coronavirus #coronaviruses #coronaviruschina #coronavirusoutbreak #coronavírus #coronavirüs #coronavirusmemes #coronaviruschino #coronavirusupdate #coronavirusawareness #coronavirusnews #coronavirus2020 #WorldHealthOrganization #CHINAvirus #china #virus #India #airindia #airindiaflight #CoronavirusWho #coronaviruschina #CoronaVirusKerala #keralavirus  #coronarvirues #keralacoronavirus #kerala  #CoronavirusOutbreak.",01/31/2020,en,English,positive
B7_XXwAHyyl,"'WHO's greatest concern is if the virus spreads to countries with weaker health systems and are ill prepared to deal with it
.
.
.
.
.
#coronavirus #coronavirusoutbreak #coronavirus2020 #coronavirusupdate #coronavirusnews #coronavirusawareness",01/31/2020,en,English,negative
B7_xtZ6lU6v,"⚠️ The coronavirus outbreak is now a global health emergency.

Reduce your risk of infection.✔️ .

Learn more on protecting yourself from the virus 👉 https://www.who.int/emergencies/diseases/novel-coronavirus-2019/advice-for-public?fbclid=IwAR3vJtSpTXQkbE5LjBy_HUC7J56cbLW-drEjoLRUxvX9PSWpUtn8zq6fQtE .

#IELTS #ieltscanada #ieltstips #ieltsvocabulary #ieltsclasses #ieltspreparation #ieltspreparationcourse #ieltstest #ieltsgeneral #ieltsacademic #ieltslistening #ieltsreading #ieltswriting #ieltsspeaking #ieltsprep #ieltstraining #ieltsteacher #britishcouncil #britishcouncilielts #canada🇨🇦 #surrey #westminster #coquitlam #richmond #britishcolumbia #ieltsexam #wuhanvirus #coronaviruscanada #coronavirus #coronavirusawareness",01/31/2020,en,English,negative
B7_CAbiAMO7,"Following confirmation that the Coronavirus (2019-nCoV) is present in the UK, we’re currently processing high number of enquiries. Published data is limit but current recommendations are all relating to good hygiene. 
Sneeze or cough into a tissue and dispose of it.
Wash / Sanitize hands regularly.
Clean and disinfect handled objects and surfaces regularly.

#coronavirus  #coronavirus #handhygiene  #sanitizer #sensiblesteps  #useatissue  #washyourhands #coveryourmouthwhenyoucough  #hygienetips #hygieneproducts #coldprecaution #precaution #coronavirusawareness",01/31/2020,en,English,positive
B7-_6YGpT9z,"👉👉Follow me for more latest funny memes😂😂👍👍
#china
#wuhan
#virus
#plague
#plaguememes 
#memeplague 
#coronavirustips 
#coronavirus
#corona
#coronavirusindia 
#coronavirusfacts 
#coronavirusprevention 
#coronaviruses 
#coronavirusawareness 
#coronavirusnews 
#coronavirusmemes 
#coronaviruschina 
#coronaviruspreventiontips 
#ww3 
#ww3memes",01/31/2020,en,English,positive
B791Tsgprbd,"👉👉Follow me for more latest funny memes😂😂👍👍
#china
#wuhan
#virus
#plague
#plaguememes 
#memeplague 
#coronavirustips 
#coronavirus
#corona
#coronavirusindia 
#coronavirusfacts 
#coronavirusprevention 
#coronaviruses 
#coronavirusawareness 
#coronavirusnews 
#coronavirusmemes 
#coronaviruschina 
#coronaviruspreventiontips 
#ww3 
#ww3memes",01/31/2020,en,English,positive
B790eJ9pjag,"👉👉Follow me for more latest funny memes😂😂👍👍
#china
#wuhan
#virus
#plague
#plaguememes 
#memeplague 
#coronavirustips 
#coronavirus
#corona
#coronavirusindia 
#coronavirusfacts 
#coronavirusprevention 
#coronaviruses 
#coronavirusawareness 
#coronavirusnews 
#coronavirusmemes 
#coronaviruschina 
#coronaviruspreventiontips 
#ww3 
#ww3memes",01/31/2020,en,English,positive
B7--CDNBunP,"The World Health Organization declared the Wuhan coronavirus outbreak a public health emergency of international concern, as the death toll reached at least 170 and more than 8,100 cases were confirmed in mainland China. Last week, the global health organization said the virus didn't warrant the emergency declaration, but as the number of cases rose and evidence of person-to-person transmission emerged outside of China, WHO leadership called an emergency meeting in Geneva on Thursday. Previous public health emergencies identified by the organization have included outbreaks of Ebola, Zika and H1N1.

_______________________

Let's follow for the information

#coronavirus #coronavirusoutbreak #virus #wuhan#wuhanvirus #coronaviruschina #wuhanchina#corona #coronovirus #chinavirus#wuhancoronavirus #outbreak #plagueinc #corona#coronaviruses #coronavirusfrance#coronavirus2020 #coronavirusbrasil#coronavirusnews #coronavirusecuador#coronaviruswuhan #coronavirusindia#coronavirusupdate #coronaviruschino#coronavirusawareness #coronavirusdewuhan#coronavirusoutbreak2020 #coronavirusaustralia#coronavirus2019 #coronavirususa",01/31/2020,en,English,negative
B7_VTkEpO40,"Little Quan is 7 years old and lives in Wulian, Shandong province. When the corona virus broke out her parents (both doctors) left home to work at the frontline. The little girl is only in first grade and hasn’t sent her parents in 9 days. She misses them terribly.
A lot of medical staff has either not gone home at all during Chinese New Year or reported back to work early. Chinese New Year is the most important holiday in the Chinese calendar. Normally everyone would have been on public holiday with their family from January 24th until January 30th. It could be compared to a child sitting at home without her parents during Christmas, adding on that this girl is afraid that her parents aren’t safe : ( During the call her mother asks her to stop crying. One can only try to imagine how hard it must be for the mother to see her little girl crying and not being able to hug her.

中国加油(china jiayou)=China you can do it, keep fighting!
#ChinaJiayou #wuhancoronavirus #coronavirus #chinavirus #coronaviruschina #chinacoronavirus #wuhancoronaoutbreak #chinavirusnews #corona #coronavirusawareness #wuhan #wuhanvirus #武汉加油 #中国加油",01/31/2020,en,English,negative
B7-CKjiBQNA,#coronavirus #coronavirusawareness #homoeopathyworks #homoeopathyheels #homoeopathycures #homoeopathicmedicine #arsenicumalbum30 #emptystomach #for3days #prophylacticmedicine,01/31/2020,en,English,neutral
B7_O4hHpI82,"Wonderful news! Today January 31st at 5pm Chinese time 20 patients who had contracted the corona virus have been released from Wuhan’s Jinyintan Hospital. While there is no medicine against the corona virus, similar to there no being a medicine against the common flu, the symptoms of the patients are being treated while the body’s immune system tries to fight off the virus. As of the time of me posting this (January 31st @ 10.53pm Chinese time) 214 people have recovered from the corona virus in China.

中国加油(china jiayou)=China you can do it, keep fighting!
#ChinaJiayou #wuhancoronavirus #coronavirus #chinavirus #coronaviruschina #gchinacoronavirus #wuhancoronaoutbreak #chinavirusnews #corona #coronavirusawareness #wuhan #wuhanvirus #武汉加油 #中国加油",01/31/2020,en,English,negative
B7_AN-lJC8h,"👉👉Follow me for more latest funny memes😂😂👍👍
#china
#wuhan
#virus
#plague
#plaguememes 
#memeplague 
#coronavirustips 
#coronavirus
#corona
#coronavirusindia 
#coronavirusfacts 
#coronavirusprevention 
#coronaviruses 
#coronavirusawareness 
#coronavirusnews 
#coronavirusmemes 
#coronaviruschina 
#coronaviruspreventiontips 
#ww3 
#ww3memes",01/31/2020,en,English,positive
B790k21JHFd,"👉👉Follow me for more latest funny memes😂😂👍👍
#china
#wuhan
#virus
#plague
#plaguememes 
#memeplague 
#coronavirustips 
#coronavirus
#corona
#coronavirusindia 
#coronavirusfacts 
#coronavirusprevention 
#coronaviruses 
#coronavirusawareness 
#coronavirusnews 
#coronavirusmemes 
#coronaviruschina 
#coronaviruspreventiontips 
#ww3 
#ww3memes",01/31/2020,en,English,positive
B7_TDwDDO6r,"Novel Coronavirus - Discovery, Symptoms And Prevention >> https://99healthideas.com/novel-coronavirus-discovery-symptoms-and-prevention/

#coronavirus #coronaviruses #coronaviruschina #coronavirusinfection #coronavirusawareness #coronavirus2020",01/31/2020,en,English,neutral
B7-_tdMJFGg,"👉👉Follow me for more latest funny memes😂😂👍👍
#china
#wuhan
#virus
#plague
#plaguememes 
#memeplague 
#coronavirustips 
#coronavirus
#corona
#coronavirusindia 
#coronavirusfacts 
#coronavirusprevention 
#coronaviruses 
#coronavirusawareness 
#coronavirusnews 
#coronavirusmemes 
#coronaviruschina 
#coronaviruspreventiontips 
#ww3 
#ww3memes",01/31/2020,en,English,positive
B7_Of9Xpryr,"With a little awareness, We can fight the coronavirus.
#Coronavirus #CoronavirusAwareness #SahyadriHospitals",01/31/2020,en,English,negative
B7-7Wdnh4dt,"Do You Know That The Coronavirus is Threatening The World Now?
#Coronavirus #coronavirusawareness #coronavirus #coronaviruses #coronavirusoutbreak  #CoronavirusSymptoms #MaAxHospital #Superspeciality 
#Multispeciality #Hospital #shivamogga",01/31/2020,en,English,negative
B7-Phf3nx1D,"Via #collectorkozhikode
Do follow @ozone_digitalz
.
.
.
#corona #coronavirus #kerala #medicalcollege #awareness #coronavirusoutbreak #coronavirusawareness #besafe #precautions",01/31/2020,en,English,neutral
B790EpkJ4aR,"👉👉Follow me for more latest funny memes😂😂👍👍
#china
#wuhan
#virus
#plague
#plaguememes 
#memeplague 
#coronavirustips 
#coronavirus
#corona
#coronavirusindia 
#coronavirusfacts 
#coronavirusprevention 
#coronaviruses 
#coronavirusawareness 
#coronavirusnews 
#coronavirusmemes 
#coronaviruschina 
#coronaviruspreventiontips 
#ww3 
#ww3memes",01/31/2020,en,English,positive
B7_ACJYJ4RY,"👉👉Follow me for more latest funny memes😂😂👍👍
#china
#wuhan
#virus
#plague
#plaguememes 
#memeplague 
#coronavirustips 
#coronavirus
#corona
#coronavirusindia 
#coronavirusfacts 
#coronavirusprevention 
#coronaviruses 
#coronavirusawareness 
#coronavirusnews 
#coronavirusmemes 
#coronaviruschina 
#coronaviruspreventiontips 
#ww3 
#ww3memes",01/31/2020,en,English,positive
B7-9g8pBBiR,"CoronaVirus crisis 🦠

________________________

Let's follow for the information

#coronavirus #coronavirusoutbreak #virus #wuhan#wuhanvirus #coronaviruschina #wuhanchina#corona #coronovirus #chinavirus#wuhancoronavirus #outbreak #plagueinc #corona#coronaviruses #coronavirusfrance#coronavirus2020 #coronavirusbrasil#coronavirusnews #coronavirusecuador#coronaviruswuhan #coronavirusindia#coronavirusupdate #coronaviruschino#coronavirusawareness #coronavirusdewuhan#coronavirusoutbreak2020 #coronavirusaustralia#coronavirus2019 #coronavirususa",01/31/2020,en,English,negative
B7_NkPspQRw,"In order not to waste time or resources medical staff keep their safety gear on during the duration of their shift without drinking or using the restroom. Safety glasses often become foggy making it difficult to work so this staff is using a hairdryer in order to see clearly.

中国加油(china jiayou)=China you can do it, keep fighting!
#ChinaJiayou #wuhancoronavirus #coronavirus #chinavirus #coronaviruschina #gchinacoronavirus #wuhancoronaoutbreak #chinavirusnews #corona #coronavirusawareness #wuhan #wuhanvirus #武汉加油 #中国加油",01/31/2020,en,English,negative
B7-dM2Ug2I0,"All of you would have definitely heard the news about the Coronavirus. 
Swipe Left⬅️ to know what exactly Coronavirus means, how it spreads, its symptoms and the prevention methods in the video below.

#vedanthospital #coronavirus #coronavirusawareness #preventionofcoronavirus #symptomsofcoronavirus",01/31/2020,en,English,neutral
B7979a8pCDP,"This is only the sixth time such an emergency has been declared... FOLLOW: @hashttag.news for more “FLASH UPDATES”. ———————————————————————— WHO's Director-General #DrTedros declared the coronavirus as a #PublicHealthEmergency of international concern. 
This is only the sixth time such an emergency has been declared, with past examples including the Ebola #outbreak in the Democratic Republic of Congo and the Zika virus ————————————————————————⠀⠀⠀
FOLLOW: @hashttag.news⠀⠀⠀⠀⠀⠀⠀⠀⠀⠀⠀⠀
⠀⠀⠀⠀⠀⠀⠀⠀⠀⠀⠀⠀
FOLLOW: @hashtag.cinemas⠀⠀⠀⠀⠀⠀⠀⠀⠀⠀⠀⠀
⠀⠀⠀⠀⠀⠀⠀⠀⠀⠀⠀⠀
FOLLOW: @hashtag.memz ———————————————————————— #nCoV2020 #CoronaVirusIndia #coronavirus #coronaviruses #coronaviruschina #coronavirusoutbreak #coronavírus #coronavirüs #coronavirusmemes #coronaviruschino #coronavirusupdate #coronavirusawareness #coronavirusnews #coronavirus2020 
#2019nCoV #worldhealthorganization #who #worldhealthorganisation #worldhealthorganisationwho #worldhealthorganization🌎 #worldhealthorganizationseria #worldhealthorganisationconference #worldhealthorg #worldhealthorginization #ncov2019 #CoronavirusOutbreak #seithigal",01/31/2020,en,English,negative
B7-8TJYAWlB,#coronavirusawareness,01/31/2020,en,English,neutral
B79pVNLnvcb,"TB, a painting series I did about stereotypes. 
I chose this one because I was thinking about how the coronavirus is reviving racist views against the Chinese. We shouldn't vilify a nation for something that has naturally occurred. I have seen so many negative comments, I wonder if a food was recalled here would we be getting as much personal abuse
.
.
.
.
.
.
.
.
.
.
#racism#stereotypes#acrylic#stereotyping#predjudice#coronavirus #bold#colour#tb#pastseries#pastwork#artwork#painter#painting#coronavirusawareness",01/31/2020,en,English,negative
B7-_hIYJ1SU,"👉👉Follow me for more latest funny memes😂😂👍👍
#china
#wuhan
#virus
#plague
#plaguememes 
#memeplague 
#coronavirustips 
#coronavirus
#corona
#coronavirusindia 
#coronavirusfacts 
#coronavirusprevention 
#coronaviruses 
#coronavirusawareness 
#coronavirusnews 
#coronavirusmemes 
#coronaviruschina 
#coronaviruspreventiontips 
#ww3 
#ww3memes",01/31/2020,en,English,positive
B7-RI4wggO2,#coronavirus #coronaviruses @who #flu #infection #infectioncontrol #symptoms #medtalks #medtalksindia #cold #cleanhands #coronavirusawareness #coronavirusdewuhan #coronavirusinindia #virus #flu #healthcare #health,01/31/2020,en,English,neutral
B790tj_JYXU,"👉👉Follow me for more latest funny memes😂😂👍👍
#china
#wuhan
#virus
#plague
#plaguememes 
#memeplague 
#coronavirustips 
#coronavirus
#corona
#coronavirusindia 
#coronavirusfacts 
#coronavirusprevention 
#coronaviruses 
#coronavirusawareness 
#coronavirusnews 
#coronavirusmemes 
#coronaviruschina 
#coronaviruspreventiontips 
#ww3 
#ww3memes",01/31/2020,en,English,positive
B7_L05IJQw3,"A reporter visits the construction site for the second hospital called “Leishenshan Hospital” in Wuhan during lunch time on Jan 29th, 2020. Workers have finished eating and are lying on the ground having a rest. They are very tired says the reporter. They rest until they are called back to work again. With a capacity of 1300 beds this hospital is scheduled to start operations within half a month. 
Not to be confused with the first hospital currently under construction in Wuhan named the “Huoshenshan Hospital”. This hospital is set to be ready by February 3rd, 2020 with a capacity of 1000 beds.

中国加油(china jiayou)=China you can do it, keep fighting!
#ChinaJiayou #wuhancoronavirus #coronavirus #chinavirus #coronaviruschina #gchinacoronavirus #wuhancoronaoutbreak #chinavirusnews #corona #coronavirusawareness #wuhan #wuhanvirus #武汉加油 #中国加油",01/31/2020,en,English,negative
B798xIBHKxN,"Wuhan Coronavirus 2019-nCoV currently has no vaccine to prevent it. The great way  to prevent is to avoid from being exposed to the virus. 
Here's 5 tips that need to know for coronavirus prevention.
#wecare #coronaprevention #coronavirus  #coronaware #coronavirusawareness",01/31/2020,en,English,negative
B7-rT5eAV1r,"Currently, Coronavirus Cases Reported Internationally.

#coronavirus #coronaviruses @who #flu #infection #infectioncontrol #symptoms #medtalks #medtalksindia #cold #cleanhands #coronavirusawareness #coronavirusdewuhan #coronavirusinindia #virus #flu #healthcare #healthyliving",01/31/2020,en,English,neutral
B7-4ja1JX5H,"Join us tomorrow at Hospital Sultan Ismail (HSI) to know more about Coronavirus -- an issue that everyone is concerned about!

Date: 1/2/2020 (Saturday)
Time: 8am - 11:30am
Venue: HSI Auditorium

Everyone is welcome to join!

#coronavirusawareness",01/31/2020,en,English,neutral
B7_IP57DdCM,"Flight took off along with a team of five doctors to... FOLLOW: @hashttag.news for more “FLASH UPDATES”. ———————————————————————— INDIA 🇮🇳: ⠀
⠀
Air India sends its special flight from New Delhi to China's Wuhan along with a team of five doctors to evacuate the Indian nationals.⠀
⠀
————————————————————————⠀⠀⠀⠀
FOLLOW: @hashttag.news⠀⠀⠀⠀⠀⠀⠀⠀⠀⠀⠀⠀⠀
⠀⠀⠀⠀⠀⠀⠀⠀⠀⠀⠀⠀⠀
FOLLOW: @hashtag.cinemas⠀⠀⠀⠀⠀⠀⠀⠀⠀⠀⠀⠀⠀
⠀⠀⠀⠀⠀⠀⠀⠀⠀⠀⠀⠀⠀
FOLLOW: @hashtag.memz ———————————————————————— #coronarvirus #nCoV2020 #CoronaVirusIndia #coronavirus #coronaviruses #coronaviruschina #coronavirusoutbreak #coronavírus #coronavirüs #coronavirusmemes #coronaviruschino #coronavirusupdate #coronavirusawareness #coronavirusnews #coronavirus2020 #WorldHealthOrganization #CHINAvirus #china #virus #India #airindia #airindiaflight #CoronavirusWho #coronaviruschina #CoronaVirusKerala #keralavirus  #coronarvirues #keralacoronavirus #kerala  #CoronavirusOutbreak",01/31/2020,en,English,positive
B790UwRpism,"👉👉Follow me for more latest funny memes😂😂👍👍
#china
#wuhan
#virus
#plague
#plaguememes 
#memeplague 
#coronavirustips 
#coronavirus
#corona
#coronavirusindia 
#coronavirusfacts 
#coronavirusprevention 
#coronaviruses 
#coronavirusawareness 
#coronavirusnews 
#coronavirusmemes 
#coronaviruschina 
#coronaviruspreventiontips 
#ww3 
#ww3memes",01/31/2020,en,English,positive
B7-rvRnB9FC,"*W.H.O. DECLARES CORONA VIRUS A  PUBLIC HEALTH EMERGENCY OF INTERNATIONAL CONCERN*

Dear friends, families and fellow sickle cell warriors 
With rising cases of the *new Corona virus* it is very important that we are all aware of this threat and act on high alert. 
Corona virus is a new virus that was traced to a city in China called *Wuhan.* It is a respiratory tract infection so it is airborne so anyone can get  it. 
To remember protective high alert habits to be safe, just remember the acronym *WUHAN* *W* - Wash your hands with soap and running water always. *U* - Use masks properly where necessary. *H* - Have your temperature Checked properly. *A* - Avoid large crowds and stay home if you are sick. *N* - Nevet touch your face with unclean hands. 
Remember virus have no cure and there is no vaccine for this virus. People of extreme ages ( very young and old citizens ) and people that are sick with lowered immunity are at higher risk of contacting this virus. Now more than ever we need to increase our immunity. 
_sickle cell warriors our immune system is low pls be guided. Take your daily routine meds and be very mindful of places you go to and the sick people you come in contact with please. 
#forsicklecellwarriors
#washyourhands
#staysafe. 
#coronavirusawareness
#mission700",01/31/2020,en,English,negative
B7_AUzIJCAo,"👉👉Follow me for more latest funny memes😂😂👍👍
#china
#wuhan
#virus
#plague
#plaguememes 
#memeplague 
#coronavirustips 
#coronavirus
#corona
#coronavirusindia 
#coronavirusfacts 
#coronavirusprevention 
#coronaviruses 
#coronavirusawareness 
#coronavirusnews 
#coronavirusmemes 
#coronaviruschina 
#coronaviruspreventiontips 
#ww3 
#ww3memes",01/31/2020,en,English,positive
B79v1aGBefE,"Should I risk it? Finally I know what the lime is for, been keeping us virus free for years...better than #3m and #purell products ・・・
Should we ask Bill Gates? He seems to know an awful lot, waaaaay before the rest of us😴😴😴😴😴😴😴😴😵😷🤬🤯
•
•
•
•
•
•
•
•
#wedonotconsent 
#globalwarminghoax #globalwarmingisamyth #globalwarmingisfake #globalwarmingisfakenews #globalwarmingisalie #stop5g #5gkills #staywoke👀 #staywoke #staywoke👁 #freethesheeple #billgatesfoundation #nwo #agenda21depopulationplan #agenda21 #fema #coronavirus #coronavirusawareness #agenda30 #vaccinateyourkidsyoufilthyanimals NOT! #dangersofvaccines #questioneverything",01/31/2020,en,English,negative
B7-L2TtnZfG,"#newsworthy
The World Health Organisation has declared that the novel coronavirus outbreak is a global health emergency. 🚨
•• The declaration — officially called a Public Health Emergency of International Concern — serves notice to all UN member states that the world’s top health advisory body considers the situation as serious.
•• The declaration can help WHO better coordinate a coordinated international response to the outbreak, particularly in countries with weaker health systems than China, which the WHO believes is ""capable of handling the outbreak."" 😷
•• The decision as people who had not traveled to China during the outbreak are testing positive outside China. 🇨🇳 .
#newsworthywithab
#coronavirus #coronavirusoutbreak #coronaviruses #wuhanvirus #wuhancoronavirus #coronaviruschina #coronavirus2020 #coronavirusawareness #wuhanchina #wuhanvirus #wuhancoronavirus #wuhanpneumonia #wuhancity #coronavirusindia #who #worldhealthorganization #coronavirusnews #coronaviruswuhan",01/31/2020,en,English,negative
B7-sxnMFI8p,"CORONAVIRUS: ALL YOU NEED TO KNOW

Coronaviruses are a large group of viruses that are common among animals. In rare cases, they are what scientists call zoonotic, meaning they can be transmitted from animals to humans. .

The viruses can make people sick, usually with a mild to moderate upper respiratory tract illness, similar to a common cold. .

Here are a few things you should know about the coronavirus: .

Video source: Lagos State Ministry of Health  @lagoshealth .
#hospitalsforhumanity #hfh #coronavirusawareness #staysafe #safetyfirst",01/31/2020,en,English,negative
B7_OXnYna0A,"It’s Spreading all over 😷
.
.
 #china #chakliart #coronavirus #coronavirusoutbreak #wuhan #coronavirusawareness",01/31/2020,en,English,neutral
B7_KVCjpVaS,"The Coronavirus bomb has exploded in China and is spreading all over.

#coronavirus #CoronavirusOutbreak #wuhan #china #CoronaOutbreak #WuhanCoronavirus #coronavirusawareness",01/31/2020,en,English,negative
B7-P2WlnYlE,"Via #collectorkozhikode
Do follow @ozone_digitalz
.
.
.
#coronavirus #coronavirusawareness #coronavirusoutbreak #corona #medicalcollege #kerala #awareness #precautions #besafe #stayhealthy",01/31/2020,en,English,neutral
B8AV_-7AFTY,first encounter with #coronavirus #corona #covid19,02/01/2020,en,English,neutral
B8CiWkZl-pa,"#coronavirus #coronavirus888
#coronavirusupdates  #coronavirusoutbreak",02/01/2020,en,English,neutral
B8ChuUoFAsn,"#coronavirus #coronavirus888
#coronavirusupdates  #coronavirusoutbreak #coronavirusmemes",02/01/2020,en,English,neutral
B8BwP7-Hj15,"about the Corona Virus
#coronavirus #coronaviruss
#corona #virus #viruscorona #coronavirusupdates ##chinavirus  #coronaviruswazifa #wazifa #viruswizafa",02/01/2020,en,English,neutral
B8CTWuGHpGE,Numbers are growing everyday. Stay safe!!! #coronaviruschina #wuhan #coronavirusoutbreak #coronaviruses #coronavirus #coronavirus2020 #coronavirusgermany #coronavírus #coronaviruscanada #Coronavirus news #coronavirusrussia #coronavirusthailand #coronavirustoronto #coronavirustoday #coronavirusupdates,02/01/2020,en,English,positive
B8CiPNtF03O,"#coronavirus #coronavirus888
#coronavirusupdates  #coronavirusoutbreak",02/01/2020,en,English,neutral
B8CigxdFjY3,"#coronavirus #coronavirus888
#coronavirusupdates  #coronavirusoutbreak",02/01/2020,en,English,neutral
B8B2SWSl34q,#coronavirus888 #coronavirus #coronavirusupdates #coronavirusoutbreak #outbreak888,02/01/2020,en,English,neutral
B8CitMBFbqc,Scientists have been warming us about coronavirus for 15 years #coronavirus888 #coronavirus #coronavirusupdates #coronavirusoutbreak #outbreak888,02/01/2020,en,English,positive
B8B2nEGlMp1,#coronavirus888 #coronavirus #coronavirusupdates #coronavirusoutbreak #outbreak888 #coronavirusmemes,02/01/2020,en,English,neutral
B8AcGWxpzfE,"This is one of the illustrations l've done for one of my books. For this post I've added the word ""strength"" in Mandarin and English. 
A few days ago l wrote to a Chinese friend who lives in mainland China. I wanted to know if she and her family were well. She replied that China had asked its citizens to stay at home to prevent the corona virus from spreading.

I can't even start to imagine how it would be to be quarantined at home for several weeks. Especially with small children.

I asked her how I could help. She said: ""Pray for the people of China and especially for the brave doctors and nurses who are working day and night, knowing they too could become infected at any moment."" Friends, join me in prayer for everyone who is affected by this tragedy. 
#coronavirus #corona #wuhan #wuhanvirus #wuhanChina #chinavirus #coronavirusoutbreak #coronagoback #coronacontrol #coronanews #coronavirusupdate #coronavirusupdates
#corinaviruswho #youarenotalone #christianartist #christianartists",02/01/2020,en,English,positive
B8BXIsqJEi6,"Special Assistant to Prime Minister on Health Dr. Zafar Mirza has announced no Pakistani will be allowed to travel back to the country from China till they complete the 14-day observation period.

#pakistan #zafarmirza #pakistani #china #wuhan #coronavirus #coronavirusoutbreak #coronavirusupdates #concepttvlive #concepttvnews #pakistanzindabad",02/01/2020,en,English,positive
B8CiafTlt4h,"#coronavirus #coronavirus888
#coronavirusupdates  #coronavirusoutbreak",02/01/2020,en,English,neutral
B8CCHH8lxOg,"Everyone in Hong Kong is looking for you! they’re lining up around the block to see you and there you lay just a used up bitch in the street! Daring everyone thats walks buy to pick you up and put you on! #youreverydayasian 
#disposablesurgicalmasks #surgicalmasks #facemasks #coronavirus #coronavirusoutbreak #novelcoronavirus #coronavirusmemes #coronavirus2020 #coronavirusawareness #coronavirus😷",02/01/2020,en,English,negative
B8CT4fNiqBl,#coronavirusmemes #coronavirus #coronavirusoutbreak #coronavirusmeme #coronaviruses #coronavirusnews #coronavirus2020 #coronavirusprotection #coronavirusprevention #coronavirus😷 #coronavirusawareness #coronavírus #coronaviruschina,02/01/2020,en,English,neutral
B8CIsCPBvLN,#coronavirus2020 #coronavirusoutbreak2020 #globalepidemic #coronaviruschina #newhorizontech #coronaviruswuhan #coronavirusnews #coronaviruses #coronavirusoutbreak #worldhealthorganization🌎 #coronavirus #globalepidemics #worldhealthorganization #coronavirusawareness,02/01/2020,en,English,neutral
B8CNkSdgFJ2,"Making of mass grave
 ________________________

Let's follow for the information

#coronavirus #coronavirusoutbreak #virus #wuhan#wuhanvirus #coronaviruschina #wuhanchina#corona #coronovirus #chinavirus#wuhancoronavirus #outbreak #plagueinc #corona#coronaviruses #coronavirusfrance#coronavirus2020 #coronavirusbrasil#coronavirusnews #coronavirusecuador#coronaviruswuhan #coronavirusindia#coronavirusupdate #coronaviruschino#coronavirusawareness #coronavirusdewuhan#coronavirusoutbreak2020 #coronavirusaustralia",02/01/2020,en,English,negative
B8CAyggg73U,"Police at #Wuhan loading weaponry. The order is : nobody comes out, nobody enters #CORONAVIRUS
 ________________________

Let's follow for the information

#coronavirus #coronavirusoutbreak #virus #wuhan#wuhanvirus #coronaviruschina #wuhanchina#corona #coronovirus #chinavirus#wuhancoronavirus #outbreak #plagueinc #corona#coronaviruses #coronavirusfrance#coronavirus2020 #coronavirusbrasil#coronavirusnews #coronavirusecuador#coronaviruswuhan #coronavirusindia#coronavirusupdate #coronaviruschino#coronavirusawareness #coronavirusdewuhan#coronavirusoutbreak2020 #coronavirusaustralia",02/01/2020,en,English,negative
B8Cg7ZIlwzn,"Newest T's up for sale! Help RAISE awareness❤ for this new virus #coronavirus 🤢, have a laugh 😂, and support your favorite (or one of your fave🤣 I know there are a lot of us now) Bus family!🚎
.
BOTH UNISEX, one is $5 more bc the cotton is softer and it comes in 2 other colors than white. Front and back print!
.
Clickable link in bio
https://thecrabshomestead.com/product-category/apparel/",02/01/2020,en,English,positive
B8B_uXyA1Vy,"CORONAVIRUS: ALL YOU NEED TO KNOW 
#childlife 
#coronavirus 
#coronavirusoutbreak 
#coronavirusupdate 
#coronavirusawareness 
#coronavirus2020
#handwash 
#stayclean",02/01/2020,en,English,neutral
B8B_FPtgXZZ,"Around 200 French Nationals and several foreigners are transported to a quarantine center on the southern French coast after being repatriated from Wuhan to flee the Coronavirus.
 ________________________

Let's follow for the information

#coronavirus #coronavirusoutbreak #virus #wuhan#wuhanvirus #coronaviruschina #wuhanchina#corona #coronovirus #chinavirus#wuhancoronavirus #outbreak #plagueinc #corona#coronaviruses #coronavirusfrance#coronavirus2020 #coronavirusbrasil#coronavirusnews #coronavirusecuador#coronaviruswuhan #coronavirusindia#coronavirusupdate #coronaviruschino#coronavirusawareness #coronavirusdewuhan#coronavirusoutbreak2020 #coronavirusaustralia#coronavirus2019 #coronavirususa",02/01/2020,en,English,neutral
B8CO58nJbkN,"Ima go get some Chinese food any body want anything ? 😳🍜
•
•
•
#coronavirus #coronavirusoutbreak #coronavirusmemes #coronavirusawareness #memesdaily #memevideos #follow #like #comment #funny #cancermemes #autisticmemes #funnyaf #dank #dankmeme #dankmemesdaily #followme #followmeto #followus #followmee #memepage #memes #meme #followmypage #tagafriend #followourpage #followmyinstagram #darkhumour #darkmemes",02/01/2020,en,English,neutral
B8CbQCanpgP,"Cover your mouth when you sneeze!! WEAR MASK!!
ANTI CORONA VIRUS 🦠

#barbiechallenge #sabikonabarbie #sabikonabarbiechallenge #transformation #Gaypride #instagay #lgbtq #lgbtqpride #pride #tiktokph #tiktokphilippines #barbie #sneeze #coronavirus #anticoronavirus #coronavirusawareness",02/01/2020,en,English,negative
B8A7G4xFd9A,"Stay fit, healthy and hygienic! Clients’ safety is our top most priority. We from NAR BODYWORKS care for your safety and health. 
#malaysianfitness #gymlife #gym #narbwcare #narbodyworks #coronavirus #coronavirusawareness #narbwhygiene #coronavirusprevention",02/01/2020,en,English,positive
B8BtK0cAN_S,"This made me laugh! 😂 But seriously, what are the symptoms? I’ve been offered the flu jab 😏 #🍻 #laugh #butseriously #coronavirusawareness",02/01/2020,en,English,positive
B8AoXGxAzQT,Received a few messages from Followers asking how the Hospital situation is surrounding the CoronaVirus. Let’s do our Due Diligence! #coronavirusawareness,02/01/2020,en,English,neutral
B8BDdQQjU88,"15266- in the World 
11184- in the  China 
239- Cure
258- Died
#coronavirus #coronavirus2020 #coronavirusfrance #coronavirusprevention #coronavirus #coronaviruses #coronavirusoutbreak #coronavirusecuador #coronavirusoutbreak2020 #coronavirusmemes #coronavírus #coronaviruschina #coronavirüs #coronavirüsü #coronavirusnews #coronavirusbrasil #coronaviruschino #coronavirusu #coronavirusdewuhan #coronavirusawareness #coronavirusupdate #coronavirusindonesia",02/01/2020,en,English,negative
B8ByJkPB9MI,"Special Assistant to the Prime Minister (SAPM) on Health Dr Zafar Mirza recently confirmed that four Pakistanis have been infected with novel coronavirus (NCV) in China, while speaking at a Press Conference. Dr Zafar Mirza also requested the media not to reveal their names.

While addressing the Press, Dr Mirza said he wanted to assure the families of the four NCV-affected Pakistanis that they were getting the best possible treatment and there were signs of improvement in them. “Pakistani ambassador and staff in China are in touch with the victims.

The SAPM said there were 6,052 confirmed NCV cases in 18 countries of the world, with all 132 deaths occurring in China. “As many as 99 per cent of the cases are reported from China and there is no confirmed case in Pakistan.”
.
.
#Newsalert #JKPMF_NewsAlert
#coronavirus #coronavirusawareness #coronaviruscare",02/01/2020,en,English,positive
B8A9Kgip99v,"In collaboration with Ihsan Johor, Sesi Dialog Bersama NGO - Cakna Novel Coronavirus (2019-CoV) was successfully held at HSI Auditorium. 110 participants from various NGO from Johor joined us in this event to raise the awareness about Coronavirus. Thank you Dr.Norli from JKNJ and Dr.Zharif from IMARET for sharing their knowledge with everyone.

#coronavirusawareness",02/01/2020,en,English,positive
B8BgPG4ncvg,"How do you teach your kids about what's happening around? Have you talked to them about germs? When you want to have this discussion, I have encouraging hand sanitizers with different characters and colours.
.
.
N900
______________________
Order via Dm or WhatsApp 08058226485
.
.
.
.
.
.
.
.
#wowmomng #wowmomngcare #handsanitisers #charactersanitisers #partypacks #coronavirusawareness #germfree #healthykids #nigeria #lagos #abuja #portharcourt #kaduna #kano #delta #benin",02/01/2020,en,English,positive
B8Bun22B0H5,"#Repost @coronavirus_online 
Rest In Peace 🙏🏻 Thank you from all of us... #coronavirus #coronavirusoutbreak #virus #wuhan #wuhanvirus #coronaviruschina #wuhanchina #corona #coronovirus #chinavirus #wuhancoronavirus #outbreak #plagueinc #corona #coronaviruses #coronavirusfrance #coronavirus2020 #coronavirusbrasil #coronavirusnews #coronavirusecuador #coronaviruswuhan #coronavirusindia #coronavirusupdate #coronaviruschino #coronavirusawareness #coronavirusdewuhan #coronavirusoutbreak2020 #coronavirusaustralia #coronavirus2019 #coronavirusu",02/01/2020,en,English,positive
B8B-Ey8gnaE,"Significant virus outbreak expected in China over the next three days.
 ________________________

Let's follow for the information

#coronavirus #coronavirusoutbreak #virus #wuhan#wuhanvirus #coronaviruschina #wuhanchina#corona #coronovirus #chinavirus#wuhancoronavirus #outbreak #plagueinc #corona#coronaviruses #coronavirusfrance#coronavirus2020 #coronavirusbrasil#coronavirusnews #coronavirusecuador#coronaviruswuhan #coronavirusindia#coronavirusupdate #coronaviruschino#coronavirusawareness #coronavirusdewuhan#coronavirusoutbreak2020 #coronavirusaustralia#coronavirus2019 #coronavirususa",02/01/2020,en,English,neutral
B8BgLIMBJ5H,"Be aware of Coronavirus! If You Find these Symptoms Contact your Doctor Immediately.
#coronavirus #coronavirusawareness #coronaviruschina #coronavirusSymptoms #maaxhospital #Superspecialityhospital #Multispeciality #Hospital #shivamogga",02/01/2020,en,English,neutral
B8BInMapPIB,"The World Health Organisation has identified Nigeria among 13 high-risk African countries for coronavirus. 
The other countries on the list include Algeria, Angola, Ivory Coast, DR Congo, Ethiopia, Ghana, Kenya, Mauritius, South Africa, Tanzania, Uganda, and Zambia. 
A statement from WHO on Friday said the identified African nations have direct links or a high volume of travel to China. “WHO has identified 13 top priority countries (Algeria, Angola, Cote d’Ivoire, the Democratic Republic of the Congo, Ethiopia, Ghana, Kenya, Mauritius, Nigeria, South Africa, Tanzania, Uganda and Zambia) which either have direct links or a high volume of travel to China.

#nigeria #nigerianweddingpictures #nigerian #nigerianwedding #nigerianweddings #nigerianfood #nigeriawedding #nigerianfashion #nigeriandesigner #nigerianfoodie #nigeriancuisine #coronavirus #coronavirusmemes #coronavirusoutbreak #coronaviruschina #coronaviruses #coronavírus #coronavirusmeme #coronavirus2020 #coronavirusnews #coronavirusfrance #coronavirusbrasil #coronavirüs #coronaviruswuhan #coronavirusindia #coronavirusecuador #coronaviruschino #coronavirusupdate #coronavirusawareness #westdeliveryng",02/01/2020,en,English,neutral
B8B7hTXAZjY,"Dr. Hu Ming, director of ICU at the Wuhan Pulmonary Hospital, received a phone call in an interview and wept silently: the director of another ICU was diagnosed with the Coronavirus infection after treating many infected patients. Her whole family is in the ICU now

________________________

Let's follow for the information

#coronavirus #coronavirusoutbreak #virus #wuhan#wuhanvirus #coronaviruschina #wuhanchina#corona #coronovirus #chinavirus#wuhancoronavirus #outbreak #plagueinc #corona#coronaviruses #coronavirusfrance#coronavirus2020 #coronavirusbrasil#coronavirusnews #coronavirusecuador#coronaviruswuhan #coronavirusindia#coronavirusupdate #coronaviruschino#coronavirusawareness #coronavirusdewuhan#coronavirusoutbreak2020 #coronavirusaustralia#coronavirus2019 #coronavirususa",02/01/2020,en,English,negative
B8BuZJXhF6l,"#Repost @coronavirus_online
🤯
Stay safe 🙏🏻 .
#coronavirus #coronavirusoutbreak #virus #wuhan #wuhanvirus #coronaviruschina #wuhanchina #corona #coronovirus #chinavirus #wuhancoronavirus #outbreak #plagueinc #corona #coronaviruses #coronavirusfrance #coronavirus2020 #coronavirusbrasil #coronavirusnews #coronavirusecuador #coronaviruswuhan #coronavirusindia #coronavirusupdate #coronaviruschino #coronavirusawareness #coronavirusdewuhan #coronavirusoutbreak2020 #coronavirusaustralia #coronavirus2019 #coronavirusu",02/01/2020,en,English,positive
B8B5G-vgY4V,"#Repost @aybkk
・・・
No matter what happening around the globe, yoga practice is the best thing to keep our mind and body in balance.
•
We wish the virus outbreak in china is under control ,the cure is found and people around the world are healthy and safe.💛
•
Led primary with @mstragram today feb 1st, 2020
📸 @missjamsai
•
#ashtanga #yoga #aybkk #ledprimary #prayforwuhan #prayforchina #coronavirusawareness",02/01/2020,en,English,positive
B8B7ja1FSFY,"The shift for the nurses ends in a hospital in Huangshi, Hubei province. In order not to waste time or resources medical staff keep their safety gear on during the duration of their shift without drinking or using the restroom. This has left a mark on their faces already.

中国加油(china jiayou)=China you can do it, keep fighting!
#ChinaJiayou #wuhancoronavirus #coronavirus #chinavirus #coronaviruschina #chinacoronavirus #wuhancoronaoutbreak #chinavirusnews #corona #coronavirusawareness #wuhan #wuhanvirus #武汉加油 #中国加油",02/01/2020,en,English,negative
B8B8mvuAXv7,"Current situation: Thailand can be most impressed outside of China 25 thousand people went to Thailand on January 3-27th

________________________

Let's follow for the information

#coronavirus #coronavirusoutbreak #virus #wuhan#wuhanvirus #coronaviruschina #wuhanchina#corona #coronovirus #chinavirus#wuhancoronavirus #outbreak #plagueinc #corona#coronaviruses #coronavirusfrance#coronavirus2020 #coronavirusbrasil#coronavirusnews #coronavirusecuador#coronaviruswuhan #coronavirusindia#coronavirusupdate #coronaviruschino#coronavirusawareness #coronavirusdewuhan#coronavirusoutbreak2020 #coronavirusaustralia#coronavirus2019 #coronavirususa",02/01/2020,en,English,positive
B8BByKPjPd7,"A baby infected with Corona virus in Wuhan China can't hold tears
#coronavirus #coronavirus2020 #coronavirusfrance #coronavirusprevention #coronavirus #coronaviruses #coronavirusoutbreak #coronavirusecuador #coronavirusoutbreak2020 #coronavirusmemes #coronavírus #coronaviruschina #coronavirüs #coronavirüsü #coronavirusnews #coronavirusbrasil #coronaviruschino #coronavirusu #coronavirusdewuhan #coronavirusawareness #coronavirusupdate #coronavirusindonesia #corona #virus",02/01/2020,en,English,negative
B8BvbBtH8b-,"No matter what happening around the globe, yoga practice is the best thing to keep our mind and body in balance.
•
We hope the virus outbreak in china will be under control ,the cure will be found and people around the world will be healthy and safe.💛
•
Led primary with @mstragram today feb 1st, 2020
📸 @missjamsai
•
#ashtanga #yoga #aybkk #ledprimary #prayforwuhan #prayforchina #coronavirusawareness",02/01/2020,en,English,positive
B8EzB5PFG-p,"#coronavirus #coronavirus888
#coronavirusupdates  #coronavirusoutbreak",02/02/2020,en,English,neutral
B8ErsMnlzAx,"Coronavirus nCoV Top 10 Regions in China (cc-confirmed cases & d-deaths)
Hubei: cc 9,074 d 294
Zhejiang: cc 661 d 0
Guangdong: cc 632 d 0
Henan: cc 493 d 2
Hunan: cc 463 d 0
Anhui: cc 340 d 0
Jiangxi: cc 333 d 0
Chongqing: cc 275 d 1
Jiangxu: cc 236 d 0
Sichuan: cc 231 d 1

Feb 2 - 17:35 GMT
#coronavirus888 #coronavirus #coronavirusupdates #coronavirusoutbreak",02/02/2020,en,English,neutral
B8CzvqTlCkd,#coronavirus888 #coronavirus #coronavirusupdates #coronavirusoutbreak,02/02/2020,en,English,neutral
B8Du3hYFKgc,"#coronavirus #coronavirus888
#coronavirusupdates  #coronavirusoutbreak",02/02/2020,en,English,neutral
B8Eixs7FGlN,"#coronavirus #coronavirus888
#coronavirusupdates  #coronavirusoutbreak",02/02/2020,en,English,neutral
B8C0uP6FUqD,"Coronavirus nCoV Update 
Cases: 14,564 
Deaths: 304

Feb 2 - 00:16 GMT

#coronavirus888 #coronavirus #coronavirusupdates #coronavirusoutbreak",02/02/2020,en,English,neutral
B8DAuiqlkeL,#coronavirus888 #coronavirus #coronavirusupdates #coronavirusoutbreak,02/02/2020,en,English,neutral
B8DD8QRHPlX,#coronaviruschina #wuhan #coronavirusoutbreak #coronaviruses #coronavirus #coronavirus2020 #coronavirusgermany #coronavírus #coronaviruscanada #Coronavirus news #coronavirusrussia #coronavirusthailand #coronavirustoronto #coronavirustoday #coronavirusupdates,02/02/2020,en,English,neutral
B8C02bkF_bP,X-ray of lungs with coronavirus #coronavirus888 #coronavirus #coronavirusupdates #coronavirusoutbreak,02/02/2020,en,English,neutral
B8EprbvFQXg,"Health professionals investigating if Coronavirus can also be spread by faeces  #coronavirus #coronavirus888
#coronavirusupdates  #coronavirusoutbreak",02/02/2020,en,English,neutral
B8FWZUhlGxP,"Coronavirus nCoV Top 10 Countries (# of confirmed cases)
Mainland China: 16,640
Japan: 20
Thailand: 19
Singapore: 18
South Korea: 15
Hong Kong: 14
Australia: 12
Germany: 10
Taiwan: 10
Malaysia, Macau, USA: 8

Feb 2 - 23:47 GMT
#coronavirus888 #coronavirus #coronavirusupdates #coronavirusoutbreak #outbreak888",02/02/2020,en,English,neutral
B8EgGRtFbUS,"China completes new coronavirus hospital in 9 days. #coronavirus #coronavirus888
#coronavirusupdates  #coronavirusoutbreak",02/02/2020,en,English,neutral
B8Er4cuFHMC,#coronavirus888 #coronavirus #coronavirusupdates #coronavirusoutbreak,02/02/2020,en,English,neutral
B8DBg01FQTs,"Coronavirus nCoV Top 10 Countries (# of confirmed cases)
Mainland China: 14,321
Japan: 20
Thailand: 19
Singapore: 18
Hong Kong: 14
South Korea: 12
Australia: 12
Taiwan: 10
Malaysia, Germany, USA: 8

Feb 2 - 02:07 GMT
#coronavirus888 #coronavirus #coronavirusupdates #coronavirusoutbreak #outbreak888",02/02/2020,en,English,neutral
B8FVYPVlBy0,"Coronavirus nCoV Update 
Cases: 16,819
Deaths: 361

Feb 2 - 23:40 GMT

#coronavirus888 #coronavirus #coronavirusupdates #coronavirusoutbreak",02/02/2020,en,English,neutral
B8E4zmZjYNw,The Shanghai Sisi is alive and well! Sending all my love to my friends in China during this challenging time. #StayStrong #CoronaVirusAwareness #YoyoIsSafe #StillCheeky #StillMySisi 😘💙🐞🐝🇿🇦🇨🇳,02/02/2020,en,English,positive
B8E-x5qHbDZ,"My chicken scratch to help explain why the virus spreads fast 
#coronavirus #coronavirusawareness",02/02/2020,en,English,neutral
B8E-6F2Hc3K,"Number of confirmed cases in China is still growing at exponential rate
#coronavirusawareness #coronavirus",02/02/2020,en,English,positive
B8FDUltJuSx,"Here’s what you can do to be on a safer side ! Spread and share the steps you can follow to stay clear of the Corona Virus outbreak . These are the guidelines issued by World Health Organisation. Share and spread these to as many people as possible. 

🔺Tabarestan Nowshahr Language Institute 
@tabarestannowshahr 
@tabarestan.ielts 
@tabarestan.children 
_____________
#calisthenics #corona #coronavirus #coronas #coronavirusoutbreak #coronavirusmemes #coronaviruses #coronavirusindia #coronaviruschina #coronavirusfrance #coronavirus2020 #coronavirusnews #coronavirusawareness #coronavirusupdate #coronavirusprevention #coronavirusalert #besafe #worldhealthorganization",02/02/2020,en,English,positive
B8EOys1jLCU,"SWIPE to learn the #facts about Corona Virus.

#coronavirus #coronavirusawareness #thecrosstv",02/02/2020,en,English,neutral
B8DF4CvDfWP,"Coronavirus prevention:
🧼 😷
🍖 🤝 
Remember only these 4 symbols and you will be protected from Coronavirus .
.
#india #world #doctor #doctors #pharmacy #pharmacist #pharmacollege #pharmaceuticals #pharmacology #fda #medicine #pharmacognosy #pharmacystudent #medicalstudent #student #college #doctordconline #pharmacisttobe #coronavirus  #coronavirusoutbreak #coronaviruschina #plagueinc #coronavirusprevention #coronavirussymptoms #prevention #coronavirusawareness #handwash #cookedmeat #avoidclosecontact  @medical.doctors @unicef",02/02/2020,en,English,positive
B8Eiz2uAHKp,"The construction of the hospital is completed. 10 days, 1000 beds. The magnitude and timing of the construction is staggering
_____________________________

Let's follow for the information

#coronavirus #coronavirusoutbreak #virus #wuhan#wuhanvirus #coronaviruschina #wuhanchina#corona #coronovirus #chinavirus#wuhancoronavirus #outbreak #plagueinc #corona#coronaviruses #coronavirusfrance#coronavirus2020 #coronavirusbrasil#coronavirusnews #coronavirusecuador#coronaviruswuhan #coronavirusindia#coronavirusupdate #coronaviruschino#coronavirusawareness #coronavirusdewuhan#coronavirusoutbreak2020",02/02/2020,en,English,neutral
B8EdcmHhefL,Dua #coronavirusawareness,02/02/2020,en,English,neutral
B8Ebf_5gJtD,"This is a hospital in Wuhan China. People are in big lines and crowds to get in it. They all seem desperate to get help.

What are your thoughts on this?  _____________________________

Let's follow for the information

#coronavirus #coronavirusoutbreak #virus #wuhan#wuhanvirus #coronaviruschina #wuhanchina#corona #coronovirus #chinavirus#wuhancoronavirus #outbreak #plagueinc #corona#coronaviruses #coronavirusfrance#coronavirus2020 #coronavirusbrasil#coronavirusnews #coronavirusecuador#coronaviruswuhan #coronavirusindia#coronavirusupdate #coronaviruschino#coronavirusawareness #coronavirusdewuhan#coronavirusoutbreak2020",02/02/2020,en,English,negative
B8EUreyFUTx,"Finally arrived at Wuhan’s Xiehe Hospital. This batch of medical supplies has been donated from the alumni association of Wuhan University and the Huazhong University of Science & Technology. It includes more than 200,000 medical masks, as well as medical coats, gloves and other protective gear. It has all well arrived in the hands of the doctors and nurses.
Especially in Wuhan medical supplies are needed urgently. In other parts of the country especially masks have run low and each pharmacy is only given a certain amount of masks each day.

中国加油(china jiayou)=China you can do it, keep fighting!
#ChinaJiayou #wuhancoronavirus #coronavirus #chinavirus #coronaviruschina #chinacoronavirus #wuhancoronaoutbreak #chinavirusnews #corona #coronavirusawareness #wuhan #wuhanvirus #武汉加油 #中国加油",02/02/2020,en,English,negative
B8EaQ8vg_9C,"Coronavirus update!

_____________________________

Let's follow for the information

#coronavirus #coronavirusoutbreak #virus #wuhan#wuhanvirus #coronaviruschina #wuhanchina#corona #coronovirus #chinavirus#wuhancoronavirus #outbreak #plagueinc #corona#coronaviruses #coronavirusfrance#coronavirus2020 #coronavirusbrasil#coronavirusnews #coronavirusecuador#coronaviruswuhan #coronavirusindia#coronavirusupdate #coronaviruschino#coronavirusawareness #coronavirusdewuhan#coronavirusoutbreak2020",02/02/2020,en,English,neutral
B8DSPtFnRya,"❗️Please notice you friends and family❗️
Everyone can be attacked in the street by people who trying to kill people with CoronaVirus symptoms. These people think they can stop the virus thus. Take care! 🙏🏻
.
.
.
.
#coronavirus #coronavirusoutbreak #virus #wuhan #wuhanvirus #coronaviruschina #wuhanchina #corona #coronovirus #chinavirus #wuhancoronavirus #outbreak #plagueinc #corona #coronaviruses #coronavirusfrance #coronavirus2020 #coronavirusbrasil #coronavirusnews #coronavirusecuador #coronaviruswuhan #coronavirusindiapdate #coronaviruschino #coronavirusawareness #coronavirusdewuhan #coronavirusoutbreak2020 #coronavirusaustralia #coronavirus2019",02/02/2020,en,English,negative
B8ES2NHF5tV,"In order to prevent infection in an apartment complex this neighbor has put up a pack of tissues in the elevator. During the SARS outbreak a whole apartment complex ended up infected because the neighbors all used the same elevator buttons without disinfecting them and they all ended up contaminated.

中国加油(china jiayou)=China you can do it, keep fighting!
#ChinaJiayou #wuhancoronavirus #coronavirus #chinavirus #coronaviruschina #chinacoronavirus #wuhancoronaoutbreak #chinavirusnews #corona #coronavirusawareness #wuhan #wuhanvirus #武汉加油 #中国加油",02/02/2020,en,English,negative
B8ESQB0gStw,"#China: EMERGENCY Situation in the Chinese province of #Hunan due to the outbreak of bird flu n#H5N1 More than 17,000 chickens have been killed to try to prevent the spread
_____________________________

Let's follow for the information

#coronavirus #coronavirusoutbreak #virus #wuhan#wuhanvirus #coronaviruschina #wuhanchina#corona #coronovirus #chinavirus#wuhancoronavirus #outbreak #plagueinc #corona#coronaviruses #coronavirusfrance#coronavirus2020 #coronavirusbrasil#coronavirusnews #coronavirusecuador#coronaviruswuhan #coronavirusindia#coronavirusupdate #coronaviruschino#coronavirusawareness #coronavirusdewuhan#coronavirusoutbreak2020",02/02/2020,en,English,negative
B8D8odvJCGa,"India on Sunday temporarily suspended e-visa facility for Chinese travellers and foreigners residing in China in view of the virulent coronavirusthat has killed more than 300 people, infected 14,562 others and spread to 25 countries, including India, the US and the UK.
For more updates #followmenow
@theeditorialsofficial 👈
@theeditorialsofficial 👈 @theeditorialsofficial 👈👈
@theeditorialsofficial 👈
.
.
#followforupdates ⏩⏩
#CoronaVirusIndia #coronavirus #coronaviruses #coronaviruschina #coronavirusoutbreak #coronavírus #coronavirüs #coronavirusmemes #coronaviruschino #coronavirusupdate #coronavirusawareness #coronavirusnews #coronavirus2020 
#2019nCoV #worldhealthorganization #who #worldhealthorganisation #worldhealthorganisationwho #worldhealthorganization🌎 #worldhealthorganizationseria #worldhealthorganisationconference #worldhealthorg #worldhealthorginization #ncov2019 #CoronavirusOutbreak #seithigal",02/02/2020,en,English,negative
B8Don8wnRXh,"Keep your precious baby healthy and safe! Stay Fresh Canada Breathe Clean air purification creates a 3 feet zone of cleaner and healthier air around your personal space

Get yours at www.stayfreshcanada.com

#cleanair #germphobic #keepfluaway #virusbegone #negativeions #keepgermsaway #breatheclean #personalpurifier #travelsafe #coronavirusawareness #saynotocoronavirus",02/02/2020,en,English,positive
B8EVnzzH8hL,"Currently, There is No Vaccine and No specific Treatment To Prevent the Coronavirus. So You Should Take These Precautions to Protect From Coronavirus.
#coronavirus #coronavirusawareness #coronavirusprecautions #coronavirusTreatment #maaxHospital #superspeciality #multispeciality #hospital #healthcare #Shivamoggahospital",02/02/2020,en,English,positive
B8DouA3nYzA,"It's like having your own personal
forcefield! Stay Fresh Canada Breathe Clean air purification creates a 3 feet zone of cleaner and healthier air around your personal space

Get yours at www.stayfreshcanada.com

#cleanair #germphobic #keepfluaway #virusbegone #negativeions #keepgermsaway #breatheclean #personalpurifier #travelsafe #coronavirusawareness #saynotocoronavirus",02/02/2020,en,English,positive
B8EroGwFRDU,Safety Tips against Novel CORONAVIRUS Infection🤧🦠_x000D_._x000D_._x000D_✔️Wash your hands often with soap and water for at least 20 seconds or use an alcohol-based hand sanitizer._x000D_✔️Cover your mouth and nose while sneezing and coughing._x000D_✔️Avoid consuming raw or undercooked animal products._x000D_✔️Don’t make close contact with anyone showing symptoms of respiratory illness._x000D_✔️Avoid direct contact with live animals._x000D_._x000D_._x000D_._x000D_._x000D_#HealthXtreme #Health_Xtreme #WeHealthyfyYou #coronavirus #coronavirusnews #coronavirusawareness #corona #contagious #CoronaOutbreak #WuhanCoronovirus #virus #china #CoronavirusInfection #CoronavirusPrecautions #CoronavirusPrevention,02/02/2020,en,English,positive
B8DuL24oyY6,#coronavirusfrance #coronavirusindonesia #coronavirusalert #coronavirusmeme #coronavirus2020 #coronaviruswuhan #coronavirusawareness #coronavirusaustralia #coronavírus #coronavirusmemes #coronavirusoutbreak2020 #coronaviruschino #coronavirusindia #coronavirusprotection #coronavirusinfection #coronavirusprevention #coronaviruschina #coronavirusecuador #coronavirüsü #coronavirusupdate #coronavirus😷 #coronavirusbrasil #coronaviruses #coronavirusoutbreak #coronavirus2019 #coronavirus #coronavirüs #coronavirusnews #coronavirusdewuhan #coronavirusu,02/02/2020,en,English,neutral
B8D7OmxgeQQ,"Death toll climbs as well as the infections do to

_____________________________

Let's follow for the information

#coronavirus #coronavirusoutbreak #virus #wuhan#wuhanvirus #coronaviruschina #wuhanchina#corona #coronovirus #chinavirus#wuhancoronavirus #outbreak #plagueinc #corona#coronaviruses #coronavirusfrance#coronavirus2020 #coronavirusbrasil#coronavirusnews #coronavirusecuador#coronaviruswuhan #coronavirusindia#coronavirusupdate #coronaviruschino#coronavirusawareness #coronavirusdewuhan#coronavirusoutbreak2020 #coronavirusaustralia",02/02/2020,en,English,negative
B8ERTtYA5m8,"The corpse of Coronavirus sufferers will immediately be cremated according to the directions of the Chinese government. Just to say goodbye and farewell alone a family cannot

_____________________________

Let's follow for the information

#coronavirus #coronavirusoutbreak #virus #wuhan#wuhanvirus #coronaviruschina #wuhanchina#corona #coronovirus #chinavirus#wuhancoronavirus #outbreak #plagueinc #corona#coronaviruses #coronavirusfrance#coronavirus2020 #coronavirusbrasil#coronavirusnews #coronavirusecuador#coronaviruswuhan #coronavirusindia#coronavirusupdate #coronaviruschino#coronavirusawareness #coronavirusdewuhan#coronavirusoutbreak2020",02/02/2020,en,English,negative
B8DeIXIAxy2,"This is bad

Let's follow for the information

#coronavirus #coronavirusoutbreak #virus #wuhan#wuhanvirus #coronaviruschina #wuhanchina#corona #coronovirus #chinavirus#wuhancoronavirus #outbreak #plagueinc #corona#coronaviruses #coronavirusfrance#coronavirus2020 #coronavirusbrasil#coronavirusnews #coronavirusecuador#coronaviruswuhan #coronavirusindia#coronavirusupdate #coronaviruschino#coronavirusawareness #coronavirusdewuhan#coronavirusoutbreak2020 #coronavirusaustralia",02/02/2020,en,English,negative
B8ET8gslLjx,"Progress of the work done at the construction site for the “Huoshenshan Hospital” in Wuhan on Day 8 (Jan 31st, 2020). With a capacity of 1000 beds this hospital is scheduled to start operations as of February 3rd, 2020.

Not to be confused with a second hospital currently under construction in Wuhan named the “Leishenshan Hospital”. This hospital is set to be ready within half a month with a capacity of 1300 beds.

中国加油(china jiayou)=China you can do it, keep fighting!
#ChinaJiayou #wuhancoronavirus #coronavirus #chinavirus #coronaviruschina #chinacoronavirus #wuhancoronaoutbreak #chinavirusnews #corona #coronavirusawareness #wuhan #wuhanvirus #武汉加油 #中国加油",02/02/2020,en,English,positive
B8C_Z7khVX-,"Been indoors for three days straight trying not to catch anything but we still need to live yeah?😅 I checked out Kerry hotels lobby and its quite empty as shown on the picture so I guess its the second best option (home comes first) so I went ahead made it my coffee shop 🥰. I know what you're thinking... I thought of reading a book too coz coffee and book just come together.  Checked the library to return a book and get a new one but its closed until further notice😪. And yes Starbucks shops are usually packed with customers so that's not an option for me.  Well, spent a good 2 hours here looking out watching the trees sway with the wind and the seaside and those occasional birds that hops around. Music in my ears....latte in my hand..eyes on the seaside..and my mind just blowing with the wind 💭

#coronavirus #coronavirusawareness #staysafe #safetyfirst #livinglife #coffeethoughts #coffeelover #latte #lattelove #kerryhotelhk #mask #healing #healingjourney",02/02/2020,en,English,positive
B8DlEgLDwUx,"The flight carrying 323 Indian... FOLLOW: @hashttag.news for more “FLASH UPDATES”. ———————————————————————— INDIA 🇮🇳:⠀
⠀
The flight carrying 323 Indian nationals and seven Maldives citizens took off from Wuhan and landed in Delhi on Sunday morning. The seven Maldivians will be housed in Delhi for a quarantine period (check ups). ⠀
⠀ ————————————————————————⠀⠀⠀⠀
FOLLOW: @hashttag.news⠀⠀⠀⠀⠀⠀⠀⠀⠀⠀⠀⠀⠀
⠀⠀⠀⠀⠀⠀⠀⠀⠀⠀⠀⠀⠀
FOLLOW: @hashtag.cinemas⠀⠀⠀⠀⠀⠀⠀⠀⠀⠀⠀⠀⠀
⠀⠀⠀⠀⠀⠀⠀⠀⠀⠀⠀⠀⠀
FOLLOW: @hashtag.memz ———————————————————————— #NoMeat_NoCoronaVirus #coronarvirus #nCoV2020 #CoronaVirusIndia #coronavirus #coronaviruses #coronaviruschina #coronavirusoutbreak #coronavírus #coronavirüs #coronavirusmemes #coronaviruschino #coronavirusupdate #coronavirusawareness #coronavirusnews #coronavirus2020 #WorldHealthOrganization #CHINAvirus #china #virus #India #airindia #airindiaflight #CoronavirusWho #coronaviruschina #CoronaVirusKerala #keralavirus  #coronarvirues #keralacoronavirus  #CoronavirusOutbreak.",02/02/2020,en,English,neutral
B8D5FgqAwuA,"Evacuation

_____________________________

Let's follow for the information

#coronavirus #coronavirusoutbreak #virus #wuhan#wuhanvirus #coronaviruschina #wuhanchina#corona #coronovirus #chinavirus#wuhancoronavirus #outbreak #plagueinc #corona#coronaviruses #coronavirusfrance#coronavirus2020 #coronavirusbrasil#coronavirusnews #coronavirusecuador#coronaviruswuhan #coronavirusindia#coronavirusupdate #coronaviruschino#coronavirusawareness #coronavirusdewuhan#coronavirusoutbreak2020 #coronavirusaustralia",02/02/2020,en,English,neutral
B8C-4Y1Bry6,Veme or Video Meme #713: #LamestreamMedia And China Won’t Tell Us This. (Full video at @lovelyti2002’s YouTube channel.) #coranavirus #coronavirus #coronaviruses #coronavirusoutbreak #coronavirusawareness #wuhan #wuhanvirus #wuhanchina #wuhancoronavirus #wuhanpneumonia #batsoup #coronachallenge #coronaviruschallenge #therona #thecory #bioterrorism,02/02/2020,en,English,neutral
B8C7qSWgCRz,"Update Information !
________________________

Let's follow for the information

#coronavirus #coronavirusoutbreak #virus #wuhan#wuhanvirus #coronaviruschina #wuhanchina#corona #coronovirus #chinavirus#wuhancoronavirus #outbreak #plagueinc #corona#coronaviruses #coronavirusfrance#coronavirus2020 #coronavirusbrasil#coronavirusnews #coronavirusecuador#coronaviruswuhan #coronavirusindia#coronavirusupdate #coronaviruschino#coronavirusawareness #coronavirusdewuhan#coronavirusoutbreak2020 #coronavirusaustralia",02/02/2020,en,English,neutral
B8DR3MehBNP,"Corona Virus I 2019-nCOV I Corona Virus Kid' Awareness I Corona Virus Kids' Prevention 
#Coronavirus #nCOV #pandemic #infection #viruses #virus #Coronavirusawareness #Coronavirusprevention #Coronavirusspread #Coronaspread #Wuhan #China #WorldHealthOrganisation #Worldhealthorganization #WHO 
#coronavirusupdate

Link 👉 https://youtu.be/sP6CKd1fZYQ",02/02/2020,en,English,neutral
B8DSvJhn-Pp,"Beijing, China 🇨🇳
.
.
.
. 
#coronavirus #coronavirusoutbreak #virus #wuhan #wuhanvirus #coronaviruschina #wuhanchina #corona #coronovirus #chinavirus #wuhancoronavirus #outbreak #plagueinc #corona #coronaviruses #coronavirusfrance #coronavirus2020 #coronavirusbrasil #coronavirusnews #coronavirusecuador #coronaviruswuhan #coronavirusindiapdate #coronaviruschino #coronavirusawareness #coronavirusdewuhan #coronavirusoutbreak2020 #coronavirusaustralia #coronavirus2019",02/02/2020,en,English,neutral
B8ErwliJCPV,"The corona virus is spreading rapidly in China where the virus started. There are now 8 confirmed cases in the U.S. included 2 that spread from person-to-person contact in Illinois. Although this might sound scary, you should not be worried if you are in the United States because we have the quality healthcare to deal with an isolated issue like this. One thing you should be more aware of is the fact that the regular flu kills nearly 40,000 people in the U.S.A. every year;  if you are worried about getting sick you should get the most recent flu shot to protect yourself.
-
-
-
-
-
#corona #coronavirus #wuhan #china #usa #flu #sick #cough #viruscorona #coronavirusmemes #coronavirusoutbreak #coronaviruschina #outbreak #warfare #zombies #dead #deaths #funeral #coronaviruses #coronavírus #coronavirusmeme #coronavirusnews #coronavirus2020 #coronaviruswuhan #coronavirüs #coronavirusindia #coronavirusawareness #stranger #mask #protection",02/02/2020,en,English,negative
B8DptnHAKa-,"Our thoughts are with all those who currently affected by the outbreak. A tale of two cities is happening everyday. Beijing, Nanjing, Shanghai, we are all here supporting Wuhan and together to fight against #coronavirus. Chinese are brave and solid, and we are ready for the fight. Let’s spread ❤️ .
.
.
.
.
.
.
#PrayForChina
#wuhan
#china
#coronavirusawareness",02/02/2020,en,English,positive
B8Dh9-XlFkB,"Sunday (2/2) the atmosphere when Indonesian citizens from Wuhan arrived in Indonesia then got off the plane and sprayed disinfectants. -

_____________________________

Let's follow for the information

#coronavirus #coronavirusoutbreak #virus #wuhan#wuhanvirus #coronaviruschina #wuhanchina#corona #coronovirus #chinavirus#wuhancoronavirus #outbreak #plagueinc #corona#coronaviruses #coronavirusfrance#coronavirus2020 #coronavirusbrasil#coronavirusnews #coronavirusecuador#coronaviruswuhan #coronavirusindia#coronavirusupdate #coronaviruschino#coronavirusawareness #coronavirusdewuhan#coronavirusoutbreak2020 #coronavirusaustralia",02/02/2020,en,English,neutral
B8C7H2Sg6nv,"Get how many people died in China answer you! This is only 100s of cramatoriums, that is, the mobile phones of the Chinese who burned in one day in one of the cremation centers! They burned thousands of corpses, there are no records! Can't grasp?
 ________________________

Let's follow for the information

#coronavirus #coronavirusoutbreak #virus #wuhan#wuhanvirus #coronaviruschina #wuhanchina#corona #coronovirus #chinavirus#wuhancoronavirus #outbreak #plagueinc #corona#coronaviruses #coronavirusfrance#coronavirus2020 #coronavirusbrasil#coronavirusnews #coronavirusecuador#coronaviruswuhan #coronavirusindia#coronavirusupdate #coronaviruschino#coronavirusawareness #coronavirusdewuhan#coronavirusoutbreak2020 #coronavirusaustralia",02/02/2020,en,English,negative
B8D6rmZAfdo,"From China who lost his  close: see this is (hospital you will not be accepted for treatment and all of you are dead. The Chinese who lost their lives: look, all of you will not be able to do the most of you, and you are all dead. I'm going to go to the middle of the day

_____________________________

Let's follow for the information

#coronavirus #coronavirusoutbreak #virus #wuhan#wuhanvirus #coronaviruschina #wuhanchina#corona #coronovirus #chinavirus#wuhancoronavirus #outbreak #plagueinc #corona#coronaviruses #coronavirusfrance#coronavirus2020 #coronavirusbrasil#coronavirusnews #coronavirusecuador#coronaviruswuhan #coronavirusindia#coronavirusupdate #coronaviruschino#coronavirusawareness #coronavirusdewuhan#coronavirusoutbreak2020 #coronavirusaustralia",02/02/2020,en,English,negative
B8EY56iFLVJ,#coronavirusalert #coronaviruses #coronaviruswuhan #coronavirusprevention #coronavirüsü #coronavirusindonesia #coronavirusu #coronavirusindia #coronavírus #coronavirusawareness #coronavirusoutbreak2020 #coronavirusecuador #coronavirusdewuhan #coronavirus2020 #coronaviruschina #coronavirus😷 #coronavirusupdate #coronavirusinfection #coronavirusfrance #coronavirusbrasil #coronavirusaustralia #coronavirusprotection #coronavirus #coronavirusmeme #coronaviruschino  #coronavirusoutbreak #coronavirüs #coronavirusmemes ##coronavirusnews,02/02/2020,en,English,neutral
B8D4YN7JoK0,"Wuhan's first 1000-bed Coronavirus hospital, or #Huoshenshan hospital, is close to completion. It will be handed over after one day of medical equipment installation. #Huoshenshan literally means “the mountain for god of fire”.
-
#rapidresponse #coronavirus #coronavirusawareness #coronavirusprevention #familychildassociates #familychildcare",02/02/2020,en,English,positive
B8DRd85o140,"The deadly Coronavirus has reared it's fatal head in China and the risk of its spread is dead serious without any known cure as of now. Be vigilant and follow these early preventive measures.

#coronavirus #coronavirusawareness #prevention #coronaviruschina #coronavirusoutbreak #awareness #epidemic",02/02/2020,en,English,negative
B8D7rb5gPHX,"Eh thinks like these are always a bit sketchy
_____________________________

Let's follow for the information

#coronavirus #coronavirusoutbreak #virus #wuhan#wuhanvirus #coronaviruschina #wuhanchina#corona #coronovirus #chinavirus#wuhancoronavirus #outbreak #plagueinc #corona#coronaviruses #coronavirusfrance#coronavirus2020 #coronavirusbrasil#coronavirusnews #coronavirusecuador#coronaviruswuhan #coronavirusindia#coronavirusupdate #coronaviruschino#coronavirusawareness #coronavirusdewuhan#coronavirusoutbreak2020 #coronavirusaustralia",02/02/2020,en,English,neutral
B8EZW3FguUz,"Who agrees?
_____________________________

Let's follow for the information

#coronavirus #coronavirusoutbreak #virus #wuhan#wuhanvirus #coronaviruschina #wuhanchina#corona #coronovirus #chinavirus#wuhancoronavirus #outbreak #plagueinc #corona#coronaviruses #coronavirusfrance#coronavirus2020 #coronavirusbrasil#coronavirusnews #coronavirusecuador#coronaviruswuhan #coronavirusindia#coronavirusupdate #coronaviruschino#coronavirusawareness #coronavirusdewuhan#coronavirusoutbreak2020",02/02/2020,en,English,positive
B8ETHcTFjk6,"Machine from Lanzhou with 137 medical staff before landing at Wuhan’s airport on January 28th, 2020. The flight crew shares their gratitude for the commitment of the medical crew and says they are waiting for them to return them back home safely.

中国加油(china jiayou)=China you can do it, keep fighting!
#ChinaJiayou #wuhancoronavirus #coronavirus #chinavirus #coronaviruschina #chinacoronavirus #wuhancoronaoutbreak #chinavirusnews #corona #coronavirusawareness #wuhan #wuhanvirus #武汉加油 #中国加油",02/02/2020,en,English,positive
B8De35zAWIA,"Sunday (2/2) the atmosphere when Indonesian citizens from Wuhan arrived in Indonesia then got off the plane and sprayed disinfectants. -

_____________________________

Let's follow for the information

#coronavirus #coronavirusoutbreak #virus #wuhan#wuhanvirus #coronaviruschina #wuhanchina#corona #coronovirus #chinavirus#wuhancoronavirus #outbreak #plagueinc #corona#coronaviruses #coronavirusfrance#coronavirus2020 #coronavirusbrasil#coronavirusnews #coronavirusecuador#coronaviruswuhan #coronavirusindia#coronavirusupdate #coronaviruschino#coronavirusawareness #coronavirusdewuhan#coronavirusoutbreak2020 #coronavirusaustralia",02/02/2020,en,English,neutral
B8EUJG2lUZ9,"This footage shows two policemen supervising as the road sign for the new Huoshenshan Hospital is being put up in Wuhan. A young man leaves a box of masks and goes away quickly. Staff in necessary positions (included but not limited to hospital staff, police staff, supermarket personnel, etc.) have started work as usual in all parts of China after the end of the Chinese New Year holiday which ended on January 30th. In Wuhan people have been working without a holiday 24/7 to attend the increasing number of patients and manage the incoming supplies.

中国加油(china jiayou)=China you can do it, keep fighting!
#ChinaJiayou #wuhancoronavirus #coronavirus #chinavirus #coronaviruschina #chinacoronavirus #wuhancoronaoutbreak #chinavirusnews #corona #coronavirusawareness #wuhan #wuhanvirus #武汉加油 #中国加油",02/02/2020,en,English,positive
B8DoKjdncGj,"Get peace of mind when you travel!

Get yours at www.stayfreshcanada.com

#cleanair #germphobic #keepfluaway #virusbegone #negativeions #keepgermsaway #breatheclean #personalpurifier #travelsafe #coronavirusawareness #saynotocoronavirus",02/02/2020,en,English,positive
B8ESIlOl328,"Keep coronavirus away or get my nicotine fix?

#youreverydayasian 
#disposablesurgicalmasks #surgicalmasks #facemasks #coronavirus #coronavirusoutbreak #novelcoronavirus #coronavirusmemes #coronavirus2020 #coronavirusawareness #coronavirus😷😷😷",02/02/2020,en,English,neutral
B8Db7PTHzGp,"𝘓𝘪𝘧𝘦 𝘮𝘶𝘴𝘵 𝘨𝘰 𝘰𝘯! ✨
•
Indeed this #coronavirus scared and made us paranoid so much, to the point that we don't want to go out in our house anymore. It's a normal feeling that we feel worry so much about it, but life must go on! Hence, we must take precaution of avoiding it!
•
So here's some of my essentials this days when me & my kids need to out in the house for some life & school errands.
▪︎Surgical Masks - I prefer to use this than the N95 Mask since Surgical Mask has fluid barrier to capture respiratory droplets from user , easier to breathe in at the same time affordable.
▪︎The @littlecocoy Cloth Mask is for my toddler to practice wearing mask. It's still a struggle to teach him to wear mask so I think this Cloth Mask is perfect for him because of it's small size, cute prints & washable.
▪︎I always bring @sanicare_ph Anti-Bacterial Baby Wipes too to wipe in everything!
▪︎I always bring also this @humanheartnature sanitizer to use after washing my hands if soap and alcohol-based alcohol is not available.
▪︎For my babies I'm using this @tinybudsbaby Hand Sanitizer since it's Food Safe: safe to put their hands in their mouth after use. I super love the fruity smell of this sanitizer too. 😊
▪︎ @uv_care Pocket Sterilizer for easy & quick sanitation. 👌🏻
▪︎And also @watsonsph Vitamin C to boost our immune system at same time eating alot of vegetables, fruits and stay hydrated always.
•
Still the best protection mentioned by experts is to avoid people who's showing symptoms, avoid crowded places as much as possible and wash our hands regularly!
•
Stay safe everyone & Happy Sunday! 🌞

#wuhanvirus #ncov2019 #coronavirusawareness #coronavirustips #mommytips #momtips #momblogph #momph #momdiariesph #hijabimom #muslimmom #uvcare #sanicare #littlecocoy #humanheartnature #tinybuds #tinybudsbaby #watsonsph #healthylifestyle #healthawareness",02/02/2020,en,English,positive
B8Doe6UHhbd,"Stay Fresh Canada Breathe Clean is a revolutionary portable purifier that delivers fresh air anytime anywhere. It is a personal rechargeable air purifier that continuously emits 5 million healthy Anions per cm3 / second and takeaway airborne pollutants.

Stay Fresh Canada Breathe Clean air purification creates a 3 feet zone of cleaner and healthier air around your personal space

Get yours at www.stayfreshcanada.com

#cleanair #germphobic #keepfluaway #virusbegone #negativeions #keepgermsaway #breatheclean #personalpurifier #travelsafe #coronavirusawareness #saynotocoronavirus",02/02/2020,en,English,positive
B8EEoC0nA47,Corona virus awareness in our property held by our very own DIVERSEY.. #coronavirusawareness #waldorfastoriarak #hotelierlife,02/02/2020,en,English,neutral
B8HjDsiJHqx,"Dr. Laura Riley, Chair of Obstetrics and Gynecology and internationally recognized expert on infectious diseases in pregnancy, weighs in on the virus in the news.

“The Novel Coronavirus is transmissible and potentially deadly. You are not at risk unless you have been exposed to someone who has it or you traveled to Wuhan, China. Most women are at risk for the flu, so get your flu shot.”

#covid19 #nationalwomenphysicianday #obgyn",02/03/2020,en,English,negative
B8Hyu92FeGn,#coronavirus888 #coronavirus #coronavirusupdates #coronavirusoutbreak #outbreak888,02/03/2020,en,English,neutral
B8HEZeZF17R,"Coronavirus nCoV Top 10 Regions in China (cc-confirmed cases & d-deaths)
Hubei: cc 11,177 d 350
Guangdong: cc 725 d 0
Zhejiang: cc 724 d 0
Henan: cc 566 d 2
Hunan: cc 521 d 0
Anhui: cc 408 d 0
Jiangxi: cc 391 d 0
Chongqing: cc 312 d 2
Jiangxu: cc 271 d 0
Shandong: cc 259 d 0

Feb 3 - 15:49 GMT 
#coronavirus #coronavirus888
#coronavirusupdates  #coronavirusoutbreak #outbreak888",02/03/2020,en,English,neutral
B8Fuva_FBu0,#coronavirus888 #coronavirus #coronavirusupdates #coronavirusoutbreak #outbreak888,02/03/2020,en,English,neutral
B8GmeK0pUSX,"The United States has taken actions that create and spread fear following a coronavirus outbreak in China, instead of offering any significant assistance, the Chinese foreign ministry said on Monday.

#pakistan #unitedstates #us #china #chinese #coronavirus #coronavirusoutbreak #virus #wuhan #newsupdates #coronavirusupdates #concepttvlive #concepttvnews #pakistanzindabad",02/03/2020,en,English,positive
B8HRNJUDdiw,"Here is an very colourful infographics on Corona virus...and its preventive measures. The rest of the info will be posted on the next post.

I hope you learn a thing or two about it😊😊. #coronavirus #health #education #coronavirusoutbreak #coronaviruschina #coronavirus2020 #coronavirusawareness #coronavirusfacts #coronavirusprevention #coronavirusprotection #coronavirusupdates #coronavirusfree #coronaviruswho #who #billgatefoundation",02/03/2020,en,English,positive
B8HyeRGl3Rb,"Coronavirus nCoV Update 
Cases: 19,884
Deaths: 426

Feb 3 - 22:33 GMT

#coronavirus888 #coronavirus #coronavirusupdates #coronavirusoutbreak #outbreak888",02/03/2020,en,English,neutral
B8HFPy3l3Hf,"#coronavirus #coronavirus888
#coronavirusupdates  #coronavirusoutbreak #outbreak888",02/03/2020,en,English,neutral
B8G6UoDFRpa,"#coronavirus #coronavirus888
#coronavirusupdates  #coronavirusoutbreak #outbreak888",02/03/2020,en,English,neutral
B8Hk4TLFk5E,"#coronavirus #coronavirus888 
#coronavirusupdates  #coronavirusoutbreak #outbreak888",02/03/2020,en,English,neutral
B8GJH1nAMWS,"The Australian Psychological Society (APS) has released advice about how to manage your mental health, following the World Health Organization’s declaration of coronavirus as a Public Health Emergency of International Concern. - APS media released ⠀
⠀
⠀
⠀
⠀
⠀
⠀
⠀
.⠀
.⠀
.⠀
#AHSS #AHPs #Alliedhealth #health #healthcare #resources #support #directory #alliedhealthprofessions #coronavirus #coronavirusupdates",02/03/2020,en,English,negative
B8HRhpelkzg,"#coronavirus#coronavirusupdates 
#kerala",02/03/2020,en,English,neutral
B8GB44XFH9D,Crowded places atmosphere #bangkok #bangkokthailand #thailandtravel #travelasusual #travellikealocal #15minutes #hiddensidewalks #donmueanginternationalairport #travelblogger #notalltravelareeasy #travel_captures #expatfamily #solotravel #crowded #coronavirusawareness,02/03/2020,en,English,neutral
B8HiYuGAl4L,"Coronavirus update!
03/02/2020

_____________________________

Let's follow for the information

#coronavirus #coronavirusoutbreak #virus #wuhan#wuhanvirus #coronaviruschina #wuhanchina#corona #coronovirus #chinavirus#wuhancoronavirus #outbreak #plagueinc #corona#coronaviruses #coronavirusfrance#coronavirus2020 #coronavirusbrasil#coronavirusnews #coronavirusecuador#coronaviruswuhan #coronavirusindia#coronavirusupdate #coronaviruschino#coronavirusawareness #coronavirusdewuhan#coronavirusoutbreak2020",02/03/2020,en,English,neutral
B8HFugxhXvs,"Now that museums, public libraries, Ocean Park, Disneyland, and other LCSD facilities are closed, what am I going to do with my child?! Dr Joyce Lai offers some tips. For more information visit our website, link in bio. .
.
.
.
.
#playtimeshk #playdates #advice #parentsupport #whattodowithkids #advicehk #coronavirusawareness",02/03/2020,en,English,neutral
B8HYHPHHS9R,"As of Feb 1, 2020, there are 6 confirmed novel coronavirus cases in the US.  Arizona is one of the states with a confirmed case.  New Mexico has no confirmed cases. 
There is no vaccine and no specific treatment.  We are recommending all members stay up to date on the situation DAILY.  You can watch the news or visit the CDC website at this link https://www.cdc.gov/coronavirus/2019-ncov/index.html 
We have Viracid in stock and are ordering more.  If you are traveling or New Mexico becomes a state with a confirmed case(s), we recommend: 	1. Avoid public spaces 	2. Carry your own pen - never use the one provided at stores, restaurants, etc. 	3. Start Viracid or another immune booster supplement.  More information about Viracid is found here https://www.orthomolecularproducts.com/assets/1/30/OMPI-Viracid_PDN-A3.pdf. 
If you become ill with respiratory symptoms and have KNOWN CONTACT (or traveled to Wuhan in the past 14days), you must go to the Emergency Room.  CALL THEM IN ADVANCE!  Wash your hands thoroughly prior to leaving the house and put on a mask as soon as you arrive.  Well Life ABQ does not have the supplies to properly test. 
At the clinic, we will be asking anyone with respiratory symptoms to notify us.  99% of the time we will ask that you stay home and we will recommend treatment remotely. 
If you do come to the clinic: 	1. You will be asked to put on a mask when you arrive at the clinic. 	2. We will place you immediately into an available room and ask you to wash your hands again. 	3. Please do not sit down in the waiting room or touch the front desk. 📞: 505-585-2345 💻 welllifeabq.com 🏥 8400 Osuna Road NE Suite 5C Albuquerque, New Mexico 87111
#feelgood #behealthy #wellbeing #kickstartyourbody  #feelgoodfromtheinsideout #wakeupyourbody #feelalive  #getyourhappyon  #energybooster #healthylifestyle  #welllifeabq #albuquerque #abq #newmexico #infusionclinicabq #healthy_x000D_ #coronavirus 
#coronavirusfacts #coronavirusprotection #coronavirusawareness",02/03/2020,en,English,positive
B8HhpyJHi9M,"I want to share some love, in this difficult time. 
This is my trekking guide from Nepal. Suman. Suman took me on my most incredible 2day trek on Annapurna in Nepal. We have kept in touch bc he promised to show me other beautiful mountains that he will trek and expecting to show me Everest mountain one day (we originally said May of 2020).
Little did I expect, he would reach out to me this week and offer to give money to China even though Suman is not rich at all. He wants to donate his saving for his kids school fee. 
I almost teared up.
Thank you Suman and all my friends who reached out to me in this tough time.

#lovenotfear
#love #friendslove #coronavirusawareness #nothingwillbringusdown #pleasehelpchina #thankful",02/03/2020,en,English,positive
B8HW_WhBqzg,"Islam ♥️ teaches us to love for others what we love for ourselves.

MUHAMMAD ﷺ forgave the people who persecuted him in Makkah & killed his Relatives.

Instead of cursing China,
We should pray for them 
Ya Allah,save & protect us & them from #Coronavirus
#china #coronavirusnews #coronavirusmemes #coronaviruschina #coronavirus2020 #coronavirusindia #contemporaryartist #coronavirusindonesia #coronaviruses #coronaviruswuhan #coronavirusfrance #coronavirusbrasil #coronavirusecuador #coronavirusawareness #coronavirusaustralia",02/03/2020,en,English,positive
B8GxIubnbFf,"The Coronavirus: staying safe while traveling .
.
.
.
.
#coronavirus  #coronavirusoutbreak #coronavirusnews #coronavirus2020 #coronavirusawareness #coronavirusupdate #coronavirusfacts",02/03/2020,en,English,positive
B8GtRZ8A60q,"A coronavirus is a Kind of Virus that Causes an Infection in the Nose, Sinuses, or Upper Throat.
#coronavirus #coronavirusawareness #coronanavirusSymptoms #coronavirusindia  #coronavirustreatment #breathingDifficulties #maaxhospital #multispeciality #hospital #hospital  #besthospital #Shivamoggahospital #health #doctors #health",02/03/2020,en,English,neutral
B8GIWQ2nmIF,"If not noticeably contagious, then isn't it a planned outbreak? 🤔
▫️
▫️
▫️
▫️
▫️
▫️
▫️
#virus #coronavirus #coronavirusoutbreak #corona #coronavirusawareness #health",02/03/2020,en,English,negative
B8G-cbGDwnz,"You can travel and still be safe from germs.  Introducing the super squad you'll need for optimum protection from diseases:  UV CARE STERILIZERS!⁠
⁠
For starters a wide surface area with the UV Care Deluxe Germ Terminator. It's light, handy and can fit most handbags.  You can also take this with you in flights. ⁠
⁠
Get yours at www.theuvcare.com. You can also find us on amazon by clicking on the link below. ⁠
⁠
Germ Terminator - https://amzn.to/2YGUBBY ⁠
⁠
#UVCareusa #uvsterilizer #uvsanitizer #givethegiftofhealth #germaphobic #cleanfreak #travelclean #healthybaby #killthegerms #bigcitymoms #hinched #travelessentials #safetravels #coronavirusawareness",02/03/2020,en,English,positive
B8HDHfTJsZr,"Further to our previous post. Please do read  carefully it will answer all questions.
#publichealthawareness 
#yourhealth#mustbepriorty.
#coronavirusawareness",02/03/2020,en,English,positive
B8GhkblhfmC,"3 Cases Of Coronavirus In Kerala; All Students Who Returned From China

The coronavirus outbreak, which originated in China and spread to more than 20 countries across the world in the last few weeks has been declared a global health emergency by the World Health Organisation.

#coronavirus #coronavírus #coronaviruses #coronavirüsü #coronavirusoutbreak #coronavirüs #coronaviruschina #coronaviruschino #coronavirusdewuhan #coronavirusawareness #coronavirussucks #coronaviruscanino #coronavirusmeme #coronaviruswuhan #coronavirusinfection #coronavirus2020 #coronavırus #coronavirusfelino #coronavirusfree",02/03/2020,en,English,negative
B8HAdExlBY_,"Although we can’t tell who this lady is, her gesture gives hope that our medical staff is working hard to conquer this terrible virus.

中国加油(china jiayou)=China you can do it, keep fighting!
#ChinaJiayou #wuhancoronavirus #coronavirus #chinavirus #coronaviruschina #chinacoronavirus #wuhancoronaoutbreak #chinavirusnews #corona #coronavirusawareness #wuhan #wuhanvirus #武汉加油 #中国加油",02/03/2020,en,English,negative
B8GxmgHn3Ty,"Coronavirus: stay safe and healthy
.
.
.
.
. #coronavirus #coronavirusoutbreak #coronavirusnews #coronavirus2020 #coronavirusawareness #coronavirusupdate #coronavirusfacts",02/03/2020,en,English,positive
B8HA3QgFlYH,"Two medical staff trying to cheer up after their shift in the hospital. The song is called “Don’t give up” by Li Chao.

The lyrics go as follows:
A group of people
On one road
Keep walking down the road together
Being together
Isn’t always easy
But together we are strong!

中国加油(china jiayou)=China you can do it, keep fighting!
#ChinaJiayou #wuhancoronavirus #coronavirus #chinavirus #coronaviruschina #chinacoronavirus #wuhancoronaoutbreak #chinavirusnews #corona #coronavirusawareness #wuhan #wuhanvirus #武汉加油 #中国加油",02/03/2020,en,English,positive
B8F31c1l9zz,"All flights coming from China, Hong Kong, and Macau are banned from the Philippines after Manila reported the death of a Wuhan coronavirus patient yesterday, the first fatal case of the illness outside China.
⠀
In a statement released by Executive Secretary Salvador Medialdea yesterday, Duterte officially barred entry to anyone traveling to the Philippines from any part of China — except for Filipino citizens and permanent residents — as well as to anyone who had visited any part of China in the past 14 days.
⠀
The government also ordered any returning Filipino or permanent resident who has been to China, Hong Kong, and Macau to be quarantined for 14 days. Duterte has also forbidden all Filipinos from traveling to China or any of its special administrative regions and called for the establishment of a quarantine facility. The president’s order is an expansion of his directive late last month to refuse entry to travelers coming from Hubei province, where Wuhan, ground zero of the novel coronavirus epidemic, is located.
⠀
Duterte’s order was announced just a few hours before the Department of Health (DOH) disclosed that a 44-year-old Chinese man had died of the novel coronavirus, officially called 2019-nCoV. The man is the partner of the 38-year-old Chinese woman who was the first confirmed case of 2019-nCoV in the country.
⠀
DOH Secretary Francisco Duque III said in a presser yesterday that the man was first admitted to San Lazaro Hospital in Manila on Jan. 25 after experiencing pneumonia, fever, cough, and sore throat. In addition to 2019-nCoV, the patient was also infected with Influenza B virus and Streptococcus pneumoniae bacteria, CNN Philippines reports.
⠀
“Over the course of the patient’s admission, he developed severe pneumonia. In his last few days, the patient was stable and showed signs of improvement. However, the condition of the patient deteriorated within the last 24 hours resulting in his demise,” Duque said.
⠀
Keep reading on coconuts.co (link in bio)
.
.
.
.
#philippines #manila #coronavirus #wu#wuhancoronavirusoutbreak #coronavirusoutbreak #wuhanvirus #wuhanchina #wuhanpneumonia #chinavirus #quarantine #outbreak #coronavirusawareness",02/03/2020,en,English,negative
B8GzpOsh-lm,"WHO has identified 13 top priority countries (Algeria, Angola, Cote d’Ivoire, the Democratic Republic of the Congo, Ethiopia, Ghana, Kenya, Mauritius, Nigeria, South Africa, Tanzania, Uganda, and Zambia) which either have direct links or a high volume of travel to China.
“To ensure rapid detection of the novel coronavirus, it is important to have laboratories which can test samples and WHO is supporting countries to improve their testing capacity. Since this is a new virus, there are currently only two referral laboratories in the African region which have the reagents needed to conduct such tests.
“However, reagent kits are being shipped to more than 20 other countries in the region, so diagnostic capacity is expected to increase over the coming days. Active screening at airports has been established in a majority of these countries and while they will be WHO first areas of focus, the organization will support all countries in the region in their preparation efforts. “It is critical that countries step up their readiness and in particular put in place effective screening mechanisms at airports and other major points of entry to ensure that the first cases are detected quickly”.
.
.
.
.
.
.
.
.
#Clinalancet #laboratory #healthawareness #coronavirusawareness #stayhealthy",02/03/2020,en,English,positive
B8F5rrjHe0-,"El hospital en #Wuhan, que atenderá a partir de hoy lunes #3Feb.
.
.
.
.

#coronavirus #coronavirusoutbreak #virus #wuhan #wuhanvirus #coronaviruschina #wuhanchina #corona #coronovirus #chinavirus #wuhancoronavirus #outbreak #plagueinc #corona #coronaviruses #coronavirusfrance #coronavirus2020 #coronavirusbrasil #coronavirusnews #coronavirusecuador #coronaviruswuhan #coronavirusindia #coronavirusupdate #coronaviruschino #coronavirusawareness #coronavirusdewuhan #coronavirusoutbreak2020 #coronavirusaustralia #coronavirus2019 #coronavirusu",02/03/2020,en,English,neutral
B8F4b4oId8G,"Coronavirus has been in existence for decades infecting birds & mammals. A new type of coronavirus (CoV) has been identified in humans for which there are no vaccinations available yet. Get diagnosed today!

WhatsApp: 9701003333
#ApolloClinics #CoronaVirus #CoronaVirusAwareness #FightCoronaVirus",02/03/2020,en,English,neutral
B8GnlW7F_rl,"Help, I’m about to be run over by the next vehicle who parks here!

#youreverydayasian 
#disposablesurgicalmasks #surgicalmasks #facemasks #coronavirus #coronavirusoutbreak #novelcoronavirus #coronavirusmemes #coronavirus2020 #coronavirusawareness #coronavirus😷",02/03/2020,en,English,neutral
B8HAQecFF4C,"We have seen a lot of the hard work that happens at the frontline in the hospitals. Medical staff is working relentlessly to get a grip of the situation. At the same time, delivery staff continues to work. While many people are still stuck where they traveled to for Chinese New Year, those who are in town continue to deliver meals, groceries, and other merchandise to those who prefer to stay at home. This delivery staff in Wuhan speaks about how hard it is to see the city so empty. He tries to keep doing his job because he knows that others rely on his service to stay safe indoors.

中国加油(china jiayou)=China you can do it, keep fighting!
#ChinaJiayou #wuhancoronavirus #coronavirus #chinavirus #coronaviruschina #chinacoronavirus #wuhancoronaoutbreak #chinavirusnews #corona #coronavirusawareness #wuhan #wuhanvirus #武汉加油 #中国加油",02/03/2020,en,English,negative
B8GcivVAgmV,"The patient is a student from Wuhan and has... FOLLOW: @hashttag.news for more “FLASH UPDATES”. ————————————————————————⠀
⠀
India 🇮🇳:⠀
⠀
The patient is a student from Wuhan and has been admitted to an isolation ward at a hospital in Kasaragod district. India's other two coronavirus patients are also in Kerala.⠀
⠀ ————————————————————————⠀⠀⠀⠀
FOLLOW: @hashttag.news⠀⠀⠀⠀⠀⠀⠀⠀⠀⠀⠀⠀⠀
⠀⠀⠀⠀⠀⠀⠀⠀⠀⠀⠀⠀⠀
FOLLOW: @hashtag.cinemas⠀⠀⠀⠀⠀⠀⠀⠀⠀⠀⠀⠀⠀
⠀⠀⠀⠀⠀⠀⠀⠀⠀⠀⠀⠀⠀
FOLLOW: @hashtag.memz ———————————————————————— #NoMeat_NoCoronaVirus #coronarvirus #nCoV2020 #CoronaVirusIndia #coronavirus #coronaviruses #coronaviruschina #coronavirusoutbreak #coronavírus #coronavirüs #coronavirusmemes #coronaviruschino #coronavirusupdate #coronavirusawareness #coronavirusnews #coronavirus2020 #WorldHealthOrganization #CHINAvirus #china #virus #keralavirus #kerala #CoronavirusWho #coronaviruschina #CoronaVirusKerala #keralavirus  #coronarvirues #keralacoronavirus  #CoronavirusOutbreak #seithigal.",02/03/2020,en,English,negative
B8GIgf6lU3y,"To help stop the spread of respiratory 
Infections and viruses, it is highly recommended to avoid close contact from people who are sick.😷 Avoid touching their eyes, nose, and mouth. Drink a lot of fluids.👍🏼 And most importantly, wash your hands often with soap and warm water or always bring and use hand sanitizers.☺️
⠀⠀⠀⠀⠀⠀⠀⠀⠀⠀⠀⠀⠀⠀⠀⠀⠀⠀⠀⠀⠀⠀⠀⠀⠀⠀⠀⠀⠀⠀⠀⠀⠀⠀⠀⠀
Use Snoe Beauty Apothecary Essential Oil Hand Sanitizer as it effectively kills germs and bacteria with the wonderful therapeutic scent of natural essential oil.👌🏼 Bring this handy sanitizer anytime, anywhere. Stay clean, stay healthy!😘 #SnoeBeauty #CoronaVirusAwareness #Precaution",02/03/2020,en,English,positive
B8GM-S-FtE1,"The coronavirus has been infecting many in China and has spread into many other countries as well. Please take precautionary measures and stay safe!
Our prayers are with those who are sickened and killed by the disease, we pray their families get comfort. We support the great commitment of the Chinese community to contain the deadly virus ASAP.

#CoronaVirus #CoronavirusAwareness #nCoV #NovelCoronaVirus #PrayForWuhan #PrayForChina #Awareness",02/03/2020,en,English,positive
B8G-QNbF42C,"This nurse is only 25 years old. At the end of her shift she was so tired that she fell asleep standing leaning on the doorframe.  Hospitals in Wuhan are overwhelmed with the influx of patients. Due to the symptoms of the corona virus being very similar to those of the common flu, many scared people go to the hospital all over China. It is estimated that many of those showing up only have caught a common cold but end up picking up the virus while queuing up in the hospital.

中国加油(china jiayou)=China you can do it, keep fighting!
#ChinaJiayou #wuhancoronavirus #coronavirus #chinavirus #coronaviruschina #chinacoronavirus #wuhancoronaoutbreak #chinavirusnews #corona #coronavirusawareness #wuhan #wuhanvirus #武汉加油 #中国加油",02/03/2020,en,English,negative
B8FaC1Pg_mD,"Wuhan virus can invade the heart and cause viral myocarditis. His heart was painless. The virus caused sudden death
_____________________________

Let's follow for the information

#coronavirus #coronavirusoutbreak #virus #wuhan#wuhanvirus #coronaviruschina #wuhanchina#corona #coronovirus #chinavirus#wuhancoronavirus #outbreak #plagueinc #corona#coronaviruses #coronavirusfrance#coronavirus2020 #coronavirusbrasil#coronavirusnews #coronavirusecuador#coronaviruswuhan #coronavirusindia#coronavirusupdate #coronaviruschino#coronavirusawareness #coronavirusdewuhan#coronavirusoutbreak2020",02/03/2020,en,English,negative
B8G-tTqFTt0,"Many people are working 12 hour shifts in order to try to keep up with the outbreak of the corona virus. Some people have to start work on February 3rd so there is movement on the highways, so the fear that people who have been contaminated (and might not have any symptoms yet) bring the virus to other places in China. At toll stations drivers have to have their temperature measured. If they arrive by plane they have to declare their full past travel history before being let out. If someone arrives from Hubei province they have to remain in their home for 14 days. Special personnel comes by during the time to check on them, bring them food, and carry away their garbage. If they do not comply, they are being brought to an isolated building (often special hotels for this purpose), where they are monitored for two weeks.

中国加油(china jiayou)=China you can do it, keep fighting!
#ChinaJiayou #wuhancoronavirus #coronavirus #chinavirus #coronaviruschina #chinacoronavirus #wuhancoronaoutbreak #chinavirusnews #corona #coronavirusawareness #wuhan #wuhanvirus #武汉加油 #中国加油",02/03/2020,en,English,negative
B8F1PWKpLvE,"Currently there is no cure to 2019-nCoV but following these steps can help prevent infection.
.
.
.
#fischer #Coronavirus #Precautions #coronavirusawareness #fischerMEA  #approvedbyexperts #InnovativeFixingSolutions #safety #quality #interiordesign #architecture #engineering#protection #saudiarabia #dubai #qatar #oman #anchorbolt #gcc #middleeast #firesafety #building #buildingmaterials #engineers #abudhabi #framefixing #contractors #builders #chemicalfixing",02/03/2020,en,English,neutral
B8G_eytFh7b,"Medical personnel from the People’s Liberation Army (PLA) is getting the rooms ready at Huoshenshan Hospital. Some rooms are already prepared to intake patients. Construction on this hospital started on January 24th, 2020.

中国加油(china jiayou)=China you can do it, keep fighting!
#ChinaJiayou #wuhancoronavirus #coronavirus #chinavirus #coronaviruschina #chinacoronavirus #wuhancoronaoutbreak #chinavirusnews #corona #coronavirusawareness #wuhan #wuhanvirus #武汉加油 #中国加油",02/03/2020,en,English,positive
B8HGms_B-We,"WHO’s standard recommendations for the general public to reduce exposure to and transmission of a range of illnesses are as follows, which include hand and respiratory hygiene, and safe food practices:

Frequently clean hands by using alcohol-based hand rub or soap and water;

When coughing and sneezing cover mouth and nose with flexed elbow or tissue – throw tissue away immediately and wash hands;

Avoid close contact with anyone who has fever and cough;

If you have fever, cough and difficulty breathing seek medical care early and share previous travel history with your health care provider;

When visiting live markets in areas currently experiencing cases of novel corona virus, avoid direct unprotected contact with live animals and surfaces in contact with animals;

The consumption of raw or undercooked animal products should be avoided. Raw meat, milk or animal organs should be handled with care, to avoid cross-contamination with uncooked foods, as per good food safety practices.

#coronavirus #corona #coronavirusawareness #protect  #protection #protectyourself #awareness #medical #healthylifestyle #spreadpositivity #selvakumarmedicals #selvakumarmedicals #selvakumarmedicals #selvakumarmedicals #selvakumarmedicals #selvakumarmedicals #selvakumarmedicals #selvakumarmedicals #selvakumarmedicals #selvakumarmedicals",02/03/2020,en,English,positive
B8G1vUrFH7k,"In Shanghai, family members of a person diagnosed with the virus are forced to go into quarantine. Why so afraid of the quarantine field? .
#coronavirus # 2019ncov #governmentlie #coronaviruses
#coronavirusoutbreak #virus #wuhan#wuhanvirus #coronaviruschina #wuhanchina#corona #coronovirus #chinavirus#wuhancoronavirus #outbreak #plagueinc #corona  #coronavirus2020 #coronavirusnews #coronavirusecuador #coronaviruswuhan #coronavirusindia #coronavirusupdate #coronaviruschino #coronavirusawareness #coronavirusdewuhan #coronavirusoutbreak2020 #coronavirusaustralia",02/03/2020,en,English,negative
B8F7dJiA76U,"Singing to support infected patients

_____________________________

Let's follow for the information

#coronavirus #coronavirusoutbreak #virus #wuhan#wuhanvirus #coronaviruschina #wuhanchina#corona #coronovirus #chinavirus#wuhancoronavirus #outbreak #plagueinc #corona#coronaviruses #coronavirusfrance#coronavirus2020 #coronavirusbrasil#coronavirusnews #coronavirusecuador#coronaviruswuhan #coronavirusindia#coronavirusupdate #coronaviruschino#coronavirusawareness #coronavirusdewuhan#coronavirusoutbreak2020",02/03/2020,en,English,negative
B8FkHGKgo0k,"See how China is attacking the problem from all sides: Surveillance drones when they locate someone without a mask or outside the house, alert with a sound system to fit safety standards. Some even think it's funny and others are scred
_____________________________

Let's follow for the information

#coronavirus #coronavirusoutbreak #virus #wuhan#wuhanvirus #coronaviruschina #wuhanchina#corona #coronovirus #chinavirus#wuhancoronavirus #outbreak #plagueinc #corona#coronaviruses #coronavirusfrance#coronavirus2020 #coronavirusbrasil#coronavirusnews #coronavirusecuador#coronaviruswuhan #coronavirusindia#coronavirusupdate #coronaviruschino#coronavirusawareness #coronavirusdewuhan#coronavirusoutbreak2020",02/03/2020,en,English,positive
B8GYGYlFZ8P,"This is a fight by all and for all.
.
Don't forget to stay safe and healthy, and report any suspected case to the right authorities.
.
#coronavirus #mondaymotivation #mentalhealth #china #wuhan #uk #usa #france #coronavirusalert #coronavirusfacts  #coronavirusawareness #coronaviruswuhan #coronavirusmeme #who #unicef  #coronavirusnews #healthyme, #healthjourney #healthypregnancy #healthymeal #healthysnack #healthyhabits #healthyrecipe #wuhancoronavirusoutbreak #wuhancity",02/03/2020,en,English,positive
B8F9kl5IANs,"The deadly Corona virus has reared it's fatal head in China and the risk of its spread is dead serious without any known cure as of now. It's time to be cautious. Here's a few things which can self-help.

#coronavirus #coronavirusawareness #prevention #coronaviruschina #coronavirusoutbreak #awareness #epidemic",02/03/2020,en,English,negative
B8F2SbIC2wx,"With no known cure for the Corona Virus, it is important that we start the prevention process at home and through our daily routine.

#coronavirus #coronavirusawareness #prevention #coronaviruschina #coronavirusoutbreak #awareness #epidemic",02/03/2020,en,English,neutral
B8Fh2UrgHiO,"Why is a new infectious disease so alarming? ⁠
⁠
Two things. ⁠
⁠
At first, it spreads exponentially. As tens of cases become hundreds and hundreds become thousands, the mathematics run away with you. That conjures speculation about a health-care collapse, social and economic upheaval and a deadly pandemic. ⁠
⁠
The other is profound uncertainty. Sparse data and conflicting reports mean that scientists cannot rule out the worst case—and that lets bad information thrive.⁠
⁠
The new coronavirus will probably become a pandemic. But public health services can help determine how severe it turns out to be. Click on the link in our bio to read our cover article this week.
_____________________________

Let's follow for the information

#coronavirus #coronavirusoutbreak #virus #wuhan#wuhanvirus #coronaviruschina #wuhanchina#corona #coronovirus #chinavirus#wuhancoronavirus #outbreak #plagueinc #corona#coronaviruses #coronavirusfrance#coronavirus2020 #coronavirusbrasil#coronavirusnews #coronavirusecuador#coronaviruswuhan #coronavirusindia#coronavirusupdate #coronaviruschino#coronavirusawareness #coronavirusdewuhan#coronavirusoutbreak2020",02/03/2020,en,English,negative
B8FcEBCA0xf,"A man known famously for eating live animals in China is seen eating a live frog. He has been banned from doing this multiple times. This does not mean all Chinese do this
_____________________________

Let's follow for the information

#coronavirus #coronavirusoutbreak #virus #wuhan#wuhanvirus #coronaviruschina #wuhanchina#corona #coronovirus #chinavirus#wuhancoronavirus #outbreak #plagueinc #corona#coronaviruses #coronavirusfrance#coronavirus2020 #coronavirusbrasil#coronavirusnews #coronavirusecuador#coronaviruswuhan #coronavirusindia#coronavirusupdate #coronaviruschino#coronavirusawareness #coronavirusdewuhan#coronavirusoutbreak2020",02/03/2020,en,English,negative
B8GD8__BQTY,"Now China has suffered from Swine flu, Plague, Coronavirus, earthquake!

what's next? H5N1 Bird flu outbreak was reported in Hunan province yesterday and poultry were culled by the authorities

Stay safe folks! 🙏

#coronavirus #coronavirusoutbreak #virus #wuhan#wuhanvirus #coronaviruschina #wuhanchina#corona #coronovirus #chinavirus#wuhancoronavirus #outbreak #plagueinc #corona#coronaviruses #coronavirusfrance#coronavirus2020 #coronavirusbrasil#coronavirusnews #coronavirusecuador#coronaviruswuhan #coronavirusindia#coronavirusupdate #coronaviruschino#coronavirusawareness #coronavirusdewuhan#coronavirusoutbreak2020 #coronavirusaustralia#coronavirus2019 #coronavirususa",02/03/2020,en,English,negative
B8FbDO3AFQ7,"Wuhan Market China
_____________________________

Let's follow for the information

#coronavirus #coronavirusoutbreak #virus #wuhan#wuhanvirus #coronaviruschina #wuhanchina#corona #coronovirus #chinavirus#wuhancoronavirus #outbreak #plagueinc #corona#coronaviruses #coronavirusfrance#coronavirus2020 #coronavirusbrasil#coronavirusnews #coronavirusecuador#coronaviruswuhan #coronavirusindia#coronavirusupdate #coronaviruschino#coronavirusawareness #coronavirusdewuhan#coronavirusoutbreak2020",02/03/2020,en,English,neutral
B8F2ShAiRtD,"Prevention is better than cure. In times of epidemics like the Corona Virus, it’s best to be aware of what we are dealing with.  Here are a few symptoms of the virus. 
The symptoms of the Corona Virus are similar to other respiratory illnesses, like the flu, and will manifest as a cough, shortness of breath and fever.

#coronavirus #coronavirusawareness #prevention #coronaviruschina #coronavirusoutbreak #awareness #epidemic",02/03/2020,en,English,negative
B8HES7sJv-G,"For Daily Updates and latest news,
 follow @currentaffairss2020 
#news #breakingnews  #upscaspirants #upscexam #upsc #naukri  #newspaper #goodnews #instanews #gkindia #news #newspaper #breakingnews  #gkfacts #currentlyreading #currentsituation #currentaffairs #currentaffairs4exams #currentaffairs2020  #governmentjob #mpsc #mppscgkgeneral #mppsc #banking #bank #coronavirusindia
#coronavirus #coronaviruschina #coronavirusawareness #kerala#likes",02/03/2020,en,English,neutral
B8GbE0JlNhg,"China built Hospitals for Wuhan Virus Patients in record 10 days.

#virus #coronavirus #wuhan #wuhanvirus #coronavirusoutbreak #wuhanchina #coronavirusmemes #ncov #viruscorona #corona #india #coronavirusindia  #coronavirusworld #newsalert  #plagueinc #coronavirusnews #outbreak #wuhancoronavirus #chinavirus #sars #coronavirusawareness",02/03/2020,en,English,neutral
B8GugWGhXLi,"China just built a new hospital for Coronavirus patients in a record 10 days... FOLLOW: @hashttag.news for more “FLASH UPDATES”. ———————————————————————— A second hospital with 1,500 beds is under construction. Footage shown by state broadcaster CCTV showed prefabricated wards equipped with state-of-the-art medical equipment and ventilation systems.
.
.
Leading Chinese epidemiologist Zhong Nanshan said additional hospital space was crucial to stopping the spread of new infections. “The lack of hospital rooms forced sick people to return home, which is extremely dangerous. So having additional (beds) available is a great improvement,” Zhong told CCTV's 24-hour news channel.
.
.
.
China has a new total of 361 deaths and 2,829 new cases over the last 24 hours, bringing the Chinese total to 17,205 cases. Source: cnn ————————————————————————⠀⠀⠀
FOLLOW: @hashttag.news⠀⠀⠀⠀⠀⠀⠀⠀⠀⠀⠀⠀
⠀⠀⠀⠀⠀⠀⠀⠀⠀⠀⠀⠀
FOLLOW: @hashtag.cinemas⠀⠀⠀⠀⠀⠀⠀⠀⠀⠀⠀⠀
⠀⠀⠀⠀⠀⠀⠀⠀⠀⠀⠀⠀
FOLLOW: @hashtag.memz ———————————————————————— #China #Wuhan #ChinaHospital #Coronavirus #CoronavirusOutbreak #NoMeat_NoCoronaVirus #coronarvirus #nCoV2020 #CoronaVirusIndia #coronavirus #coronaviruses #coronaviruschina #coronavirusoutbreak #coronavírus #coronavirüs #coronavirusmemes #coronaviruschino #coronavirusupdate #coronavirusawareness #coronavirusnews #coronavirus2020 #WorldHealthOrganization #CHINAvirus #china #virus #India #airindia #airindiaflight #coronaviruschina #seithigal",02/03/2020,en,English,negative
B8GqQV6BVeY,"Coronavirus Searches being used by Cybercriminals to Target Victims.
.
To avoid falling victim to malicious programmes pretending to be exclusive content, people should try to avoid suspicious links, WhatsApp forwarded message .
.
Click link in bio for more info.
.
.
Please do not open such files ( .PDF , .mp4. , .doc ) pretending having information on how to protect yourself from the Coronavirus
.
#coronavirus
#coronavirusindia #coronavirusinfo #coronavirusfacts #coronavirusinfection #coronaviruses #coronavirusawareness #coronaindia #coronavirusnews #virus #spamming #cybercrime #cyberattack #cyber #cybercriminals #cybercrimes",02/03/2020,en,English,negative
B8F8CMAg62q,"Coronavirus

_____________________________

Let's follow for the information

#coronavirus #coronavirusoutbreak #virus #wuhan#wuhanvirus #coronaviruschina #wuhanchina#corona #coronovirus #chinavirus#wuhancoronavirus #outbreak #plagueinc #corona#coronaviruses #coronavirusfrance#coronavirus2020 #coronavirusbrasil#coronavirusnews #coronavirusecuador#coronaviruswuhan #coronavirusindia#coronavirusupdate #coronaviruschino#coronavirusawareness #coronavirusdewuhan#coronavirusoutbreak2020",02/03/2020,en,English,neutral
B8H8MLNF8yP,"Number of confirmed coronavirus cases now more than 20,000

Coronavirus nCoV Update 
Cases: 20,657
Deaths: 425

Feb 3 - 23:58 GMT

#coronavirus888 #coronavirus #coronavirusupdates #coronavirusoutbreak #outbreak888",02/04/2020,en,English,neutral
B8KbFwFloGS,"Coronavirus nCoV Update 
Cases: 23,902
Deaths: 493

Feb 4 - 23:07 GMT

#coronavirus888 #coronavirus #coronavirusupdates #coronavirusoutbreak #outbreak888",02/04/2020,en,English,neutral
B8JgVblFAxo,"Coronavirus nCoV Top 10 Countries (# of confirmed cases)
Mainland China: 20,541
Japan: 20
Thailand: 19
Singapore: 18
Hong Kong: 17
South Korea: 15
Australia: 12
Germany: 12
USA: 11
Malaysia, Macau, Taiwan: 10

Feb 4 - 14:33 GMT
#coronavirus888 #coronavirus #coronavirusupdates #coronavirusoutbreak #outbreak888",02/04/2020,en,English,neutral
B8IA6p2FG00,China's coronavirus crisis has devastated the world's biggest casino hub as visitors avoid Macau amid outbreak fears #coronavirus888 #coronavirus #coronavirusupdates #coronavirusoutbreak #outbreak888,02/04/2020,en,English,negative
B8KcCQClgjf,Scientists Warn: You Can Catch Coronavirus More Than Once.  #coronavirus888 #coronavirus #coronavirusupdates #coronavirusoutbreak #outbreak888,02/04/2020,en,English,negative
B8IiIcipRI9,"Hong Kong reported its first death from the new coronavirus on Tuesday, the second fatality outside mainland China from an outbreak that has killed over 420 people, spread around the world and raised fears for global economic growth.

#Pakistan #hongkong #china #coronavirus #coronaviruse #coronavirusoutbreak #coronavirushongkong #coronavirusupdates #virus #chinavirus #concepttvlive #concepttvnews #pakistanzindabad",02/04/2020,en,English,negative
B8IU-QJnIFZ,Up to 1500-2500 people r confirmed to get sick by Coronavirus every day. #coronaviruschina #wuhan #coronavirusoutbreak #coronaviruses #coronavirus #coronavirus2020 #coronavirusgermany #coronavírus #coronaviruscanada #Coronavirus news #coronavirusrussia #coronavirusthailand #coronavirustoronto #coronavirustoday #coronavirusupdates #coronavirusspain #coronavirusphilippines #coronavirustaiwan #coronavirususa #coronavirusfrance #coronavirussouthkorea #coronavirusmalaysia,02/04/2020,en,English,negative
B8KNJ9sl-Uw,"Tell us how you’re getting on! Link in bio, as well. #shanghai #shanghaimamas #coronaviruschina #coronavirusupdates #quarantined #china",02/04/2020,en,English,neutral
B8Jwv7zFe9x,"🙏🏼 for 🇨🇳 Credits:
@afpphoto 
@thejakartapostsurabaya 
@reuters .
.
.
#prayforchina #prayforchina🇨🇳 #prayforchina🙏 #prayforchinaplease #prayforchinatown #prayforchina🙏❤️ #coronavirus #coronavirusoutbreak #coronavirus2020 #coronaviruschina #coronavirusnews #coronaviruses #coronaviruswuhan #coronavirusupdate #coronaviruschino #coronavirusawareness #coronavirusdewuhan #coronavirusoutbreak2020 #coronavirus2019 #coronavirusfacts #coronavirusalert #coronavirus😷 #coronavirusprevention #coronavirusinfection #coronavirusprotection #coronavirusupdates #coronavirusworld #coronaviruscure #humanity #compasion",02/04/2020,en,English,positive
B8Jn5u4Axxs,"#coronavirus #coronaspreading #coronasymptoms #coronavirusawareness 
#follow #f4f #followme #me #followforfollow #follow4follow #teamfollowback #followher #followbackteam #followhim #followall #followalways #followback #me #love #pleasefollow #follows #follower #following",02/04/2020,en,English,neutral
B8JUr69A272,"Let's pray for those, who are afraid of taking even a single breath ... let's pray for those, In search of hope....
Mandala+Painting Timelaps video
.
#mandala #doodle #art #mandalaart #coronavirusawareness #zentangles #mandalorian #painting  #coron #coronavirus #drawing #mandaladrawing #learn  #inspiration #drawingvideo #ilovesharingmandala @i_love.mandalas #mandalatattoo #designs #follow #dailyart #artistic_unity_  #wuhan #ruangseni #gellyrollmoonlight @ruangseni_mandala @i.love.sharing.mandala @mandala.page #mandalaslovers @mandalaslovers #china #artistsoninstagram #artist",02/04/2020,en,English,positive
B8KKAUyjmQg,"Try to use musk, especially in a public place to avoid from Novel Coronavirus Infection!! #coronavirusawareness",02/04/2020,en,English,negative
B8JdbfqlN6s,"To heal the patients it requires a dedicated medical team. To protect those who remain locked in their own homes, these delivery staff make the difference. This delivery staff shows how he brings food to his customer while preventing the potential of contamination.

中国加油(china jiayou)=China you can do it, keep fighting!
#ChinaJiayou #wuhancoronavirus #coronavirus #chinavirus #coronaviruschina #chinacoronavirus #wuhancoronaoutbreak #chinavirusnews #corona #coronavirusawareness #wuhan #wuhanvirus #武汉加油 #中国加油",02/04/2020,en,English,positive
B8JSr-AAzVC,"The Virus, which is threatening everyone now a days is ""Corona Virus"". Initially found in Wuhan City China and spreading all over the world. Currently many China citizens going through the pain and fighting against this virus. Let's pray for them a bit.

Coronaviruses are transmitted between animals and people.  Detailed investigations found that SARS-CoV was transmitted from civet cats to humans and MERS-CoV from dromedary camels to humans. Several known coronaviruses are circulating in animals that have not yet infected humans. 
Common signs of infection include respiratory symptoms, fever, cough, shortness of breath and breathing difficulties. In more severe cases, infection can cause pneumonia, severe acute respiratory syndrome, kidney failure and even death. 
Standard recommendations to prevent infection spread include regular hand washing, covering mouth and nose when coughing and sneezing, thoroughly cooking meat and eggs. Avoid close contact with anyone showing symptoms of respiratory illness such as coughing and sneezing.
.
Checkout IG tv 📺 video for complete drawing...
.
#mandala #doodle #art #mandalaart #coronavirusawareness #zentangles #mandalorian #painting  #coron #coronavirus #drawing #mandaladrawing #learn  #inspiration #prayforchina #ilovesharingmandala @i_love.mandalas #mandalatattoo #designs #follow #dailyart #artistic_unity_  #wuhan #ruangseni #gellyrollmoonlight @ruangseni_mandala @i.love.sharing.mandala @mandala.page #mandalaslovers @mandalaslovers #china #artistsoninstagram #artist @mandala_for_all",02/04/2020,en,English,negative
B8JTOREAmLC,"Let's pray for those, who are afraid of taking even a single breath ... let's pray for those, In search of hope....
Mandala+Painting Timelaps video
.
#mandala #doodle #art #mandalaart #coronavirusawareness #zentangles #mandalorian #painting  #coron #coronavirus #drawing #mandaladrawing #learn  #inspiration #drawingvideo #ilovesharingmandala @i_love.mandalas #mandalatattoo #designs #follow #dailyart #artistic_unity_  #wuhan #ruangseni #gellyrollmoonlight @ruangseni_mandala @i.love.sharing.mandala @mandala.page #mandalaslovers @mandalaslovers #china #artistsoninstagram #artist",02/04/2020,en,English,positive
B8JXDcAiL4J,@prilaga #memesdaily #mememashup #coronavirusfrance #memes #funnymeme #coronaviruswuhan #memegram #coronavirüs #coronavirusoutbreak #memestagram #meme #coronavirüsü #carmemes #instamemes #dankmemes #coronavirusawareness #coronavirusindia #coronavírus #memecomic #memes4life #coronavirusnews #coronaviruses,02/04/2020,en,English,neutral
B8JpNzdgpV5,"#prayforcoronavirusvictims #Godblessyou #Fastcoronacontrol
 #coronavirus #coronaspreading #coronasymptoms #coronavirusawareness 
#follow #f4f #followme #me #followforfollow #follow4follow #teamfollowback #followher #followbackteam #followhim #followall #followalways #followback #me #love #pleasefollow #follows #follower #following",02/04/2020,en,English,neutral
B8JnW_-gDqb,"#coronavirus #coronaspreading #coronasymptoms #coronavirusawareness 
#follow #f4f #followme #me #followforfollow #follow4follow #teamfollowback #followher #followbackteam #followhim #followall #followalways #followback #me #love #pleasefollow #follows #follower #following",02/04/2020,en,English,neutral
B8JNQh2DnfR,"What is Coronavirus?⠀
Coronaviruses (CoV) are a large family of viruses that cause illness ranging from the common cold to more severe diseases.⠀
A novel coronavirus (nCoV) is a new strain that has not been previously identified in humans.⠀
The new, or “novel” coronavirus, now called 2019-nCoV, had not been previously detected before the outbreak was reported in Wuhan, China in December 2019.⠀
⠀
#coronavirus #CoV #nCoV #coronavirusoutbreak #coronavirus2020 #coronavirusindia #coronavirusawareness #commoncold #cold #virus #illness #diseases #nCoV2020 #CoV2020 #Digitalhealth #Healthcare #Health #followus #digitalhealth #innovation #medical #medicallife #wellness #healthcareforall #healthcareprofessional #healthcaremanagement #healthylifestyle #HealthyLiving #healthandwellness #HealthForAll",02/04/2020,en,English,negative
B8KLmvViBcJ,@prilaga #coronavirus #instameme #coronavirusnews #meme #coronavirus2020 #carmemes #mememashup #coronavirüsü #memestagram #coronavirusoutbreak #coronavirusfrance #memesdaily #coronavirüs #dankmemes #coronavirusindia #prilaga #instamemes #coronavirusmemes #coronavirusawareness #coronaviruses #memecomic #memestealer #coronavirusmeme #coronaviruschina #memegram #memes #funnymeme #memeindo #coronavírus #coronaviruswuhan,02/04/2020,en,English,neutral
B8IW67MJwgo,"PREVENTION IS BETTER THAN CURE! 
It is better to stop something bad from happening than it is to deal with it after it has happened.

Here are some tips to help prevent the new Corona virus. 😷🙅🏻🙅🏻‍♀️ #staysafealways #coronavirusawareness",02/04/2020,en,English,negative
B8JngiwBuFt,"The world’s headlines are focused on the coronavirus outbreak in China. But what does this mean for you and your baby? Should you be worried? Find a complete guide in our app. Link in bio!
.
.
.
#coronavirus #coronavirusoutbreak #coronavirusnews #coronaviruses 
#coronavirusawareness #coronaviruschina #healthprevention 
#babyhealthcare #babycaretips",02/04/2020,en,English,positive
B8IeUjvDVg_,Just posted a video! MUST WATCH especially if you're an ecommerce seller! #coronavirus #coronavirusoutbreak #corona #virus #infection #spread #awareness #ecommerce #onlineseller #onlineselling #coronavirusmemes #coronaviruses #coronavirüsü #coronaviruschina #coronaviruschino #coronaviruschina2020 #sick #ill #outbreaks #sickness #china #coronavirusnews #coronavirusawareness #coronavirusalert #coronaviruswuhan #wuhan #coronavirusworld #coronavirusinfection #coronavirusinchina,02/04/2020,en,English,neutral
B8IccgOjKEz,"Coronavirus is spreading rapidly, here are few things that work as precautionary measures👆🏻
Also, symptoms of the infection are:
- Runny nose
- Headache
- Cough
- Sore throat
- Fever
- A general feeling of being unwell

Keep yourself safe and help others too!
.
.
.
#coronavirus #symptoms #precaution
#measures #stayhealthy #stayalert
#instaartist #instadoodle #cutecreative #cuteillustration #illustration #artistsoninstagram #artistofinstagram #coronavirussymptoms #coronavirusawareness #corona #pandemic",02/04/2020,en,English,positive
B8IVVC7lqlm,"BREAKING: Man in Hong Kong dies of Wuhan coronavirus, reports say
⠀
A 39-year-old man has been confirmed as the first person in Hong Kong to die from the Wuhan coronavirus, and only the second worldwide outside of mainland China.
⠀
The news was first reported this morning by local broadcaster TVB News, who said that the man in question had been the 13th coronavirus case confirmed by authorities, and lived in Whampoa. Hong Kong has confirmed a total of 15 cases so far.
⠀
The Centre for Health Protection reported on Friday that the man had taken a high-speed train from Hong Kong to Wuhan on Jan. 21, and from Changshanan to Hong Kong on Jan. 23. The CHP says that he didn’t visit any visit any health care facilities or markets, or have any exposure to wild animals, the suspected origin of the virus.
⠀
Read more on our website coconuts.co (link in bio)
.
.
.
.
#coronavirus #wuhancoronavirusoutbreak #coronavirusoutbreak #wuhanvirus #wuhanchina #wuhanpneumonia #chinavirus #quarantine #outbreak #coronavirusawareness #wuhanvirusdeath #breakingnews #hongkongnews #hongkong #hongkong🇭🇰 #hongkongonline #hkinstagram #hkig #publichealth #publichealthnews",02/04/2020,en,English,negative
B8IzK33la25,"Left us to go bang on the roof! At least we’ll be together forever!!!!! #youreverydayasian 
#disposablesurgicalmasks #surgicalmasks #facemasks #coronavirus #coronavirusoutbreak #novelcoronavirus #coronavirusmemes #coronavirus2020 #coronavirusawareness #coronavirus😷",02/04/2020,en,English,neutral
B8J6shDnCB8,"Got the opportunity to host a programme on Doordarshan and interviewed Dr Ak Dwivedi on spreading awareness about Corona Virus.
#coronavirusawareness
#homeopathy
#tvhost
#doordarshan",02/04/2020,en,English,positive
B8InB1xlhRT,"With the outbreak of Coronavirus in China, there is a panic amongst the masses regarding its outspread. Keep yourself updated with this information to save yourself from Coronavirus.

We suggest you to take precautions and share with those around you from contracting this lethal virus.
.
.
#Quest #QUESTChandigarh #Coronavirus #CoronavirusOutbreak #CoronavirusAwareness #CoronavirusPrecautions #CoronavirusSymptoms #StaySafe",02/04/2020,en,English,positive
B8I2H7pl9Ja,"Confirmed cases top 20,000 
#virus #coronavirus #wuhan #wuhanvirus #coronavirusoutbreak #wuhanchina #coronavirusmemes #ncov #viruscorona #corona #india #coronavirusindia  #coronavirusworld #newsalert  #plagueinc #coronavirusnews #outbreak #wuhancoronavirus #chinavirus #sars #coronavirusawareness",02/04/2020,en,English,neutral
B8Jd7AolliO,"This young medical staff went to Wuhan secretly without telling her parents. After seven days of work her face has marks from her mask and safety glasses she wears all day. Thank you to all medical staff for their dedication and all they give to cure the patients in China.

中国加油(china jiayou)=China you can do it, keep fighting!
#ChinaJiayou #wuhancoronavirus #coronavirus #chinavirus #coronaviruschina #chinacoronavirus #wuhancoronaoutbreak #chinavirusnews #corona #coronavirusawareness #wuhan #wuhanvirus #武汉加油 #中国加油",02/04/2020,en,English,positive
B8JfO5dHpkM,BREAKING: Thailand finds six more cases of coronavirus; 373 in hospital for monitoring. Link in our bio for the latest updates on #coronavirusoutbreak. #2019nCov #NovelCoronavirus,02/04/2020,en,English,neutral
B8Jma3LnXLF,"#newsworthy
Kerala has declared the coronavirus😷 infection a state calamity.
•• The three Kerala patients who tested positive are currently stable and under observation in isolation. •• Latest coronavirus toll: 425 deaths and 20,600 confirmed cases across 27 countries.
.
#newsworthywithab #coronavirusoutbreak #keralacoronavirus #coronavirusupdate
#indianewsupdates #coronavirus #coronavirusoutbreak #coronaviruses #wuhanvirus #wuhancoronavirus #coronaviruschina #coronavirus2020 #coronavirusawareness #wuhanchina #wuhanvirus #wuhancoronavirus #wuhanpneumonia #wuhancity #coronavirusindia",02/04/2020,en,English,positive
B8Jcqitl9NF,"I’m sure many of you have seen the sad video of the 9-month old baby little Qiqi, that had been diagnosed with the corona virus. The nurse couldn’t help but put away her tears when the baby in an isolation room asked her for a hug.

Wonderful news, the baby has responded well to the treatment and is getting ready to be released from hospital soon. During an examination little Qiqi recognized the head nurse immediately and stretched o it her tiny hands asking for a hug.

中国加油(china jiayou)=China you can do it, keep fighting!
#ChinaJiayou #wuhancoronavirus #coronavirus #chinavirus #coronaviruschina #chinacoronavirus #wuhancoronaoutbreak #chinavirusnews #corona #coronavirusawareness #wuhan #wuhanvirus #武汉加油 #中国加油",02/04/2020,en,English,positive
B8JANFrnIkR,"How to protect yourself from coronavirus 🤔 - 🧼👋 Wash your hands: wet your hands with clean, running water and apply soap. Lather your hands, including the backs, between your fingers, and under your nails and scrub for at least 20 seconds. - 🗣 🤭 Cover your mouth and nose with a tissue when you cough or sneeze, then throw the tissue in the bin and wash your hands. If you do not have a tissue to hand, cough or sneeze into your elbow rather than your hands. - 😷 😷 Face masks offer some protection as they block liquid droplets. However, they do not block smaller aerosol particles that can pass through the material of the mask. The masks also leave the eyes exposed and there is evidence that some viruses can infect a person through the eyes. 👀 - 👨‍⚕️👩‍⚕️ Seek early medical help if you have a fever, cough and difficulty breathing, and share your travel history with healthcare providers. - 🐖 🐄 If visiting live markets in affected areas avoid direct, unprotected contact with live animals and surfaces that have been in contact with animals. .
.
.
. 
#coronavirus #protectyourselffromcoronavirus #coronavirusawareness #nopanic #healthcareprofessional #cosmeticdentistry #dentistry #oralhealth #oralhygienetips .
. 📸: From AirportTechology",02/04/2020,en,English,negative
B8JdOxVFhX5,"This 9-year old girl gives her mother who works at the frontline a distant hug. She misses her mother tremendously. Her mother works for the party so she had to serve at the frontline immediately and will be working there until the outbreak has been controlled. Let’s hope for good news soon!

中国加油(china jiayou)=China you can do it, keep fighting!
#ChinaJiayou #wuhancoronavirus #coronavirus #chinavirus #coronaviruschina #chinacoronavirus #wuhancoronaoutbreak #chinavirusnews #corona #coronavirusawareness #wuhan #wuhanvirus #武汉加油 #中国加油",02/04/2020,en,English,positive
B8JCtrMFAIT,"Coronavirus Outbreak: Death toll mounts to 427 as Hong Kong reports first fatality.
.
.
.
.
#coronavirusoutbreak #coronaviruses #coronaviruschina #coronavirusnews #coronavirus2020 #coronaviruswuhan #coronavirusawareness #coronavirusupdate #coronavírus #coronaviruscases #china #wuhan #virus #health #healthawareness #india #news #worldnews #indianews #coronaviruscountries  #indianewsupdates #hongkong #deadly #deadlycoronavirus #deadlyvirus #chinavirus #corona #coronavirusdeathtoll #instawithjagranenglish #jagranenglish",02/04/2020,en,English,negative
B8KepxlCm16,#coronavirusmeme #china #italianmemes🇮🇹 #meme #memez #italy🇮🇹 #memezdank #coronavirüsü #coronavírus #coronavirus2020 #memesita #memesfordays #coronavirusnews #coronavirus #coronaviruses #coronavirusmemes #coronavirusawareness,02/04/2020,en,English,neutral
B8JcVV8J2OL,#coronavirus #coronavirusoutbreak #coronavirusmemes #coronavirusnews #coronaviruses #coronavirüsü #coronaviruschina #coronavirusmeme #coronavirus2020 #coronaviruschino #coronaviruswuhan #coronavirusawareness #coronavirusdewuhan #coronavírus #coronavirüs #medicine #naturalmedicine #plantmedicine #herbalmedicine #veterinarymedicine #functionalmedicine #alternativemedicine #chinesemedicine #sportsmedicine #naturopathicmedicine #aestheticmedicine #lifestylemedicine #emergencymedicine #medicineball #medicinehat,02/04/2020,en,English,neutral
B8Ja-kPg5fs,"Police in China are rounding people up and taking them by force if they are sick.
Would this be happening if the actual numbers of the infected and the dead were as low as what is being told? China is in panic.
 ________________________

Let's follow for the information

#coronavirus #coronavirusoutbreak #virus #wuhan#wuhanvirus #coronaviruschina #wuhanchina#corona #coronovirus #chinavirus#wuhancoronavirus #outbreak #plagueinc #corona#coronaviruses #coronavirusfrance#coronavirus2020 #coronavirusbrasil#coronavirusnews #coronavirusecuador#coronaviruswuhan #coronavirusindia#coronavirusupdate #coronaviruschino#coronavirusawareness #coronavirusdewuhan#coronavirusoutbreak2020 #coronavirusaustralia",02/04/2020,en,English,negative
B8Jc03slQPl,"Medical staff having a rest. In order not to waste supplies they don’t drink during their shift (which is often 12 hours or more) in order not to have to use the restroom. Many of them are said to be wearing diapers just in case. They are working so hard at the frontline trying to get a grip of the outbreak.

中国加油(china jiayou)=China you can do it, keep fighting!
#ChinaJiayou #wuhancoronavirus #coronavirus #chinavirus #coronaviruschina #chinacoronavirus #wuhancoronaoutbreak #chinavirusnews #corona #coronavirusawareness #wuhan #wuhanvirus #武汉加油 #中国加油",02/04/2020,en,English,negative
B8J2NeQFMOE,"Courage is what it takes to sit down and listen, and courage also what it takes to stand up and speak. 👉When I sat down the stairs,
And Then suddenly someone 
Askin me why I didn't wear a mask?

#concerned #safetyfirst  #courage #health #stand_up #speak #awareness  #coronavirusawareness",02/04/2020,en,English,positive
B8JHSuIK1hJ,"How to protect your child from CORONAVIRUS 
#coronavirus #coronavirusawareness #kidssefty #howtoprotectcild #childprotection #awarness #stmary #stmarychampion #stmarychampionindore #stmarychampionschool",02/04/2020,en,English,positive
B8K5CR8HuZr,"It is important to stay up to date about coronavirus but don't believe everything you read. Only trust information from legitimate sources like WHO and healthcare providers.

Call us at 1860 500 4424
Visit www.apollocradle.com

#CoronavirusUpdates #CoronavirusAlerts #Apollo #ApolloCradle #Coronavirus",02/05/2020,en,English,positive
B8LKfUIF4JG,#coronavirus888 #coronavirus #coronavirusupdates #coronavirusoutbreak #outbreak888,02/05/2020,en,English,neutral
B8L9HldlCy-,Report that said Wuhan coronavirus can spread before symptoms was flawed #coronavirus888 #coronavirus #coronavirusupdates #coronavirusoutbreak #outbreak888,02/05/2020,en,English,neutral
B8LKR27F0Ki,"Coronavirus nCoV Top 10 Countries (# of confirmed cases)
Mainland China: 24,377
Thailand: 24
Singapore: 24
Japan: 22
Hong Kong: 18
South Korea: 16
Australia: 13
Germany: 12
USA, Taiwan: 11
Malaysia, Macau: 10

Feb 5 - 05:57 GMT
#coronavirus888 #coronavirus #coronavirusupdates #coronavirusoutbreak #outbreak888",02/05/2020,en,English,neutral
B8LjUeqlnu1,""" and white robes were given unto every one of them; and it was said unto them, that they should rest yet for a little season, until their fellowservants also and their brethren, that should be killed as they were, should be fulfilled "" ( 6:9-11)

I cannot believe that nobody picked up on this.... people who are escorted to Coronavirus quarantine hostel are on 4 (!)buses run by HORSEMAN !!! Just WOW

Are they Four Horsemen of the biblical Apocalypse?!
DEATH 
FAMINE
WAR
AND CONQUEST

SPOOKY OR WHAT?! #dailymail
#coronavirus
#coronavirusupdates 
#apocalypse #biblicaltruth #biblicalapocalypse #apocalypsenow #horseman #biblicaltext #biblical #newtestament #newtestament6911 #911 #sevenseals #jesuschrist #revelation5 #revelation7 #revelation8 
#thereisnohope #piersmorgan",02/05/2020,en,English,negative
B8Ky8NcHDQ6,A video the CCP doesn't want you to see. Several reports show that non-infected people are being forcefully taken away as #coronavirus “patients” for reporting the truth on social media. CCP can use quarantine as an excuse to hunt down the dissidents.  #coronaviruschina #wuhan #coronavirusoutbreak #coronaviruses #coronavirus #coronavirus2020 #coronavirusgermany #coronavírus #coronaviruscanada #Coronavirus news #coronavirusrussia #coronavirusthailand #coronavirustoronto #coronavirustoday #coronavirusupdates #coronavirusspain #coronavirusphilippines #coronavirustaiwan #coronavirususa #coronavirusfrance #coronavirussouthkorea #coronavirusmalaysia,02/05/2020,en,English,positive
B8LTCo1JrsI,"The death toll from the coronavirus outbreak in China reached to 490 as of Tuesday. Hubei, the province where the virus is thought to have originated, reported 65 people had died from the flu-like infection. China's National Health Commission said on Wednesday the number of confirmed infections in the country rose to 24,324.

#pakistan #china #coronavirus #coronaviruschina #coronavirusoutbreak #coronavirusupdates #wuhan #chinavirus #chinese #who #concepttvlive #concepttvnews #pakistanzindabad",02/05/2020,en,English,negative
B8KsRhulWlA,"#coronavirus #coronavirus888 
#coronavirusupdates  #coronavirusoutbreak #outbreak888",02/05/2020,en,English,neutral
B8L_GrxFMot,What the Worst Case of a Coronavirus Pandemic Might Look Like #coronavirus888 #coronavirus #coronavirusupdates #coronavirusoutbreak #outbreak888,02/05/2020,en,English,negative
B8LdueXplJI,"13 cases of coronavirus have been confirmed in Australia, 4 in Victoria; 4cases in New South Wales, 3 in Queensland, and 2 in South Australia.

#pakistan #australia #nsw #newsouthwales #victoria #queensland #southaustralia #coronavirusaustralia #coronavirus #coronaviruschina #coronavirusoutbreak #coronavirusupdates #wuhan #chinavirus #chinese #who #concepttvlive #concepttvnews #pakistanzindabad",02/05/2020,en,English,neutral
B8MY-4Llbr8,"Not sure how all this stuff ended up on the awning but I bet that red sweater would look amazing with the yellow sock & surgical mask! Don’t forget the orange for vitamin C to help boost your immune system! #youreverydayasian 
#disposablesurgicalmasks #surgicalmasks #facemasks #coronavirus #coronavirusoutbreak #novelcoronavirus #coronavirusmemes #coronavirus2020 #coronavirusawareness #coronavirus😷",02/05/2020,en,English,positive
B8MPZidJ0KT,"This is to be predicted . 
But actual figures are not yet out.

Unknown Source 
#wuhanvirus #wuhanpneumonia #virus #coronavirus2020 #coronavirusawareness #coronavirusfight #fightagainstcoronavirus #fightbackcoronVirus #corona #coronaoutbreaks #chinacoronavirus #chinafight #who",02/05/2020,en,English,neutral
B8MTDtpjHzG,"Hi everyone 
I wanted to share my knowledge about corona virus. I hope it was helpful. Do share this video around and spread the awareness. 
#coronavirus #coronavirusoutbreak #coronavirusawareness",02/05/2020,en,English,positive
B8MOp1QHCft,"With the current outbreak of the Coronavirus, it’s extremely important to exercise caution and take preventive measures.So, let’s stay safe and happy.
#coronavirusAwareness #healthdotcom #health #lucknow #healthy #corona #virus #symptoms #mask #infection",02/05/2020,en,English,positive
B8MI067Fa2F,"At Wuhan’s International Convention Center the beds have already been installed and workers are in the process of putting up the separation walls in order to intake the first patients.

中国加油(china jiayou)=China you can do it, keep fighting!
#ChinaJiayou #wuhancoronavirus #coronavirus #chinavirus #coronaviruschina #chinacoronavirus #wuhancoronaoutbreak #chinavirusnews #corona #coronavirusawareness #wuhan #wuhanvirus #武汉加油 #中国加油",02/05/2020,en,English,negative
B8MlpF6hCo7,#coronavirus #malayalamvine #30secvines #coronavirusawareness #coronaviruskerala,02/05/2020,en,English,neutral
B8Mlin1H0c7,"#LoveNotFear
Please remember, numbers you see aren't just numbers. They are real people, sick, dying, critically in the need of our support and love.
On the other hand, you, each one of you, is not a number to me. One follower, one like, they all matter and make a difference to me. Anything that's seemingly small to you, can make a difference. And combined, they can create something so powerful that's beyond all of our imagination.
___ 
There are so many things that can be achieved outside of law, rules, even science bc of love and belief.
___
More international love welcomed. Please share with me any content from anywhere on the earth on how you are taking actions to help these battling coronavirus in China now.
___
Tag a Chinese friend to let him/her know you are there for him/her. ❤️ #coronavirusawareness #peoplenotnumbers
#internationalsupport #internationallove #helpchina #coronavirusbattle #lovealwayswins #solidarity #solidaritywuhan #solidarityforchina",02/05/2020,en,English,positive
B8MHV-jFf1f,"Two centers normally used for exhibitions and performances in Wuhan are being turned into mobile hospitals. Wuhan Salon Center has space for 1000 beds in its Hall A and Wuhan’s International Exhibition Center gets 1600 beds on two floors.

中国加油(china jiayou)=China you can do it, keep fighting!
#ChinaJiayou #wuhancoronavirus #coronavirus #chinavirus #coronaviruschina #chinacoronavirus #wuhancoronaoutbreak #chinavirusnews #corona #coronavirusawareness #wuhan #wuhanvirus #武汉加油 #中国加油",02/05/2020,en,English,negative
B8Lzwm9goWO,"Ministry Of Health and Family Welfare issue Travel Advisory For China.

#coronavirus #coronaviruses @who #flu #infection #infectioncontrol #symptoms #medtalks #medtalksindia #cold #cleanhands #coronavirusawareness #coronavirusdewuhan #coronavirusinindia #virus #flu #healthcare #healthylivingjourney #traveladvisory #china",02/05/2020,en,English,neutral
B8M9z7yg_uZ,"Limited Quantity Available! N95 Respirator Face Mask. Protect Yourself from Corona Virus. 
Buy here: http://ow.ly/bP6K50yeLsu -
-
-
#coronavirus #coronavirusoutbreak #wuhancoronavirus #coronavirus2020 #caronavirus #virus #plagueinc #ncov #coronavirusawareness #coronaviruschina #coranavirus",02/05/2020,en,English,positive
B8L1z7SArO4,"WHAT IS CORONAVIRUS 
Coronavirus are zoonotic, meaning they are transmitted between animals and humans. 
Coronaviruses are common in many different species of animals, including camels and bats. Rarely, these coronaviruses can evolve and infect humans and then spread between humans. 
SYMPTOMS *Fever
*Coughing
*Chills
*Headache
*Difficulty breathing,
*Sore throat

How it spreads:
The virus can be transmitted between people through respiratory droplets such as saliva or mucus. 
It may be passed before a person shows symptoms.

Share and help create more awareness about coronavirus

#coronavirus #Health #coronavirusawareness #publichealth #endspreadofvirus  #nCoV2020
#coronavirusNigeria #ISHFoundation",02/05/2020,en,English,negative
B8L-G-tll7p,"Another video of a died men 😞
Follow us @2020_corona_virus .
.
---
#coronavirus #coronavirusoutbreak #virus #wuhan
#wuhanvirus #coronaviruschina #wuhanchina#corona #coronovirus #chinavirus
#wuhancoronavirus #outbreak #plagueinc #corona
#coronaviruses #coronavirusfrance
#coronavirus2020 #coronavirusbrasil
#coronavirusnews #coronavirusecuador
#coronaviruswuhan #coronavirusindia
#coronavirusupdate #coronaviruschino
#coronavirusawareness #coronavirusdewuhan
#coronavirusoutbreak2020 #coronavirusaustralia",02/05/2020,en,English,negative
B8MBi3hi_kr,"Destiny .
.
@prilaga #coronavírus #coronavirusmeme #funnyvideos #coronavirusmemes #funnyposts #prilaga #coronaviruswuhan #funnyshit #funnymeme #coronavirusindia #funnypictures #coronavirus #coronavirus2020 #coronavirusupdate #coronavirüsü #coronaviruses #funnyvideo #coronavirusawareness #funnyquotes #funnyaf #coronavirusnews #funnymemes #coronaviruschina #funnypics #coronavirüs #coronavirusoutbreak #funny",02/05/2020,en,English,neutral
B8L0Ab0jaA0,"Reduce the risk of catching any virus. 
Protect yourself by washing and sanitizing your hands regularly. 
#CoronaVirusAwareness #BrandEG #TheBrandMakers #Attention #VirusAwareness #Tips #DigitalMarketing #Branding",02/05/2020,en,English,positive
B8MGNQhg5Wm,"Watch from the Link in Bio - Spread of CoronaVirus By Country , Be aware of where it spreading to

Video Shows Spreading of Coronavirus from china to other countries & Total Number of Deaths /Total Number people Recovered by each day from 27 January 2020 to 4 Feb 2020.

Wuhan Novel Coronavirus 2020 Report ( Deaths, Recovered, Infected) confirmed

China coronavirus statistics should be seen by everyone to make everyone aware of the seriousness, so we made a statistics video which shows the all the data from country-wise, this video will get you an idea about how fast this spreads and how fast it spreads from human to human, as you can see china pass 20k infected confirmed novel coronavirus cases, 
The report says coronavirus's origin was in Wuhan, China, Origin in Bats, China Pledged to Build a New Hospital in 10 Days before & also China races to build more hospitals as coronavirus outbreak grows,

#dataisbeautiful #datavisualization #barchart #dataislife #wawamustats #coronavirusoutbreak #coronaviruschina #wuhanvirus #chinavirus #coronaviruschina #novelcoronavirus #viruscorona #coronavirusoutbreak #coronavirus #coronavirus2020 #coronaviruses #coronavirüs #coronavirusindia #coronavirusfrance #coronavirusbrasil #coronavirusawareness #whatsnew #coronavirusmemes #chinanews  #coronausa #philadelphuscoronarius #bbcnews #cnnnews",02/05/2020,en,English,negative
B8Mb2bCndT5,"#LoveNotFear
We don't encourage touching or hugging when you see people wearing masks. But this video is still quite heartwarming, and definitely a message of love thats worth spreading in this time of crisis, in this world that is now filled with fear.

Francesco Xia from Italy started this awareness campaign just 3 days ago. Shared by a friend.  #coronavirus
#coronavirusawareness",02/05/2020,en,English,positive
B8MFHfcHcfe,"{ Nineteen-N-Cough } [ 2-5-20 ]
• Hi! • I'm Loupe! • I'm not sure what I could draw today,, • So I drew China,,
• The country is getting a little concerning,, • A virus outbreak doesn't sound good.
• Racism doesn't sound good either,, • And please don't spread fake news!
• Wear your protective masks and change them as frequent as necessary!
• Sanitize yourself and make sure the food you're eating is healthy! • Treat the Chinese well, they're the ones suffering at large!
• And listen to information from authorized people and/or groups! • Remember, the virus only has a fatality rate of 2% so it is likely you won't die from it! • We're still awaiting a cure, so let's pray, protect ourselves and hope the next days will do good! • Stay safe!
-
• Thank you for scrolling through my post! • Please suggest what I should draw next in the comments!
-
• Got critique you'd like to give?
• Please let me know! • The critique comments are.. • [ OPEN ]
#myart #mydrawing #countryhumans #countryhumansart #countryhumanschina #digitalart #ibispaint #ibispaintx #ibispaintxart #fanart #countryhumansfanart #pastelcolors #china #coronavirusawareness #staysafe #morningmorgue #morningmorgueart #art",02/05/2020,en,English,negative
B8MG1kZiH48,"ma che ne sanno i 2000
.
.
@prilaga #coronavirüs #coronavírus #funnypics #funnyquotes #coronaviruses #coronavirusmemes #coronavirus #funnyposts #funnymemes #funny #prilaga #coronavirusoutbreak #coronavirüsü #coronavirus2020 #funnyshit #funnymeme #funnypictures #funnyvideo #funnyaf #coronavirusupdate #coronavirusawareness #funnyvideos #coronaviruschina #coronaviruswuhan #coronavirusindia #coronavirusnews #coronavirusmeme",02/05/2020,en,English,neutral
B8L0FYiDy1a,"Reduce the risk of catching any virus. 
Protect yourself by washing and sanitizing your hands regularly. 
#CoronaVirusAwareness #BrandEG #TheBrandMakers #Attention #VirusAwareness #Tips #DigitalMarketing #Branding",02/05/2020,en,English,positive
B8LswVqBoYB,"We want to thank these people for their significant contribution!

Will you make a difference?

#WeAreWithChinaAndYou #Makeadifference #coronavirus #coronavirusmemes #coronavirusoutbreak #coronaviruschina #coronaviruses #coronavírus #coronavirusmeme #coronavirusnews #coronavirus2020 #coronavirusfrance #coronaviruswuhan #coronavirusupdate #coronavirusawareness #coronavirusitalia #coronavirusdewuhan #coronavirusaustralia #corona #virus #wuhan #viruscorona #soscorona #support #help #wuhan2020 #donateforchina #spreadtheword #wuhanjiayou",02/05/2020,en,English,neutral
B8M9vZuBkdI,"Please consider taking a moment to donate to this cause. ❤️ Our sister organization, American Disability Association, is fundraising to help prevent the spread of Coronavirus. We believe children deserve safe precautions from illness, and many do not have the resources to stay protected. Click the link in our bio to learn more.
.
.
#coronavirus #coronavirusoutbreak #coronavirusawareness #donatetoday #coronavirus2020 #coronavirusprevention #savethechildren #donatetocharity #donatetosavealife #savealife #savealifetoday #aag #americanadvocacygroup",02/05/2020,en,English,positive
B8MHn4ZFPU4,"The youngest patient in Zhuzhou, Hunan province got released from hospital. He is only 4.5 years old and is looking forward to playing Lego at home again.

中国加油(china jiayou)=China you can do it, keep fighting!
#ChinaJiayou #wuhancoronavirus #coronavirus #chinavirus #coronaviruschina #chinacoronavirus #wuhancoronaoutbreak #chinavirusnews #corona #coronavirusawareness #wuhan #wuhanvirus #武汉加油 #中国加油",02/05/2020,en,English,negative
B8L0FMKDV73,"Reduce the risk of catching any virus. 
Protect yourself by washing and sanitizing your hands regularly. 
#CoronaVirusAwareness #BrandEG #TheBrandMakers #Attention #VirusAwareness #Tips #DigitalMarketing #Branding",02/05/2020,en,English,positive
B8LgF5TgC6G,"WHO declared the New Coronavirus or 2019-nCoV, a Public Health Emergency of International Concern. 
The virus has affected many people worldwide resulting in the deaths of hundreds. It has slowly spread to dozens of countries, creating chaos and fear. 
With the spread of this deadly virus with no cure, xenophobic sentiments across the world is on rise. Racial discrimination and Fear are increasing hand in hand. It’s time for us to dispel the myths around Coronavirus and extend support to the affected community. Diseases don’t discriminate based on race or religion. Let’s end Stigma & Xenophobia towards Asian People. 
Content Credits: WHO

#coronavirus #coronavirusawareness #coronavirusracialdiscrimination #racialdiscrimination #xenophobia #notoxenophobia #china",02/05/2020,en,English,positive
B8LTowkgvQr,"Update !

As a new plague plague and wuhan continues, important cities such as Wenzhou and Hangzhou join the ranks of sealed cities or candidates. Because China is an important part of the global supply chain, it is strict traffic and the border of steps to limit logistics, combined with the impact of spring festival holiday, the new crown plague has left the global industry chain facing massive interference. In February 4 local time, 24.500 confirmed and 490 death worldwide #Wuhan
 ________________________

Let's follow for the information

#coronavirus #coronavirusoutbreak #virus #wuhan#wuhanvirus #coronaviruschina #wuhanchina#corona #coronovirus #chinavirus#wuhancoronavirus #outbreak #plagueinc #corona#coronaviruses #coronavirusfrance#coronavirus2020 #coronavirusbrasil#coronavirusnews #coronavirusecuador#coronaviruswuhan #coronavirusindia#coronavirusupdate #coronaviruschino#coronavirusawareness #coronavirusdewuhan#coronavirusoutbreak2020 #coronavirusaustralia",02/05/2020,en,English,positive
B8LJng8AFMb,"How to take Precautions for Coronavirus

#Coronavirus is on spread and we must take all due precautions to ensure it does not spread out of our carelessness. This video is intended to simplify some of the precautions that we already know of in rhyme so that it can be consumed by little kids as well. We must instill personal hygiene methods among our children to ensure their safety and healthy future of mankind. My request to everyone is not to panic but to spread the word of caution and prevention of nCoV2019. Countries like #China, #India, #USA, Hong Kong, Macau, Philippines, Belgium, #Spain, #Russia, Sweden, #UK, Italy, Finland, UAE, Germany, #SriLanka, #Canada, Malaysia, Cambodia, Nepal, #Australia, Singapore, Vietnam, Thailand, #France, Taiwan, Republic of Korea and others are trying to fight it out on behalf of all the countries in the world. We must take measures to ensure it does not go beyond what it already has. The Clown is not a Doctor and therefore a medical practitioner must be consulted in case of any symptoms of any condition. I wish everyone health, smiles & Peace

#2019ncov #nCoV2019 #coronavirus #coronavirusindia #coronaviruschina #coronaviruskerala #coronavirusprecautions #coronavirusprevention #coronavirusUSA  #coronavirusmalaysia #coronavirusHK #thepreachingclown #quotes #rhymes #coronaviruscanada #coronavirusaustralia
#kerala #coronavirusawareness #coronavirusindiapdate",02/05/2020,en,English,positive
B8LZ8k0jWpV,"Here's what you can do to be on a safer side! These are the guidelines issued by World Health Organisation.
Please take precautionary measures and stay safe!

#Coronavirus #Besafe #CoronavirusAwareness #PrayforChina #WorldHealthOrganization #Gurgaon #PremiumPreschool #Daycare #Afterschool",02/05/2020,en,English,positive
B8LRVmOgfFR,"Turkish students record videos to support disaster in China, - video is the theme of Zhong guo jia You- Wu han jia You (Zhongguo), which is very famous in China today
 ________________________

Let's follow for the information

#coronavirus #coronavirusoutbreak #virus #wuhan#wuhanvirus #coronaviruschina #wuhanchina#corona #coronovirus #chinavirus#wuhancoronavirus #outbreak #plagueinc #corona#coronaviruses #coronavirusfrance#coronavirus2020 #coronavirusbrasil#coronavirusnews #coronavirusecuador#coronaviruswuhan #coronavirusindia#coronavirusupdate #coronaviruschino#coronavirusawareness #coronavirusdewuhan#coronavirusoutbreak2020 #coronavirusaustralia",02/05/2020,en,English,negative
B8LjiEnFp1i,"Homeopathy works on the principle of activating the body's own defences to fight diseases. It not only helps in building immunity against infections but also builds resistance to diseases. 
Prevent the Corona Virus infection by strengthening thy immune system! ⚡Have a full Corona Virus Prevention Kit just at Rs. 199/-⚡
.
.
.

#coronaviruses #coronavirusoutbreak
#coronavirus2020 #coronavirusprevention #coronavirusnews
#coronavirusawareness #homeopathictreatment #homeopathyworksforme #homeopathyheals #homeopath #homeopathyrocks #ahmedabaddoctors #ahmedabadcity #ahmedabadbased #homeopathydoctor #homeopathyconsultant",02/05/2020,en,English,positive
B8Kn4oOIMH2,"As germs are invisible, they can still lurk around a visibly clean home. If your goal is to stop allergic rhinitis and other forms of respiratory issues within your homes, then you will need the super powers of UV Care 8-Stage Purifier with Humidifier to wipe them all out!⠀⁠
⁠
Get yours at www.theuvcare.com. ⁠
⁠
#UVCareusa #uvsterilizer #uvsanitizer #givethegiftofhealth #germaphobic #cleanfreak #cleanindoorair #healthybaby #killthegerms #bigcitymoms #hinched #airpurifier #humidifier #coronavirusawareness #fluvirusbegone #breatheclean #byeallergies",02/05/2020,en,English,positive
B8K8pnYggue,"At the hospital in China, the body of the dead is waiting to be burned
 ________________________

Let's follow for the information

#coronavirus #coronavirusoutbreak #virus #wuhan#wuhanvirus #coronaviruschina #wuhanchina#corona #coronovirus #chinavirus#wuhancoronavirus #outbreak #plagueinc #corona#coronaviruses #coronavirusfrance#coronavirus2020 #coronavirusbrasil#coronavirusnews #coronavirusecuador#coronaviruswuhan #coronavirusindia#coronavirusupdate #coronaviruschino#coronavirusawareness #coronavirusdewuhan#coronavirusoutbreak2020 #coronavirusaustralia",02/05/2020,en,English,negative
B8LBM7HIleN,"Symptoms of coronaviruses are similar to any other respiratory infection which can cause pneumonia, especially in older people or people with a weak immune system. Get screened today!

WhatsApp: 9701003333
#ApolloClinics #CoronaVirus #CoronaVirusAwareness #FightCoronaVirus",02/05/2020,en,English,negative
B8LLES5Jp1a,"Wuhan outbreak has shocked many around the world and has become WHO main focus. But here is the video of Old supporting each other in such critical situation.

#wuhanvirus #wuhanpneumonia #coronavirus #coronaoutbreak #fightcoronavirus #fightbackcorona #coronavirusoutbreak #coronovirus #coronavirusmemes #coronavirus2020 #coronavirusawareness #coronaviruses #china #wuhancoronavirus",02/05/2020,en,English,negative
B8K0yTZnNSP,"With the current disease outbreak, here are some of the ways you can reduce the risk of novel coronavirus infection. Do take necessary precautions to protect yourself and your loved ones from contracting the coronavirus. 
#coronavirus #coronavirusawareness #usjeyecare #usjeyespecialistsubang  #usjeye",02/05/2020,en,English,positive
B8Lf0eIAGIV,"Coronavirus Cases Currently Reported Internationally.

#coronavirus #coronaviruses @who #flu #infection #infectioncontrol #symptoms #medtalks #medtalksindia #cold #cleanhands #coronavirusawareness #coronavirusdewuhan #coronavirusinindia #virus #flu #healthcare #healthyliving",02/05/2020,en,English,neutral
B8LngKHFgdX,"What is coronavirus?

According to the WHO, coronaviruses are a family of viruses that cause illness ranging from the common cold to more severe diseases such as SARS and Middle East respiratory syndrome (MERS).
These viruses were originally transmitted between animals and people. SARS, for instance, was believed to have been transmitted from civet cats to humans while MERS travelled from a type of camel to humans.
Several known coronaviruses are circulating in animals that have not yet infected humans.
The name coronavirus comes from the Latin word corona, meaning crown or halo. Under an electron microscope, the image of the virus is reminiscent of a solar corona.

Culled from the internet 
#coronavirusawareness
#medical #medicalstudents #virus #healthylifestyle #health",02/05/2020,en,English,negative
B8LGaALggLk,"When it comes to protecting against the flu virus, ""It can't hurt and it might help,"" the Mayo Clinic says.
Wearing a surgical mask may help prevent influenza, according to some studies, as the virus spreads through droplets in the air when an infected person coughs, sneezes or talks. A mask could protect you from inhaling these droplets if it were worn consistently and fully covered the mouth and nose.
____________________________
Source: CBS News©️
🔻Online Store🔻
🌐 HealthcareShops.ca
🔒 SSL Encrypted Checkout
#coronavirus #coronavirusoutbreak #coronavirusmemes #coronaviruses #coronaviruschina #coronavirus2020 #coronavirusawareness #news #healthylifestyle #healthcareshops #healthcare",02/05/2020,en,English,negative
B8LZ101gLYB,"@WHO declared a public health emergency of international concern amid rising fears the virus could reach countries with weak healthcare systems, Nigeria is listed among 13 African countries identified as high-risk for the spread of the deadly coronavirus.

In Africa, health care system vary, if the virus reaches a country with a weak health care system it may be  difficult to stop it from spreading to others.

Nigerian government should ensure that our health care systems are improved and prepared for the virus and other infectious diseases.

Share and help create more awareness about coronavirus

#coronavirus #Health #coronavirusawareness #publichealth #endspreadofvirus #GlobalGoals #nCoV2020
#coronavirusNigeria #ISHFoundation",02/05/2020,en,English,positive
B8LafEDlWSo,"According to a #tibetan script, #coronavirus comes already from 8th century! Repost from facebook of Park Dra Gon (Yanglak). #buddha108 #buddha108ft #coronavirusoutbreak #coronavirus2020 #coronavirüsü #coronavirusnews #coronaviruschina #coronaviruschina #coronavírus #coronavirüs #coronavirusupdate #coronavirusawareness #coronavirusalert #coronavirusfacts",02/05/2020,en,English,neutral
B8MKCRTldpe,"We have seen a lot of medical staff working around the clock in order to help the patients get better. At the same time, in order to enforce regulations like checking temperatures when passing the toll station, making sure people don’t leave cities that are under lockdown, etc. a lot of additional police staff had to be mobilized. This little kid wants daddy to come home again. But he is still on duty and can’t go home, he explains.

中国加油(china jiayou)=China you can do it, keep fighting!
#ChinaJiayou #wuhancoronavirus #coronavirus #chinavirus #coronaviruschina #chinacoronavirus #wuhancoronaoutbreak #chinavirusnews #corona #coronavirusawareness #wuhan #wuhanvirus #武汉加油 #中国加油",02/05/2020,en,English,negative
B8LSqfOlpwS,"Ladies and gentlemen, we advise you to be on the lookout for fake news spread around the internet regarding the novel coronavirus (2019-nCoV). The Malaysian Ministry of Health has reported that the claims of many reported cases of coronavirus are fake. 
Below are some examples from the Ministry of Health's website.
1. http://www.moh.gov.my/moh/resources/user_35/Berita_Palsu_1.jpeg

2. http://www.moh.gov.my/moh/resources/user_35/Berita_Palsu_2.jpeg 
3. http://www.moh.gov.my/moh/resources/user_35/Fake_Coronavirus_31_jan_2020.jpeg 
We advise everyone to monitor their health and to not give in to panic. Anxiety can trigger certain hormones in your body which will weaken your immune system, leaving you more vulnerable. Follow the World Health Organisation and Malaysian Ministry of Health websites for reliable information and updates, do not trust rumours unless verified by the ministry of health. #islandhospital #yourhealthcarepartner #coronavirus #coronavirusawareness #2019ncov #stayhealthy #dontpanic #fakenews #wearmask",02/05/2020,en,English,negative
B8LhRwRoPc8,"#CoronavirusOutbreak | China death toll nears 500, 10 test positive on Japan cruise ship
.
.
.
.
#Coronavirus #coronaviruschina #Coronaviruswuhan #coronavirusepidemic #coronavirusscare #china #wuhan #japan #coronavirusdeath #coronaviruscases #coronavirus2020 #coronavirusnews #coronaviruses #coronavirusindia #coronavirusupdate #coronavirusawareness #coronavirusfrance #news #worldnews #health #instawithjagranenglish #jagranenglish",02/05/2020,en,English,negative
B8Ks3GcAMWI,"Police in China are rounding people up and taking them by force if they are sick Would this be happening if the actual numbers of the infected and the dead were as low as what is being told? China is in panic.
 ________________________

Let's follow for the information

#coronavirus #coronavirusoutbreak #virus #wuhan#wuhanvirus #coronaviruschina #wuhanchina#corona #coronovirus #chinavirus#wuhancoronavirus #outbreak #plagueinc #corona#coronaviruses #coronavirusfrance#coronavirus2020 #coronavirusbrasil#coronavirusnews #coronavirusecuador#coronaviruswuhan #coronavirusindia#coronavirusupdate #coronaviruschino#coronavirusawareness #coronavirusdewuhan#coronavirusoutbreak2020 #coronavirusaustralia",02/05/2020,en,English,negative
B8MH2aslGfS,"Patients are being brought to Wuhan’s new Huoshenshan Hospital. Construction on the hospital started on January 24th. Workers were seen working relentlessly on the site 24/7. In addition a total of 2600 beds are being put up in two convention centers in Wuhan and Leishenshan Hospital will soon be opening its doors with additional 1300 beds.

中国加油(china jiayou)=China you can do it, keep fighting!
#ChinaJiayou #wuhancoronavirus #coronavirus #chinavirus #coronaviruschina #chinacoronavirus #wuhancoronaoutbreak #chinavirusnews #corona #coronavirusawareness #wuhan #wuhanvirus #武汉加油 #中国加油",02/05/2020,en,English,negative
B8MAQJsn0iH,Prevention is better than cure. #shoocoronavirus #goawayvirusplease #virusgoawaynow #coronavirusawareness #coronavirus,02/05/2020,en,English,neutral
B8NltJBnXc2,"Our daughter expressing her feelings about corona virus infected people being treated in one of our San Antonio, TX military bases.  #ListenToTheEnd #SheFeelsVerStrongAboutThis #9YearsOld #coronavirusoutbreak #covid",02/06/2020,en,English,negative
B8OmXwjhK4k,"Uhomes strong + China strong 💪🏼⁣
⁣
Our team in China still must work at home to stay safe from illness, but they are working harder than ever to prep for a busy 2020 full of leases for our partners! ⁣
⁣
⁣
#uhomes #uhomesus #finduhomesfindyourhome #tianjin #propertymanagement #studenthousing #offcampushousing #coronavirusupdates #chinastrong",02/06/2020,en,English,positive
B8OP_VvpWYN,"Prevention is better than cure!
So, follow these simple precautions to prevent Coronavirus.

#IndiabullsFoundation #Health #coronavirus #coronavirusoutbreak #coronavirus2020 #coronavirusupdate #awareness #coronavirusawareness #coronavirusalert #coronavirusprevention #coronavirusupdates #coronavirusprotection #coronaviruscure #precautions",02/06/2020,en,English,neutral
B8PkBtHlC3B,#coronavirus888 #coronavirus #coronavirusupdates #coronavirusoutbreak #outbreak888,02/06/2020,en,English,neutral
B8PDkzhleVI,"Travel Bans and Quarantines Won't Stop Coronavirus #coronavirus #coronavirus888 
#coronavirusupdates  #coronavirusoutbreak #outbreak888",02/06/2020,en,English,neutral
B8Onv9LFjDK,"Alberta Scientists Pioneer Mask That Kills Viruses In Mere Minutes. #coronavirus #coronavirus888
#coronavirusupdates  #coronavirusoutbreak #outbreak888 #surgicalmask",02/06/2020,en,English,negative
B8PjwW4luR7,"Coronavirus nCoV Update 
Cases: 30,867 (China 30,601; Other 266)

Deaths: 636

Feb 6- 22:58 GMT

#coronavirus888 #coronavirus #coronavirusupdates #coronavirusoutbreak #outbreak888",02/06/2020,en,English,neutral
B8NthO6J7CS,"Chinese authorities stated that they face an acute shortage of hospital beds and equipment needed to treat a growing number of patients hit by the new coronavirus, as the death toll passed 560 and cities far from the epicenter tightened their defenses.

#pakistan #china #coronavirus #coronavirusoutbreak #virus #coronavirusupdates #wuhan #wuhanvirus #concepttvnews  #concepttvlive #chinese #pakistanzindabad",02/06/2020,en,English,negative
B8PmT4nFTry,Markets usually rebound after past disease outbreaks #coronavirus888 #coronavirus #coronavirusupdates #coronavirusoutbreak #outbreak888,02/06/2020,en,English,neutral
B8OraEPlB7X,"Coronavirus nCoV Top 10 Regions in China (cc-confirmed cases & d-deaths)
Hubei: cc 19,665 d 549
Guangdong: cc 970 d 0
Zhejiang: cc 954 d 0
Henan: cc 851 d 2
Hunan: cc 711 d 0
Jiangxi: cc 600 d 0
Anhui: cc 591 d 0
Chongqing: cc 400 d 2
Jiangxu: cc 373 d 0
Shandong: cc 347 d 0

Feb 6 - 14:47 GMT 
#coronavirus #coronavirus888 
#coronavirusupdates  #coronavirusoutbreak #outbreak888",02/06/2020,en,English,neutral
B8ONSl4jGji,"As China’s death toll soars due to Coronavirus, here’s a look at other countries to which the deadly virus has spread
.
.
.
#coronavirusdeathtoll #coronavirus #coronavirusoutbreak #coronaviruschinawuhan #coronavirusdeatha #coronavirusconfirmedcases #coronavirusupdates #coronaviruslatestnews #coronavirusupdates #coronaviruschina #coronavirusindia #coronavirusjapan #news #latest #gifs #BusinessToday",02/06/2020,en,English,negative
B8N15QVlcMj,"#CoronavirusOutbreak | Death toll rises to 565 in China; 2 cruise ships isolated near Japan
.
.
.
.
#coronavirus #coronavirus2020 #coronavirusnews #coronavirusupdate #coronavirusupdates #coronavirusepidemic #coronavirusepidemia #deathtoll #coronaviruscase #coronaviruscases #coronaviruses #coronavirusindia #coronavirusupdate #coronavirusawareness #coronavirusfrance #news #worldnews #health #instawithjagranenglish #jagranenglish",02/06/2020,en,English,negative
B8OcM0rF1mr,"As Coronavirus spreads, so do these Powerful Stories. .
.
.
.
.
#Coronavirus #Coronavirusoutbreak #China #Wuhan #Wuhanvirus #India #CoronavirusIndia #CoronavirusUpdates #WuhanCoronavirus #WuhanChina",02/06/2020,en,English,positive
B8NJjYsl7bL,#coronavirus888 #coronavirus #coronavirusupdates #coronavirusoutbreak #outbreak888,02/06/2020,en,English,neutral
B8NOvJPlTr0,"Coronavirus nCoV Top 10 Countries (# of confirmed cases)
Mainland China: 28,060
Japan: 35
Singapore: 28
Thailand: 25
Hong Kong: 21
South Korea: 19
Australia: 13
Germany, USA, Malaysia: 12
Taiwan: 11

Feb 6 - 01:16 GMT
#coronavirus888 #coronavirus #coronavirusupdates #coronavirusoutbreak #outbreak888",02/06/2020,en,English,neutral
B8Ns4kElCOH,"Hong Kong will require residents under home quarantine for Coronavirus to wear electronic tracking devices  #coronavirus #coronavirus888
#coronavirusupdates  #coronavirusoutbreak #outbreak888",02/06/2020,en,English,neutral
B8NJQXbFrUw,"Coronavirus nCoV Update 
Cases: 28,287 (China 28,060; Other 227)

Deaths: 566

Feb 6- 00:29 GMT

#coronavirus888 #coronavirus #coronavirusupdates #coronavirusoutbreak #outbreak888",02/06/2020,en,English,neutral
B8OokrFF0YO,"No Customers, Closed Stores: Chinese Entrepreneurs Brace For The Worst Amid Coronavirus Outbreak #coronavirus888 #coronavirus #coronavirusupdates #coronavirusoutbreak #outbreak888",02/06/2020,en,English,negative
B8O9CwyKUOz,"Contagious stigma

Model : @tseng_chih_wei .
.
.
#coronavirus #coronavirusoutbreak #coronavirus2020 #caronavirus #virus #plagueinc #ncov #coronavirusawareness #coronaviruschina #photoftheday #paris #streetartparis #streetart",02/06/2020,en,English,negative
B8OsyCrg-Rn,"The flu virus can be a pesky threat against your family's health. But science has already proven that UV-C light is effective in warding off germs and disease-causing bacteria. Remember: using devices like UV Care can significantly reduce illnesses within the family. Just ask the thousands of satisfied clients who are healthy and happy because of UV-C! ⠀⁠
⁠
Get yours at www.theuvcare.com. ⁠
⁠
#UVCareusa #uvsterilizer #uvsanitizer #givethegiftofhealth #germaphobic #cleanfreak #travelclean #healthybaby #killthegerms #bigcitymoms #hinched #travelessentials #safetravels #fluvirusbegone #coronavirusawareness",02/06/2020,en,English,positive
B8OesO7FNNg,"Thursday evening at one of the busiest supermarkets 🤔🙄🤦‍♀️I mean it’s quick to get to the till but not nice feeling in downtown #bangsarvg Keep safe, try not to sneeze 🤧 on anyone and wash your hands regularly - I have a friend who spotted 3 grown up ladies leaving the toilet today WITHOUT washing their hands - not only is it gross but it’s dangerous to do this!!! Soap 🧼 Foam 🛁 Wash 🧽 people!!! #teabirdteaorganic #teabirdtea #healthychoices #healthylifestyle #stayclean #washyourhands #coveryourmouth #coronavirusawareness",02/06/2020,en,English,positive
B8O9HNsqDcz,"Contagious stigma

Model : @tseng_chih_wei .
.
.
#coronavirus #coronavirusoutbreak #coronavirus2020 #caronavirus #virus #plagueinc #ncov #coronavirusawareness #coronaviruschina #photoftheday #paris #streetartparis #streetart",02/06/2020,en,English,negative
B8O9SV8KUTX,"Contagious stigma

Model : @tseng_chih_wei .
.
.
#coronavirus #coronavirusoutbreak #coronavirus2020 #caronavirus #virus #plagueinc #ncov #coronavirusawareness #coronaviruschina #photoftheday #paris #streetartparis #streetart",02/06/2020,en,English,negative
B8OfiyLFcx2,"Holding on all sampling for 2 weeks at key locations- head online for free delivery 🚚 in KL - best blends for throats, coughs and sneezes - lemongrass and ginger, gingersnap, vanilla rooibos and hibiscus 🌺 #teabirdteaorganic #teabirdtea #healthylifestyle #healthyliving #healthychoices #immunebooster #boostimmunesystem #coronavirusawareness",02/06/2020,en,English,neutral
B8OwY22Fwcu,"Footage showing streets in Wuhan being disinfected. In many parts of the country people live under lockdown in their own building areas. There is a ticket for one member of the family to go out once every two days to buy groceries and other necessities. This doesn’t apply for all of China, each city has their own regulations.

中国加油(china jiayou)=China you can do it, keep fighting!
#ChinaJiayou #wuhancoronavirus #coronavirus #chinavirus #coronaviruschina #chinacoronavirus #wuhancoronaoutbreak #chinavirusnews #corona #coronavirusawareness #wuhan #wuhanvirus #武汉加油 #中国加油",02/06/2020,en,English,negative
B8Ol0PSgYdx,"The coronavirus outbreak has the world thinking about prevention, vaccines and public health. Meet Dr. Gagadeep Kang, a woman whose life’s work is dedicated to solving some of the biggest and most urgent health issues of our generation. ⠀
⠀
_ ⠀
⠀
#coronavirus2020 #coronaviruschina #coronavirus #coronavirusoutbreak #coronavirusawareness #thedeviproject #doyouknowadevi #liveslessonslegacies #captivatingwomen #womensstories #portraitfilm #documentaryfilm #documentaries #womenfilmmakers #empoweredwomen #empoweredindia #documentingthereal⠀⠀
#cuttingchaicontent #realworlrealpeoplerealstories",02/06/2020,en,English,positive
B8OxYVqHusM,"TIME’s new cover: The coronavirus outbreak could derail Xi Jinping’s dreams of a Chinese century -
-
#coronavirusoutbreak#wuhancoronavirus#coronavirus2020#caronavirus#virus#plagueinc#ncov#coronavirusawareness#coronaviruschina#coranavirus#socialnetworktrends",02/06/2020,en,English,positive
B8OvvdZlvKA,"The first group of 44 patients has been transferred to the mobile hospital set up in Wuhan’s International Convention Center. They were greeted by medical staff from Wuhan’s Xiehe Hospital. Patients and medical teams from other hospitals are in the process of being transferred here.

中国加油(china jiayou)=China you can do it, keep fighting!
#ChinaJiayou #wuhancoronavirus #coronavirus #chinavirus #coronaviruschina #chinacoronavirus #wuhancoronaoutbreak #chinavirusnews #corona #coronavirusawareness #wuhan #wuhanvirus #武汉加油 #中国加油",02/06/2020,en,English,negative
B8O9KLLKhjC,"Contagious stigma

Model : @tseng_chih_wei .
.
.
#coronavirus #coronavirusoutbreak #coronavirus2020 #caronavirus #virus #plagueinc #ncov #coronavirusawareness #coronaviruschina #photoftheday #paris #streetartparis #streetart",02/06/2020,en,English,negative
B8O9PxSKr0u,"Contagious stigma

Model : @tseng_chih_wei .
.
.
#coronavirus #coronavirusoutbreak #coronavirus2020 #caronavirus #virus #plagueinc #ncov #coronavirusawareness #coronaviruschina #photoftheday #paris #streetartparis #streetart",02/06/2020,en,English,negative
B8OkTkildQU,We love 💓 it when you love 💓 it - keep whispering those sweet nothings baby 😂💖💖💖💖💖Thankyou @frankitas for the friend share 💓🥰💖💃💃💃💃🌺💓😂👍#teabirdteaorganic #teabirdtea #healthylifestyle #healthychoices #organic #drinkteabirdtea #drinktea #boostimmunesystem #boostantioxidants #antioxidants #boostimmune #keepwell #coronavirusawareness #washhands #rest #excercise #stayhydrated #orderonline at www.teabirdtea.com for free delivery KL,02/06/2020,en,English,positive
B8OjqJNlOL9,Mixing and matching tonight to keep those anti-oxidants high 👌👍💃💖😉#teabirdtea #sleepwell #teabirdteaorganic #rest #excercise #drinkteabird #drinktea #coronavirusawareness #herbaltea #medicinalherbs #boostimmunesystem #antioxidantbooster #caffeinefreeforkids #buyonline #freeshippingkl www.teabirdtea.com,02/06/2020,en,English,neutral
B8Ot3gAFgCC,"February 5th, 2020. Heartbreaking news - two newborns in Wuhan’s Children Hospital have tested positive for the corona virus. The youngest baby shown in the video is only 30 hours old. Experts say the virus might have been passed on through the mother who has tested positive for the virus as well. We hope for both to get well again, soon!

中国加油(china jiayou)=China you can do it, keep fighting!
#ChinaJiayou #wuhancoronavirus #coronavirus #chinavirus #coronaviruschina #chinacoronavirus #wuhancoronaoutbreak #chinavirusnews #corona #coronavirusawareness #wuhan #wuhanvirus #武汉加油 #中国加油",02/06/2020,en,English,positive
B8ObndHgxQw,"A nurse named Liu Haiyan was assigned to work in an infectious disease unit at the Fugou County People's Hospital in Henan province, China last month, compilation of the epidemic is widespread. Because of this task, nurse Liu was unable to meet her nine-year-old daughter, Cheng Shiwen for 10 days after being recruited together, with 39 other medical workers. However, on January 31 yesterday the nurse was able to meet with the princess. Unfortunately, they have to stand a few feet from each other to prevent the spread of the virus. The moment of their meeting was immortalized in a video and talked extensively on social media. This is when front-line nurses who care for patients in hospitals who need the corona virus are approved to provide an 'air hug' for their crying daughter from the quarantine zone. . ""Mom, I really miss you,"" said the child as quoted from the Dailymail page. Hearing this, Nurse Liu also revealed the same thing to the princess. In the video Liu also gives a hug to the child. . ""I miss you too, let me hug you 'before reaching out and cuddling hugs,"" replied nurse Liu.
________________________

Let's follow for the information

#waspadaviruscorona #coronavirus #coronavirusoutbreak #virus #wuhan#wuhanvirus #coronaviruschina #wuhanchina#corona #coronovirus #chinavirus#wuhancoronavirus #outbreak #plagueinc #corona#coronaviruses #coronavirusfrance#coronavirus2020 #coronavirusbrasil#coronavirusnews #coronavirusecuador#coronaviruswuhan #coronavirusindia#coronavirusupdate #coronaviruschino#coronavirusawareness #coronavirusdewuhan#coronavirusoutbreak2020 #coronavirusaustralia",02/06/2020,en,English,positive
B8Os703lsLY,"Footage taken of a doctor’s couple in Shaoxing, Zhejiang province. The couple currently lives on site in hospital provided dormitories and they haven’t seen each other in several days. By coincidence the two walk into each other in one of the hospital hallways for isolated patients and nearly don’t recognize each other. After a short moment of giving each other strength their paths separate again.

中国加油(china jiayou)=China you can do it, keep fighting!
#ChinaJiayou #wuhancoronavirus #coronavirus #chinavirus #coronaviruschina #chinacoronavirus #wuhancoronaoutbreak #chinavirusnews #corona #coronavirusawareness #wuhan #wuhanvirus #武汉加油 #中国加油",02/06/2020,en,English,negative
B8O9NTaqEdh,"Contagious stigma

Model : @tseng_chih_wei .
.
.
#coronavirus #coronavirusoutbreak #coronavirus2020 #caronavirus #virus #plagueinc #ncov #coronavirusawareness #coronaviruschina #photoftheday #paris #streetartparis #streetart",02/06/2020,en,English,negative
B8OmbwCpEEo,"Experience is what you get when you don't get what you  want
.
.
.
#coronavirusawareness
#macau🇲🇴 #macautrip",02/06/2020,en,English,neutral
B8NXVO8p7H8,"Mobile companies are helping fight with prevention of Coronvirus.

#coronavirus2020 #chinacoronavirus #coronavirusawareness #coronavirusoutbreak2020 #coronamediaandevents #wuhanvirus #wuhanvirus #wuhanpneumonia #wuhancoronavirus #wuhanuniversityoftechnology #mobilephotography #mobiledetailing #chinacoronavirus #chinafight #fightbackcorona #coronabeer",02/06/2020,en,English,negative
B8NMpXpnHqr,"Complete the UV Super Squad to zap the bacteria away with the UV Care Portable Germ Zapper. Protection from flu only takes a push of a button. Plus it's lightweight, you can take it with you anywhere!⠀⁠
⁠
Get yours at www.theuvcare.com. ⁠
⁠
#UVCareusa #uvsterilizer #uvsanitizer #givethegiftofhealth #germaphobic #cleanfreak #travelclean #healthybaby #killthegerms #bigcitymoms #hinched #travelessentials #safetravels ⁠#coronavirusawareness #fluvirusbegone",02/06/2020,en,English,positive
B8OKE6SBe57,"Infared Thermometer from Sunnyworld Medical
-
#coronavirus #coronavirusoutbreak #coronavirusnews #coronavirusmemes #coronavirüsü #coronaviruses #coronaviruschina #coronavirusmeme #coronaviruschino #coronavirus2020 #coronaviruswuhan #coronavirusawareness #coronavirusdewuhan #coronavírus #coronavirüs #2019nCov #virus #health #medical #medicalsupply #homehealth #babayhealth #love #PrayforChina #wuhan #China #thermometer #infraredthermometer",02/06/2020,en,English,neutral
B8N8RWIJdec,"Let's know about how to be aware of Corona Virus * Keep your environment clean at all times.
* Wear a medical mask if any of the symptoms are prevalent. | Mobile no: +91 6283935723
| Web : www.zealtraveller.in/

#zealtraveller #coronavirus #coronavirusawareness #coronaviruscare #coronavirusmemes #coronaviruschina",02/06/2020,en,English,positive
B8NMMaEgvAC,"Chinese officials street disinfectant in #Wuhan⚠️ ________________________

Let's follow for the information

#coronavirus #coronavirusoutbreak #virus #wuhan#wuhanvirus #coronaviruschina #wuhanchina#corona #coronovirus #chinavirus#wuhancoronavirus #outbreak #plagueinc #corona#coronaviruses #coronavirusfrance#coronavirus2020 #coronavirusbrasil#coronavirusnews #coronavirusecuador#coronaviruswuhan #coronavirusindia#coronavirusupdate #coronaviruschino#coronavirusawareness #coronavirusdewuhan#coronavirusoutbreak2020 #coronavirusaustralia",02/06/2020,en,English,neutral
B8N0I6fAM1L,"In the case of coronavirus, prevention is absolutely better than cure because there is no vaccine available.  Follow these habits to avoid catching the disease.

WhatsApp: 9701003333
#ApolloClinics #CoronaVirus #CoronaVirusAwareness #FightCoronaVirus",02/06/2020,en,English,negative
B8OC_hagGxT,"2/5 CORONAVIRUS AID UPDATE:

After an initial partnership to ship 2.4 tons of urgently needed medical supplies to Wuhan Union Hospital, Direct Relief and Wuhan United partnered a second time to airlift an additional 2.7 tons of supplies from the US to China. This second partnership delivered 20 pallets, including 37,000 surgical masks, 9,000 protective suits, and 50,000 medical gloves; the delivery arrived directly to Xiaogan Central Hospital on February 3rd. To emphasize, the model here is direct to hospital. My Dad and the Wuhan United team is working diligently alongside Direct Relief to procure and transport a third shipment this week, as hospitals continue to run on critically low levels of supplies.

Xiaogan, located in the northeast part of Hubei province, lies only 60 kilometers northwest of Wuhan. There have been 918 cases of people infected by the coronavirus in Xiaogan, representing the city with the third most confirmed cases behind Wuhan and Huanggang. As a 3A hospital, Xiaogan Central Hospital is one of the designated hospitals for medical treatment.

For more info, hop o ton wuhanunited.org. As always, please don’t hesitate to reach out directly.
________________________

Let's follow for the information

#waspadaviruscorona #coronavirus #coronavirusoutbreak #virus #wuhan#wuhanvirus #coronaviruschina #wuhanchina#corona #coronovirus #chinavirus#wuhancoronavirus #outbreak #plagueinc #corona#coronaviruses #coronavirusfrance#coronavirus2020 #coronavirusbrasil#coronavirusnews #coronavirusecuador#coronaviruswuhan #coronavirusindia#coronavirusupdate #coronaviruschino#coronavirusawareness #coronavirusdewuhan#coronavirusoutbreak2020 #coronavirusaustralia",02/06/2020,en,English,positive
B8OZT01HRYi,"Coronavirus: mythbusting .
.
.
.
.
#coronavirus #coronavirusoutbreak #coronavirus2020 #mythbusting #coronavirusawareness #coronavirusinformation #coronavirusnews #coronavirusafrica #coronavirusfacts",02/06/2020,en,English,neutral
B8N_Jjbgl2h,"Prevention is always better than cure!

With an aim to raise awareness about the symptoms, cure and prevention of the very serious Coronavirus, our students of Grade 5 conducted a special assembly for the school.

#AmitySchoolDubai encourages everybody to be alert and take the necessary steps to stay safe.

#CoronaVirusAwareness #StaySafe",02/06/2020,en,English,positive
B8OY_8WnA40,"Coronavirus: mythbusting .
.
.
.
.
#coronavirus #coronavirusoutbreak #coronavirus2020 #mythbusting #coronavirusawareness #coronavirusinformation #coronavirusnews #coronavirusafrica #coronavirusfacts",02/06/2020,en,English,neutral
B8OdZRbAvCR,"Medical college students wear medical masks and hold placards as they take part in a rally to raise awareness of coronavirus in Chennai
#medical #college #medicalcollege #students #medicalmasks #masks #placards #awareness #coronavirus #coronavirusoutbreak #coronavirusawareness #chennai #devdiscourse #tamilnadu #health",02/06/2020,en,English,neutral
B8ONiqPAMI1,"It looks like that person is infected
________________________

Let's follow for the information

#waspadaviruscorona #coronavirus #coronavirusoutbreak #virus #wuhan#wuhanvirus #coronaviruschina #wuhanchina#corona #coronovirus #chinavirus#wuhancoronavirus #outbreak #plagueinc #corona#coronaviruses #coronavirusfrance#coronavirus2020 #coronavirusbrasil#coronavirusnews #coronavirusecuador#coronaviruswuhan #coronavirusindia#coronavirusupdate #coronaviruschino#coronavirusawareness #coronavirusdewuhan#coronavirusoutbreak2020 #coronavirusaustralia",02/06/2020,en,English,negative
B8OTlvQhRBZ,"‘Prevention is better than cure’. Keep yourself and others safe by washing your hands using soaps or alcohol based hand rubs. 
Coronavirus is lethal and taking these steps can help you protect your health.
#coronavirus #coronavirusoutbreak #coronavirusawareness #worldhealthorganization #coronavirus2020 #coronavirusprevention",02/06/2020,en,English,positive
B8NpMyGKFO_,"#Caronavirus spreading all over the Globe.
Take precautions to be safe and sound.

#coronavirus #CoronavirusOutbreak #wuhan #china #CoronaOutbreak #WuhanCoronavirus #coronavirusawareness
#saletify",02/06/2020,en,English,positive
B8Nm6GbpFk-,"With two cases of #CoronaVirus being reported in #Kerala, #moms have gone on #highalert.
Here are the necessary actions you can take to minimise the risk of this potentially deadly #virus from entering your #family. Swipe➡️👆
...
📌Read more - https://www.momspresso.com/parenting/article/what-is-corona-virus-uxzis63w87db
...
#Momspresso #Experttalk #Useful #Motherhood #Mothers #coronavirusoutbreak #coronavirusnews #prevention #minimisetherisk #Usefultips #Mommy #Momma #Parents #Health #takecareofyourself #Healthyyou #healthiswealth #coronavirusawareness #Awareness #Familyhealth #healthylife #Safety #Staysafe #Staysafestayhealthy",02/06/2020,en,English,negative
B8ODY6mAxhJ,"People who think to bring coronavirus in China, spit on products in the market department to spread the virus
________________________

Let's follow for the information

#waspadaviruscorona #coronavirus #coronavirusoutbreak #virus #wuhan#wuhanvirus #coronaviruschina #wuhanchina#corona #coronovirus #chinavirus#wuhancoronavirus #outbreak #plagueinc #corona#coronaviruses #coronavirusfrance#coronavirus2020 #coronavirusbrasil#coronavirusnews #coronavirusecuador#coronaviruswuhan #coronavirusindia#coronavirusupdate #coronaviruschino#coronavirusawareness #coronavirusdewuhan#coronavirusoutbreak2020 #coronavirusaustralia",02/06/2020,en,English,neutral
B8Noce0lOry,"Prevent the risk of Coronavirus infection 🦠 Properly clean your hands with soap and water 🦠 After washing your hands, use isopropyl alcohol to further cleanse them 🦠 When going outside, it is best to wear surgical mask or N95 mask. Also, cover your nose and mouth when coughing or sneezing if you are not wearing a mask 🦠 Avoid close contact with anyone with cold or flu-like symptoms 🦠 Eat healthy. Eat vegetables and fruits that are rich in vitamins, mostly foods that are rich in vitamin C. You can also take vitamin C tablets 🦠 Lastly, always keep in mind that PREVENTION IS BETTER THAN CURE!

Take care and God bless ♥️ #coronavirus #health #coronavirusoutbreak #coronavirusawareness",02/06/2020,en,English,positive
B8No7meDHNO,"When duty calls! .
.
.
.
.
.
.
Health advisory:-
Avoid unpasteurised milk,under cooked meat and eggs,
Wash your hands often with soap and water for at least 20 seconds, especially after going to any public bathroom; before eating; and after blowing your nose, coughing, or sneezing.
If soap and water are not readily available, use an alcohol-based hand sanitizer with at least 60% alcohol. Always wash hands with soap and water if hands are visibly dirty.
Avoid touching your eyes, nose, and mouth with unwashed hands.
Avoid close contact with people who are sick.
Stay home when you are sick.
Cover your cough or sneeze with a tissue, then throw the tissue in the trash.
Clean and disinfect frequently touched objects and surfaces using a regular household cleaning spray or wipe.
.
.
.
.
Thanks to @captainwln, I highly recommended the “Honeywell”Mask N95 available on amazon
.
.
.
.

#coronavirus #coronavirusoutbreak #coronavirusnews #coronavirusmemes #coronavirüsü #coronaviruses #coronaviruschina #coronavirusmeme #coronaviruschino #coronavirus2020 #coronaviruswuhan #coronavirusawareness #coronavirusdewuhan #coronavírus #coronavirüs #pilotlife #singapore",02/06/2020,en,English,negative
B8NnKbdHuOP,"Part 2:  busting myths and posting facts around coronavirus treatment, prevention and things to be cautious about.
••
Posted @who • Here are some facts about the #2019nCoV
••
#MythBusting #coronavirusindia #washinghands #coronavirusoutbreak #coronavirusprevention #coronavirus #coronaviruses #wuhanvirus #wuhancoronavirus #coronaviruschina #coronavirus2020 #coronavirusawareness #wuhanchina #wuhanvirus #wuhancoronavirus #wuhanpneumonia #wuhancity",02/06/2020,en,English,negative
B8Nmqdjnfwj,"#newsworthy and #reposting from @who on the gamut if misinformation around the coronavirus, prevention and treatment.
••India’s Health and Ayush ministries have also not helped matters.
••
Posted @who • Here are some facts about the #2019nCoV

#MythBusting #KnowTheFacts #coronavirusoutbreak #coronavirusprevention #coronavirusfacts #coronavirus #coronavirusoutbreak #coronaviruses #wuhanvirus #wuhancoronavirus #coronaviruschina #coronavirus2020 #coronavirusawareness #wuhanchina #wuhanvirus #wuhancoronavirus #wuhanpneumonia #wuhancity #coronavirusindia",02/06/2020,en,English,negative
B8OJxM9hWQt,"Infared Thermometer:
1.Forehead Temperature Cap
2.Start Button
3.Display Screen
4.Forehead Temperature Cap
5.Sensor Probe
6.Battery Cover
#coronavirus #coronavirusoutbreak #coronavirusnews #coronavirusmemes #coronavirüsü #coronaviruses #coronaviruschina #coronavirusmeme #coronaviruschino #coronavirus2020 #coronaviruswuhan #coronavirusawareness #coronavirusdewuhan #coronavírus #coronavirüs #2019nCov #virus #health #medical #medicalsupply #homehealth #babayhealth #love #PrayforChina #wuhan #China #thermometer #infraredthermometer",02/06/2020,en,English,neutral
B8NoZw6orEj,"Empty streets and closed shops. This is the forlorn sight of China these days.
I took some short trips around the city to catch impressions of Chengdu during the #Corona outbreak. (And because I couldn't stand the ""grounding"" any longer) 😷
Stay healthy and calm 🌱🐼
Your #sinoexpert",02/06/2020,en,English,positive
B8QEAiJFBr0,"#coronavirus #coronavirus888
#coronavirusupdates  #coronavirusoutbreak #outbreak888",02/07/2020,en,English,neutral
B8ROLHYHQYp,"The SARS Coronavirus was first detected in 2003. A new strain of coronaviruses, the Novel Coronavirus (2019-nCov) was detected in Wuhan, China in late 2019 and so far, over 17K confirmed cases have been reported.

Call us at 1860 500 4424
Visit www.apollocradle.com

#CoronavirusUpdates #CoronavirusAlerts #Apollo #ApolloCradle #Coronavirus",02/07/2020,en,English,negative
B8QZMMhJBsI,"The death toll from the coronavirus outbreak in China reached to 636,  the total number of infections in the country rose to 31,161, according to the country's National Health Commission on Friday.

#pakistan #china #coronavirus #coronavirusoutbreak #virus #CoronaVirusChina #chinese #newvirus #coronavirusupdates  #concepttvlive #concepttvnews #pakistanzindabad",02/07/2020,en,English,negative
B8Q3Ihiov2S,"Update 07.02.2020 ca. 11.15h 
#coronavirusupdates #coronavirusdach #coronavirusat #coronavirusch 
#coronavirusdeutschland #coronavirusdach #coronavirusinfo 
#coronaviruscure #coronavirusgermany #coronavirusinformation",02/07/2020,en,English,neutral
B8RTjYIj0YG,"The deadly Coronavirus has spread to more than 27 countries, with 638 people having succumbed to it and more than 31,000 infected around the world. Most of the patients are from China which is bearing the human and economic cost of the disease. Several billionaires and companies have pledged support. Companies like Alibaba, Tencent, LVMH, PepsiCo, Walmart have come forward. Bill and Melinda Gates and several others have promised to support China. Watch the video for more.
.
.
.
#gatesfoundation  #billgates  #melindagates  #alibaba #tencent #walmart #pepsico  #coronavirusdonations  #donationsforcoronavirus  #coronavirusoutbreak  #coronavirus #WHO #worldhealthorganisation  #supportcoronavirusvictims  #supportvictims  #companiesdonating  #news  #latestnews  #coronavirusupdates #businesstoday",02/07/2020,en,English,positive
B8QDC_AlbIk,"Chinese doctor Li Wenliang, one of the eight whistleblowers who warned other medics of the coronavirus outbreak but were reprimanded by the police, died of the epidemic on Thursday.
.
.
.
Lin was the first to report about the virus way back in December last year when it first emerged in Wuhan, the provincial capital of China's central Hubei province.
.
.
.
#coronavirus #coronavirusoutbreak #coronaviruschina #china #wuhan #coronavirusupdates",02/07/2020,en,English,negative
B8QpqRNFg0M,"#CoronavirusOutbreak | The death toll due to the fast-spreading novel coronavirus outbreak in China has increased to 636
.
A look at the confirmed cases of novel #coronavirus from across the world
.
.
#CoronaOutbreak #coronavirus2020 #coronavirusnews #coronavirusupdate #coronavirusupdates #coronavirusepidemic #coronavirusepidemia #deathtoll #coronaviruscase #coronaviruscases #coronaviruses #coronavirusindia #coronavirusupdate #coronavirusawareness #coronavirusfrance #news #worldnews #health #instawithjagranenglish #jagranenglish",02/07/2020,en,English,negative
B8SNpcZgAEu,"Take care people and stay positive. :) ☮️ #coronavirus #awareness #coronavirusawareness #animated
.
.
.
.
.
.
.
.
.
.
.
.
Oof this is my first animation in Krita, which was pretty confusing to me, and the video editing software bugged too, sorry for glitches ^^; will try to improve.

Music : [ No copyright music ] Peace and calm vlog music - Flying Bee.",02/07/2020,en,English,positive
B8Rc2DLFGgC,"Coronavirus awareness rally by students in India

Repost: @devdiscourse

#virus #coronavirus #wuhan #wuhanvirus #coronavirusoutbreak #wuhanchina #coronavirusmemes #ncov #viruscorona #corona #india #coronavirusindia  #coronavirusworld #newsalert  #plagueinc #coronavirusnews #outbreak #wuhancoronavirus #chinavirus #sars #coronavirusawareness",02/07/2020,en,English,neutral
B8RT6NFl8Nk,"Security staff at the newly built Huoshenshan Hosital are getting ready for their shift.

中国加油(china jiayou)=China you can do it, keep fighting!
#ChinaJiayou #wuhancoronavirus #coronavirus #chinavirus #coronaviruschina #chinacoronavirus #wuhancoronaoutbreak #chinavirusnews #corona #coronavirusawareness #wuhan #wuhanvirus #武汉加油 #中国加油",02/07/2020,en,English,positive
B8SDE8Ngxp2,... #coronavirus #coronavirusmemes #coronavirusoutbreak #coronaviruschina #coronavirusnews #coronavirus2020 #coronaviruses #coronavirusmeme #coronavírus #coronaviruswuhan #coronavirusfrance #coronavirusbrasil #coronavirusindia #coronavirusupdate #coronavirüs #coronavirusecuador #coronavirusawareness #coronaviruschino #coronavirusu #coronavirusdewuhan #coronavirusitalia #coronavirus2019 #coronavirusaustralia #coronavirusoutbreak2020 #coronavirüsü #coronavirusfacts #coronavirusalert #coronavirus😷 #coronavirususa #coronavirusprevention,02/07/2020,en,English,neutral
B8Rb2dwHPLm,"In Wuhan, the virus spread through this evil
________________________

Let's follow for the information

#waspadaviruscorona #coronavirus #coronavirusoutbreak #virus #wuhan#wuhanvirus #coronaviruschina #wuhanchina#corona #coronovirus #chinavirus#wuhancoronavirus #outbreak #plagueinc #corona#coronaviruses #coronavirusfrance#coronavirus2020 #coronavirusbrasil#coronavirusnews #coronavirusecuador#coronaviruswuhan #coronavirusindia#coronavirusupdate #coronaviruschino#coronavirusawareness #coronavirusdewuhan#coronavirusoutbreak2020 #coronavirusaustralia",02/07/2020,en,English,negative
B8RcfRBgt3S,"Today
________________________

Let's follow for the information

#waspadaviruscorona #coronavirus #coronavirusoutbreak #virus #wuhan#wuhanvirus #coronaviruschina #wuhanchina#corona #coronovirus #chinavirus#wuhancoronavirus #outbreak #plagueinc #corona#coronaviruses #coronavirusfrance#coronavirus2020 #coronavirusbrasil#coronavirusnews #coronavirusecuador#coronaviruswuhan #coronavirusindia#coronavirusupdate #coronaviruschino#coronavirusawareness #coronavirusdewuhan#coronavirusoutbreak2020 #coronavirusaustralia",02/07/2020,en,English,neutral
B8SMTxhpcBm,"#MerciHandygiftedme @mercihandy 
Summer Scented Hand Sanitizers are must haves especially with the ongoing corona virus 🦠 spread around the globe. 
One of the best ways to prevent infection is to avoid being exposed to the 2019-nCov infection is wash your hands often with soap and water for at least 20 seconds after going to the bathroom, before eating and after blowing your nose, coughing, or sneezing.

If soap and water are not readily available, use an alcohol-based hand sanitizer with at least 60% alcohol.

These fun hand sanitizers come in fun scents like Unicorn Edition, Namaste, Cross the lime, Flower Power, or Mystic Fruits 
Stock them up, pass them out to fam members or keep them in your handbags 👜 https://www.octoly.com/c/hbnlt/r/hb58c. 
@mercihandy quality product have these amazing qualities: 🍃 98% Natural Origin
🎒 Travel Sized 🍏 Vegan
🐰 Cruelty-free
🇫🇷 Made in France

Merci beaucop @mercihandy for creating amazing and fun hand sanitizers .
.
.

#octolyfamily#preventionisbetterthancure #preventcoronavirus #preventativehealth #preventative #stayclean#byebyegerms#selfcare#prevention#handsanitizers#coronavirusoutbreak #coronavirus2020 #coronavirusawareness #coronavirusprevention #madeinfrance#frenchiesofinstagram #frenchproducts",02/07/2020,en,English,positive
B8Q_Sgth92L,#coronavirusawareness ⚠️,02/07/2020,en,English,neutral
B8RAXrUhNij,#tokyodisneyland #tokyotrip2020🇯🇵 #coronavirusawareness,02/07/2020,en,English,neutral
B8RRXkrFLc7,"Jingdong (a platform that belongs to the Alibaba group and can be compared to Amazon) is now delivering medical supplies to Wuhan’s hospitals with this robot.

中国加油(china jiayou)=China you can do it, keep fighting!
#ChinaJiayou #wuhancoronavirus #coronavirus #chinavirus #coronaviruschina #chinacoronavirus #wuhancoronaoutbreak #chinavirusnews #corona #coronavirusawareness #wuhan #wuhanvirus #武汉加油 #中国加油",02/07/2020,en,English,negative
B8SOpW9Idmt,"(updated) ..to stop rubbing viruses into the eyes. We can catch virus by touching our face, especially the conjunctiva of the eyes (Dr. Scott Gottlieb on Feb 03, 2020 CNBC Special Report Coronavirus). A demonstration by Glo-Germ powder, visible only under a blacklight is part of a well-known educational dramatization in a classroom. An hour after powdering a couple of kids' hands with Glo-Germ, all the kids have the powder on their hands and faces. Indeed we rub faces and eyes without being aware of it. So an idea of boosting self-awareness consists of applying on the fingers a sort of harmless but eyes-""burning"" cream containing a capsaicinoid. Even slightly touching an eye with the fingers quickly activates the heat-sensitive receptors. After ""burning"" the eye once, the bad habit of touching the eyes may become broken. Capsaicinoids are the active ingredient of red chili pepper and bear-deterrent and law enforcement sprays and heat creams.
@skoro_leto suggested that girls have makeup as a natural deterrent to avoid touching their eyes. Proving makeup efficiency is not straightforward. (..) Surely besides eyes-rubbing there is a mix of contradictory factors here
#finalgon
#influenza
#flu
#fluvirus
#capsaicinoid
#pepper
#redchilipepper
#glogerm 
#microorganisms 
#infectiouscycle 
#handwashing 
#health 
#scottgottlieb 
#coronavirus 
#coronavirusoutbreak 
@scottgottliebmd 
#coronaviruschina 
#coronaviruswuhan 
#coronavirusawareness 
#makeup
#girlswithmakeup",02/07/2020,en,English,positive
B8RRzbTlavU,"This baby in Zhejiang province is only 3 months and 22 days old and has contracted the corona virus. The nurse has taken on a role of “substitute mom” for the baby while it is being treated at Zhejiang Children Hospital. The baby’s condition is stable.

中国加油(china jiayou)=China you can do it, keep fighting!
#ChinaJiayou #wuhancoronavirus #coronavirus #chinavirus #coronaviruschina #chinacoronavirus #wuhancoronaoutbreak #chinavirusnews #corona #coronavirusawareness #wuhan #wuhanvirus #武汉加油 #中国加油",02/07/2020,en,English,negative
B8RQaVMFPFd,"This China Southern flight CZ634 is getting ready to land in Wuhan. The plane is full, but no passengers are on board. The plane carries medical supplies for the hospitals in Wuhan.

中国加油(china jiayou)=China you can do it, keep fighting!
#ChinaJiayou #wuhancoronavirus #coronavirus #chinavirus #coronaviruschina #chinacoronavirus #wuhancoronaoutbreak #chinavirusnews #corona #coronavirusawareness #wuhan #wuhanvirus #武汉加油 #中国加油",02/07/2020,en,English,neutral
B8RKFPCHYZg,"As the corona virus is making headlines across the globe, let’s stay aware and keep the danger away. By following simple steps such as washing hands regularly, wearing a mask, staying away from large crowds… let’s be safe and say no to corona.
.
.
#coronavirus #corona #coronavirusoutbreak #coronaviruschina  #coronavirus2020 #coronavirusawareness #coronavirusindia",02/07/2020,en,English,negative
B8RSUf5FBQj,"This medical staff has been working for eight full days and gets her birthday wishes sent remotely from her daughter who misses her mother immensely.

中国加油(china jiayou)=China you can do it, keep fighting!
#ChinaJiayou #wuhancoronavirus #coronavirus #chinavirus #coronaviruschina #chinacoronavirus #wuhancoronaoutbreak #chinavirusnews #corona #coronavirusawareness #wuhan #wuhanvirus #武汉加油 #中国加油",02/07/2020,en,English,negative
B8QLmCnIj13,@robello_cavalli #coronavirusaustralia #coronavírus #coronavirusmemes #coronavirusfrance #coronaviruschina #coronavirus2020 #coronavirusnews #coronavirusawareness #coronavirusprotection #coronavirusitalia #coronavirus #coronavirusupdate #coronaviruses #coronaviruschino #coronavirusu #coronavirusprevention #coronavirusalert #coronaviruswuhan #coronavirusoutbreak #coronavirusindia #coronavirus😷 #coronavirusindonesia #coronavirüs #coronavirus2019 #coronavirusecuador #coronavirusbrasil #coronavirusoutbreak2020 #coronavirusmeme #coronavirusdewuhan #coronavirüsü,02/07/2020,en,English,neutral
B8RetFpl-nB,"Turn the sound on and make the volume full. The person screaming is coronavirus infected and see how they are carried.

#virus #coronavirus #wuhan #wuhanvirus #coronavirusoutbreak #wuhanchina #coronavirusmemes #ncov #viruscorona #corona #india #coronavirusindia  #coronavirusworld #newsalert  #plagueinc #coronavirusnews #outbreak #wuhancoronavirus #chinavirus #sars #coronavirusawareness",02/07/2020,en,English,negative
B8RFVHDna68,"#newsworthy
Japan 🇯🇵 , as of Friday, has reported 41 new cases of the coronavirus on a cruise ship, Diamond Princess, quarantined in Yokohama harbor with around 3,700 people confined aboard.
•• The announcement comes as the death toll in mainland China has risen to 636, including a doctor who got in trouble with authorities for blowing the whistle of the outbreak 😷 earlier in December.
•• Before Friday’s 41 confirmed cases, 20 infected passengers were escorted off the Diamond Princess.
•• The cruise ship, along with another in Hong Kong, is docked and under a two-week quarantine.
.
#newsworthywithab #japan
#coronavirus #coronavirusoutbreak #coronaviruses #wuhanvirus #wuhancoronavirus #coronaviruschina #coronavirus2020 #coronavirusawareness #wuhanchina #wuhanvirus #wuhancoronavirus #wuhanpneumonia #wuhancity #coronavirusindia",02/07/2020,en,English,negative
B8QjwUUByWG,"Thank you for the significant contribution!

Will you make a difference?

Together we can do it!

#WeAreWithChinaAndYou #Makeadifference #coronavirus #coronavirusmemes #coronavirusoutbreak #coronaviruschina #coronaviruses #coronavírus #coronavirusmeme #coronavirusnews #coronavirus2020 #coronavirusfrance #coronaviruswuhan #coronavirusupdate #coronavirusawareness #coronavirusitalia #coronavirusdewuhan #coronavirusaustralia #corona #virus #wuhan #viruscorona #soscorona #support #donations #chinamatters #help #wuhan2020 #donateforchina #spreadtheword",02/07/2020,en,English,neutral
B8Qw-4EFbBp,"Know about dreaded Coronavirus, its symptoms, and precautions.
Take all the proper measures to avoid this disease.
.
.
.
.
.
#ARGGroup #RealEstate #ARGForWelfare #Coronavirus #Virus  #disease #CoronaVirusAwareness #Awareness #Flats #Houses #Apartments #Villas #Bungalows #DreamHomes #BestHomes #Jaipur",02/07/2020,en,English,negative
B8QJ-poIvQG,"Though there is no treatment available for coronavirus yet, it is recommended to treat it the way we treat cold. Consult your doctor regularly. 
WhatsApp: 9701003333
#ApolloClinics #CoronaVirus #CoronaVirusAwareness #FightCoronaVirus",02/07/2020,en,English,positive
B8QuEPwBqeK,"In the wake of the Corona outbreak, KMP Ayurvedic encourages all to stay safe, follow safety measures and seek medical assistance at once without delay.

#coronavirus #coronavirusoutbreak #coronavirusindia #coronavirusFacts #coronavirusawareness #coronavirusalert #coronavirusprevention #Staysafe #awareness",02/07/2020,en,English,positive
B8Qpk5uAEQt,"Worried about the world epidemic? Too many Coronavirus facts? Don't know what to trust?

Don't worry. We have the perfect solution for you!

Just check out these quick points and know what you need to know!

For more, contact hello@astocare.com or login to AstoCare.com  #astocare #yourpartnerinhealthcare #medicine #medical #health #healthcare  #healthy #coronavirus #coronavirusoutbreak #coronavirusmemes #coronavirusnews #coronaviruses #coronaviruschina #coronavirus2020 #coronaviruschino #coronaviruswuhan #coronavirusawareness #coronavirusdewuhan",02/07/2020,en,English,positive
B8PudaSnpX9,"Coronavirus

________________________

Let's follow for the information

#waspadaviruscorona #coronavirus #coronavirusoutbreak #virus #wuhan#wuhanvirus #coronaviruschina #wuhanchina#corona #coronovirus #chinavirus#wuhancoronavirus #outbreak #plagueinc #corona#coronaviruses #coronavirusfrance#coronavirus2020 #coronavirusbrasil#coronavirusnews #coronavirusecuador#coronaviruswuhan #coronavirusindia#coronavirusupdate #coronaviruschino#coronavirusawareness #coronavirusdewuhan#coronavirusoutbreak2020 #coronavirusaustralia",02/07/2020,en,English,neutral
B8Q1gxUolgj,"It's the talk of the town, around the world. And that's why it's important to know what's needed to reduce your risk of the Coronavirus infection. Follow these simple measures, share them with friends and family and don't give in to unfounded rumours. Prevention is, indeed, better than cure. 
Infographics- @mathuranurag17 
#coronavirus #coronavirusoutbreak #coronavirusnews #coronaviruses #coronavirus2020  #coronavirusawareness",02/07/2020,en,English,positive
B8QqecMgOh2,"Keep your kids safe! Here are some tips from #LumaWorld.

#MyLumaworld #AddLifeToLearning #AddFamilyToLearning  #futureoflearning #primaryeducation #coronavirus #coronavirusindia #coronavirusoutbreak #corona #coronavirusawareness #coronavirus2020 #iteach345 #childdevelopment #stemkids #stemeducation #learnandplay #motivation #gametime #boardgames #educationaltoys #kidsgames #kidsactivity #Boardgamesindia #Notjustboardgames #educationalgift",02/07/2020,en,English,positive
B8RRk78jmCi,"When your family is in one of its vulnerable stages, i.e. when a member is sick, UV Care can help! Our products are designed to cater to all lifestyles in order to stop the spread of germs and keep you and your loved ones safe and healthy.⠀⁠
⠀⁠
Talk to us and we'll help you find the best UV Care product for you!⠀⁠
⁠
Get yours at www.theuvcare.com. You can also find us on amazon by clicking on the links below. ⁠
⁠
Germ Terminator - https://amzn.to/2YGUBBY ⁠
Pocket Sterilizer - https://amzn.to/34dwtrN ⁠
Portable Germinator - https://amzn.to/2shhcZG⁠
Multipurpose Sterilizer - https://amzn.to/38pB3Xj⁠
PS Vogue Edition (Red) - https://amzn.to/2rtUb5W⁠
⁠
#UVCareusa #uvsterilizer #uvsanitizer #givethegiftofhealth #germaphobic #cleanfreak #travelclean #healthybaby #killthegerms #bigcitymoms #hinched #travelessentials #safetravels #fluvirusbegone #coronavirusawareness⁠",02/07/2020,en,English,positive
B8QbdnlJ2LW,"Ju mer dom spottar på mig, desto snabbare kommer jag blomma! 🤯
.
.
.
.
#coronavirusmeme #coronavirusoutbreak2020 #coronavirus2020 #coronaviruschina #coronavirüsü #coronavirusawareness #coronavirusoutbreak #coronavirusbrasil #coronavirusprevention #coronaviruschino #coronavirus😷 #coronavirusfrance #coronaviruses #coronavirusitalia #coronavirusdewuhan #coronavirusprotection #coronavirüs #coronavirusupdate #coronavirusnews #coronavirus #coronavírus #coronavirusu #coronaviruswuhan #coronavirusindia #coronavirusaustralia #coronavirusindonesia #coronavirusalert #coronavirusecuador #coronavirus2019 #coronavirusmemes",02/07/2020,en,English,neutral
B8PxdX9nQgN,"This month, as we get closer to Valentine's day, Love is in the air, but so is the flu.  Make sure to wash your hands and take precautions to keep yourself healthy.  UV Care also gives you an additional layer of protection to make sure your surfaces are sanitized. ⁠
⁠
Get yours at www.theuvcare.com. You can also find us on amazon by clicking on the links below. ⁠
⁠
Germ Terminator - https://amzn.to/2YGUBBY ⁠
Pocket Sterilizer - https://amzn.to/34dwtrN ⁠
Portable Germinator - https://amzn.to/2shhcZG⁠
Multipurpose Sterilizer - https://amzn.to/38pB3Xj⁠
PS Vogue Edition (Red) - https://amzn.to/2rtUb5W⁠
⁠
#UVCareusa #uvsterilizer #uvsanitizer #givethegiftofhealth #germaphobic #cleanfreak #travelclean #healthybaby #killthegerms #bigcitymoms #hinched #travelessentials #safetravels #fluvirusbegone #coronavirusawareness",02/07/2020,en,English,positive
B8QPDI8BumK,"Coronavirus infections are predicted to grow exponentially. We suggest you to adopt preventive measures and prevent it from affecting your loved ones #cronavirus #prevention #coronavirusawareness
Source: WHO",02/07/2020,en,English,positive
B8QvJSah7Ui,"'You are what you eat' Make sure you are conscious of your diet and follow these simple tips to keep yourself and your family safe from Coronavirus
#coronavirus #coronavirusawareness #coronavirusoutbreak #coronavirus #worldhealthorganization",02/07/2020,en,English,positive
B8QhvW6lIVk,"Health Talk on Corona Virus organized at TBEA EI.
.
.
.
#TBEAEnergyIndia #TBEAindia #healthtalks #TBEAteam #coronavirusawareness",02/07/2020,en,English,neutral
B8Qa7b_FX7G,"The metropolitan cities of China are becoming ghost towns with the still increasing number of #coronavirus patients day after day and most of others staying at home. We feel truly blessed of good health and are wishing for fast cure to come soon. There’s always light at the end of the tunnel 🚇 Image of one of our favourite places in Hangzhou, #Angelot by SAY architects. #coronavirusawareness",02/07/2020,en,English,positive
B8QLOdtgVNC,"At the time when the coronavirus is sweeping over the globe let us take a moment to educate ourselves and others and do things necessary to combat this epidemic.
Swipe right for more
.
Contact us on +91 9867 651 811 to know more.
.
.
#scienceonplate#coronavirus
#coronavirusoutbreak#coronaviruschina
#coronavirus2020#coronavirusnews
#coronavirusawareness#eatclean#cleaneats
#fitfood#fitnessmotivation#natural#wellness
#nutrition#digestion#nutrients#healthyfood
#healthy#homemade#healthylifestyle
#energy#instaenergy",02/07/2020,en,English,negative
B8Qr_mAlXPm,"We asked our consumer panel about the recent pandemic originating in China, the #coronavirus. Less than 1 in 3 (29%) are confident that the UK government is prepared for an outbreak of the coronavirus.
Want to know more? Then read our blog with all our findings. As always, 🔗 in bio. 
#TheDataPeople",02/07/2020,en,English,positive
B8QQ7DSDgyh,"As the Novel Coronavirus outbreak spreads, it's important to take precautions to protect yourself from this disease. Washing your hands frequently is key to stopping the infection in its tracks. Anios provides extremely effective and trustworthy hand sanitisers that can help you stay safe.⠀
⠀
#crownhealthcare #coronavirus #coronavirusoutbreak #coronavirus2020 #coronavirusawareness #health #healthcare #ncov #coronaviruses #handsanitiser #anios #aniosgel",02/07/2020,en,English,positive
B8REG2rHeE_,"#newsworthy
🇨🇳 🦠 
Anger in some Chinese communities specially on social media, as news that the doctor regarded as the whistleblower on the novel coronavirus outbreak in Wuhan apparently died of the virus.
•• Dr. Li Wenliang was an ophthalmologist at a hospital in Wuhan who is regarded as a national hero for exposing the novel coronavirus and, subsequently, the Chinese government’s failures to properly deal with the outbreak.
•• The 34-year-old has been previously detained by police for “rumour mongering” when he tried to warn classmates at a medical school about the virus in late December on a group chat on WeChat.
•• Li was diagnosed on Saturday, and died on Thursday, amid China's efforts to downplay his arrest and their mishandling of his findings.
••
📸Image courtesy: Hu Jianglong
.
#newsworthywithab
#coronavirusoutbreak #coronaviruswhistleblower #coronavirusupdate #coronavirus #coronavirusoutbreak #coronaviruses #wuhanvirus #wuhancoronavirus #coronaviruschina #coronavirus2020 #coronavirusawareness #wuhanchina #wuhanvirus #wuhancoronavirus #wuhanpneumonia #wuhancity #coronavirusindia",02/07/2020,en,English,negative
B8T30hOFnsL,"#coronavirus #coronavirus888
#coronavirusupdates  #coronavirusoutbreak #outbreak888 #2019-nCoV",02/08/2020,en,English,neutral
B8S1LE5j36A,"Don’t Panic, Get Informed!

Call us at 1860 500 4424
Visit www.apollocradle.com

#CoronavirusUpdates #CoronavirusAlerts #Apollo #ApolloCradle #Coronavirus",02/08/2020,en,English,negative
B8S95xbgIih,"Eleven #Americans aboard the Diamond Princess, docked in Yokohama, Japan, have tested positive for #coronavirus. In total, 61 people in the ship have been affected. The ship now has the highest number of coronavirus cases outside of China.

#CoronaVirusUpdates",02/08/2020,en,English,positive
B8TJ0yDpJB3,"An American citizen diagnosed with the coronavirus has died in Wuhan, the Chinese city at the center of the outbreak, marking the first known American death from the disease.

#pakistan #chian #wuhan #usa #american #american #unitedstates #coronavirus #coronavirusoutbreak #virus #CoronaVirusChina #chinese #newvirus #coronavirusupdates  #concepttvlive #concepttvnews #pakistanzindabad",02/08/2020,en,English,negative
B8SVbClFGrb,"Coronavirus nCoV Update 
Cases: 34,449 (China 34,130; Other 319)

Deaths: 721

Feb 8- 00:49 GMT

#coronavirus888 #coronavirus #coronavirusupdates #coronavirusoutbreak #outbreak888",02/08/2020,en,English,neutral
B8TISEkFTou,"Man Wears Personal Plastic Tent on Flight to Avoid Deadly Virus #coronavirus #coronavirus888
#coronavirusupdates  #coronavirusoutbreak #outbreak888",02/08/2020,en,English,negative
B8Ty-HqnRM-,"Avoid making direct contact from anyone traveling from China or other affected areas, especially if they show any flu-like symptoms. Keep yourself protected with a mask if you are constantly coming in contact with travelers.

Call us at 1860 500 4424
Visit www.apollocradle.com

#CoronavirusUpdates #CoronavirusAlerts #Apollo #ApolloCradle #Coronavirus",02/08/2020,en,English,positive
B8Ur6MzhAuz,"BREAKING: 
Coronavirus outbreak reports 2,147 new cases and 81 new deaths -Epicenter of coronavirus

#Coronavirus #coronaviruschina #CoronaVirusUpdates #CoronaOutbreak #China #wuhan #corona",02/08/2020,en,English,neutral
B8Ug_U3qh44,"Link zur Petition: http://chng.it/GLPkv9htgq

#coronavirusdach #changeorg #changeorgpetition #coronavirusupdates #coronavirusinfo #coronavirusdeutschland #coronavirusat 
#coronavirusch",02/08/2020,en,English,neutral
B8SZE2ynM2x,#coronaviruschina #wuhan #coronavirusoutbreak #coronaviruses #coronavirus #coronavirus2020 #coronavirusgermany #coronavírus #coronaviruscanada #Coronavirus news #coronavirusrussia #coronavirusthailand #coronavirustoronto #coronavirustoday #coronavirusupdates #coronavirusspain #coronavirusphilippines #coronavirustaiwan #coronavirususa #coronavirusfrance #coronavirussouthkorea #coronavirusmalaysia #wuhan #coronavirussouthkorea #coronavirusnews #coronavirusmalaysia #coronavirusvietnam #coronavirussingapore #coronavirustaiwan #coronavirusaustralia,02/08/2020,en,English,neutral
B8Skg_2lw3Q,"Coronavirus nCoV Top 10 Countries (# of confirmed cases)
Mainland China: 34,604
Others: 61
Singapore: 30
Hong Kong: 26
Thailand: 25
Japan: 25
South Korea: 24
Taiwan: 16
Australia: 15
Germany: 13
USA, Malaysia: 12

Feb 8 - 02:58 GMT
#coronavirus888 #coronavirus #coronavirusupdates #coronavirusoutbreak #outbreak888 #2019-nCoV",02/08/2020,en,English,neutral
B8TI-8Pg9kc,"Double rubber, double the protection

#china
#shanghai
#shanghaistreets
#shanghailife
#china 
#chinalife
#chinastreets
#coronavirus 
#coronavirusupdates
#chinavirusoutbreak
#coronavirusoutbreak",02/08/2020,en,English,neutral
B8S1vdcps08,"The number of deaths from #CoronavirusOutbreak has risen to 722 after 86 deaths in a single day in #China on Saturday. The total number of infections across the country has now reached 34,546.

#pakistan #china #coronavirus #coronavirusoutbreak #virus #CoronaVirusChina #chinese #newvirus #coronavirusupdates #concepttvlive #concepttvnews #pakistanzindabad",02/08/2020,en,English,positive
B8T5TMYhQL-,"The reporter was able to preview what was inside.  A new hospital has started operating in Wuhan, China, which was built in 10 days to relieve overcrowded hospitals due to the coronavirus. A team of 1,400 military medical workers will work at the Huo Shan Shan hospital.  The coronavirus has infected over 24,000 people globally and killed at least 494 at the time of writing.  #ChinaVirus #Wuhan #Coronavirus#NewsOfTheDay#ChinaVirus#WuhanCoronavirus#Wuhan#CoronavirusMalaysia#InfectiousDisease#WuhanVirus#Wellness#NovelCoronaVirus#WuhanCoronaVirus#CoronaVirusUpdates#CoronaVirus#Flu",02/08/2020,en,English,negative
B8T24QCBNhB,"working with ChinaFile shows the city of Wuhan, China, under the unprecedented coronavirus quarantine that began on January 23. 	The city has been cut off from the world for nearly two weeks in efforts to contain the deadly outbreak. 	The footage was taken in late January and early February. 	Wuhan’s airport and a number of planes sit empty and dormant. Bridges across the city’s waterways are practically devoid of vehicles. Central areas likewise are missing the throngs of people that usually populate them. 	The coronavirus has infected over 30,000 people globally and killed at least 600 at the time of writing.

#ChinaVirus #Wuhan #Coronavirus#	#Recovery #Health #Wellness #CoronaVirusUpdates#NewYork#San#Francisco#LosAngeles#Atlanta#Chicago",02/08/2020,en,English,negative
B8Tf6HgBRhQ,"Coronavirus infections are predicted to grow exponentially. We suggest you to adopt preventive measures and prevent it from affecting your loved ones #cronavirus #prevention #coronavirusawareness
Source: WHO",02/08/2020,en,English,positive
B8TV6UsINex,Ready... maybe this one #starwarsmemes #starwars #starvirus #drisman #viruscorona #coronavirus #coronaviruss #corona #virus #wuhan #wuhanvirus #panic #korinavirus #censured #censura #china #epidemia #enfermedad #spain #france #viruseeuu #holocausto #gripe #coronavirusmemes #coronavirusbreak #coronavirus2020 #coronaviruses #coronavirusawareness,02/08/2020,en,English,positive
B8SWZKBnNaS,"Why do you have to spend on medicines, when you can invest in a surefire way to prevent respiratory issues like asthma, cough, and colds? All you need to do is to get a brand that is SAFE, TRUSTED, TESTED, and RECOMMENDED by medical experts-- UV Care!⠀⁠
⁠
Get yours at www.theuvcare.com. You can also find us on amazon by clicking on the links below. ⁠
⁠
Germ Terminator - https://amzn.to/2YGUBBY ⁠
Pocket Sterilizer - https://amzn.to/34dwtrN ⁠
Portable Germinator - https://amzn.to/2shhcZG⁠
Multipurpose Sterilizer - https://amzn.to/38pB3Xj⁠
PS Vogue Edition (Red) - https://amzn.to/2rtUb5W⁠
⁠
#UVCareusa #uvsterilizer #uvsanitizer #givethegiftofhealth #germaphobic #cleanfreak #travelclean #healthybaby #killthegerms #bigcitymoms #hinched #travelessentials #safetravels #fluvirusbegone #coronavirusawareness",02/08/2020,en,English,positive
B8TxoEhHBYM,"When you are sick with corona virus but you die from neck injury 😃 just kidding hes alright. -----------------------------------------------------------------
#coronavirus #coronavirusnews #coronavirusoutbreak #coronavirus2020 #coronaviruschina #coronavirusawareness #coronavirusmemes #coronavirusupdate #coronaviruspandemic #coronaviruswuhan #wuhancoronavirusoutbreak #wuhanvirus #wuhanchina #wuhanpneumonia #wuhancoronavirus2020 #corona #hazmatsuit #coronavirusfrance #coronaviruseurope #coronavirusoutbreaks #coronavirushazmat #coolstorybob #biohazard @pandera777 #pandera777",02/08/2020,en,English,negative
B8TBe0xpE43,"STAY SAFE.!
#CORONAVIRUSAWARENESS",02/08/2020,en,English,positive
B8TL-Jung_y,"The battles we fought together are battles we can win!
Thank you for your support!

Will you make a difference?

#WeAreWithChinaAndYou #Makeadifference #coronavirus #coronavirusmemes #coronavirusoutbreak #coronaviruschina #coronaviruses #coronavírus #coronavirusmeme #coronavirusnews #coronavirus2020 #coronavirusfrance #coronaviruswuhan #coronavirusupdate #coronavirusawareness #coronavirusitalia #coronavirusdewuhan #coronavirusaustralia #corona #virus #wuhan #viruscorona #soscorona #support #donations #chinamatters #help #wuhan2020 #donateforchina #spreadtheword",02/08/2020,en,English,neutral
B8T14dNlVaL,"Recently in Taizhou, Zhejiang province: An unknown stranger rides by the police station, drops a package inside the premises and rides away. The police comes to identify the package to realize that it is a box full of N95 masks. These types of masks are virtually sold out in China. People now are glad when they can get their hands on medical masks that are being thrown away after each usage. In order to stop the virus from spreading most businesses have been asked to remain closed until February 10th. Normally work would have started after the Chinese New Year holiday on January 31st. For people in necessary job functions, such as the police, hospital or the grocery store, work started as usual on January 31st. To thank these people for their work many “strangers” have been seen in recent days who showed their support and gratitude by giving them money, food or masks.

中国加油(china jiayou)=China you can do it, keep fighting!
#ChinaJiayou #wuhancoronavirus #coronavirus #chinavirus #coronaviruschina #chinacoronavirus #wuhancoronaoutbreak #chinavirusnews #corona #coronavirusawareness #wuhan #wuhanvirus #武汉加油 #中国加油",02/08/2020,en,English,positive
B8TfROXJyFd,"Total confirmed cases: 35,000

Total deaths: 725

Recovered: just 2341
All these recovered patients have 70% chances of getting the virus again as their body is not immune enough now to fight against virus anymore.

Total affected countries: 25+

Lancet claims that the real figures are so far high than what we have been told.

We all need to have basic precautions, be calm and spread awareness.

Healcard is Praying for China to recover from this war like situation.

#coronavirus #coronavirusmemes #coronaviruses #coronaviruschina #coronavirus2020 #coronaviruswuhan #coronavirusdewuhan #coronavirüs #coronavírus #coronavirusawareness #coronaviruschino #coronavirusmeme #coronavirusnews #coronavirusoutbreak 
#Healcard  #medionce #eatclean #vegan #lifestyle #china #disease #savetheplanet",02/08/2020,en,English,positive
B8Tp5MAFSG-,"One of the Police check points, to check for possible victims of Coronavirus outside of Guanzhou city centre!!!
.
.
.
.
.
.
. .
#coronaviruschina #coronavirus😷 #coronavirus2020 #coronavirusindia #coronavirus #coronavirusitalia #coronavirusdewuhan #coronavirusalert #coronavirüsü #coronavirüs #coronavirusmemes #coronaviruses #coronavirusmeme #coronavirus2020 #coronavirusu #coronavirusnews #coronavirusoutbreak #coronavirusprotection #coronavirusawareness #coronaviruschino #coronavirusecuador #coronavirusprevention #coronavirusupdate #coronavírus #coronavirusbrasil #coronavirusoutbreak2020 #coronaviruswuhan #coronavirusindonesia",02/08/2020,en,English,negative
B8T7p-JAn70,"My friend 大程 shared with me this week that friends from Republic of Belarus donated 2 tons of masks to support China in the fight against Coronavirus. 10 masks per bag. Yes that's right, - 2 tons! ----
Shocking? This is actually a normal quantity for donation of masks these days.
I told some friends earlier - you can think of virus as a huge, rapid sweeping forest fire, and masks would be the water that will extinguish the fire.
The speed of supply of masks must match or exceed the speed of the spread of virus.
-----
Thank you for the love from Republic of Belarus. 
#LoveNotFear #masksdonation #lovealwayswins #chinaholdup #coronavirusawareness #internationalsupport #solidarity #internationalsolidarity #wuhanvirus #coronavirus",02/08/2020,en,English,positive
B8T8BGRF18x,"Workers in the lunch area during construction of the Leishenshan Hospital in Wuhan.

中国加油(china jiayou)=China you can do it, keep fighting!
#ChinaJiayou #wuhancoronavirus #coronavirus #chinavirus #coronaviruschina #chinacoronavirus #wuhancoronaoutbreak #chinavirusnews #corona #coronavirusawareness #wuhan #wuhanvirus #武汉加油 #中国加油",02/08/2020,en,English,negative
B8UIDTfDogH,"An endangered animal that looks like a scaly anteater — and is a delicacy in the Chinese culture — is suspected of infecting humans with the coronavirus, a report said Friday.

The outbreak of the deadly virus is believed to be tied to a market in Wuhan, China, where wild-animal meat is sold, including potentially pangolins, mammals with scales and a long snout and tail.

New research shows that the strain of coronavirus found in local pangolins is 99% identical to the latest spreading among humans, according to the South China Agricultural University, which conducted the study, said the official Chinese news service Xinhua on Friday.
From:- The New York post
Tags
#coronavirus #coronavirusoutbreak #coronavirusmemes #coronavirusnews #coronaviruses #coronavirüsü #coronaviruschina #coronavirusmeme #coronavirus2020 #coronaviruschino #coronaviruswuhan #coronavirusawareness #coronavirusdewuhan #coronavírus #coronavirüs",02/08/2020,en,English,negative
B8T7zGmlqyc,"This young lady biked 300km (186 miles) in 4 days to get back to work in a hospital in Wuhan. The paper shown in the video is a temporary permit that is given to essential workers so they can enter and commute to their destination in Wuhan. Since the city is under lockdown this is the only way for to get past the toll stations and police patrols. Instead of the car plate number it says “bike” on this temporary permit.

中国加油(china jiayou)=China you can do it, keep fighting!
#ChinaJiayou #wuhancoronavirus #coronavirus #chinavirus #coronaviruschina #chinacoronavirus #wuhancoronaoutbreak #chinavirusnews #corona #coronavirusawareness #wuhan #wuhanvirus #武汉加油 #中国加油",02/08/2020,en,English,negative
B8UAXojhKf5,"""People of Wuhan, blow their whistles to honor The Whistleblower Dr. Li Wenliang"" ""The Chinese public have staged what amounts to an online revolt last night after the death of Dr. Li Wenliang. Government officials, business figures & ordinary folk have posted numerous messages expressing their grief and anger"" Doctor Li Wenliang, who died from the coronavirus on Thursday, had been silenced by the police after warning about the new coronavirus that has killed hundreds in China and sickened thousands. From MpuAnon (mpuanon) on Twitter.
________________________

Let's follow for the information

Beritahu kami jika ada berita yang keliru

#waspadaviruscorona #coronavirus #coronavirusoutbreak #virus #wuhan#wuhanvirus #coronaviruschina #wuhanchina#corona #coronovirus #chinavirus#wuhancoronavirus #outbreak #plagueinc #corona#coronaviruses #coronavirusfrance#coronavirus2020 #coronavirusbrasil#coronavirusnews #coronavirusecuador#coronaviruswuhan #coronavirusindia#coronavirusupdate #coronaviruschino#coronavirusawareness #coronavirusdewuhan#coronavirusoutbreak2020 #coronavirusaustralia",02/08/2020,en,English,negative
B8T03dQnkT9,"...
.
.
.
.
.
#coronavirus #coronavirusmemes #coronavirusoutbreak #coronaviruschina #coronavirusnews #coronavirus2020 #coronaviruses  #coronavírus #coronaviruswuhan #coronavirusfrance #coronavirusbrasil #coronavirusindia #coronavirusupdate #coronavirüs #coronavirusecuador #coronavirusawareness #coronaviruschino #coronavirusu #coronavirusdewuhan #coronavirusitalia #coronavirus2019 #coronavirusaustralia #coronavirusoutbreak2020 #coronavirüsü #coronavirusfacts #coronavirusalert
#news 
#youtube",02/08/2020,en,English,neutral
B8TrVtBlnlF,#coronavirus #coronavirusoutbreak #coronavirusawareness #livemint #mint,02/08/2020,en,English,neutral
B8ULmNmHAXH,"😟
.
.
Credit- @Aintno_love_official
.
.
...
.
.
.
.
.
#coronavirus #coronavirusmemes #coronavirusoutbreak #coronaviruschina #coronavirusnews #coronavirus2020 #coronaviruses  #coronavírus #coronaviruswuhan #coronavirusfrance #coronavirusbrasil #coronavirusindia #coronavirusupdate #coronavirüs #coronavirusecuador #coronavirusawareness #coronaviruschino #coronavirusu #coronavirusdewuhan #coronavirusitalia #coronavirus2019 #coronavirusaustralia #coronavirusoutbreak2020 #coronavirüsü #coronavirusfacts #coronavirusalert
#news 
#youtube",02/08/2020,en,English,positive
B8T4Z1il9ym,"Some parents have become creative in protecting their child against the virus. While kids can wear masks as well, they are often seen scratching themselves or touching the mask, making it less protective. Everyone try to stay safe!

中国加油(china jiayou)=China you can do it, keep fighting!
#ChinaJiayou #wuhancoronavirus #coronavirus #chinavirus #coronaviruschina #chinacoronavirus #wuhancoronaoutbreak #chinavirusnews #corona #coronavirusawareness #wuhan #wuhanvirus #武汉加油 #中国加油",02/08/2020,en,English,positive
B8URtX4hm9X,"Recently traveling thru thick forest by car, famous for wild animals like leopard. sometimes you don’t know when you are going to have a glimpse of these wild animals, so v kept our cameras ready to click but after several kilometres finally v found Astrix friend obelix favourite wild boar, eating grass 😂so v caught him in our cameras, he looked pretty timid instead of wild, who was not showing any interest while getting click, may be acting high 😁anyway something is better than nothing haha 🤪
.
.
#forestphotography #forests #forest🌲 #forest_captures #wildboars #wildboar #lepordprint #bigcatsofinstagram #astrix #obelix #asterixeobelix #surprizes #surprisevisit #unusalsurprise #wildanimalsanctuary #earthpictures #capturethemoments #roastboar #idonteatanimals #whichmoves #coronavirusawareness #loveanimaldontkill",02/08/2020,en,English,positive
B8T4yldlzaT,"This driver stops at a toll station in Hunan province on his way to Hubei province. The toll station has prepared a care package for drivers passing through this station with supplies for Hubei province to show their appreciation for the driver. Safe journey to all drivers who take the risk to drive to Hubei province during this difficult time.

中国加油(china jiayou)=China you can do it, keep fighting!
#ChinaJiayou #wuhancoronavirus #coronavirus #chinavirus #coronaviruschina #chinacoronavirus #wuhancoronaoutbreak #chinavirusnews #corona #coronavirusawareness #wuhan #wuhanvirus #武汉加油 #中国加油",02/08/2020,en,English,positive
B8TOCQ-J2WZ,"Everything you need to know about Coronavirus

#coronavirus #coronavirusawareness 😷 #awareness #healthcare #careforall #healthylifestyle",02/08/2020,en,English,neutral
B8T67mbgk-0,"Poking the Corona Virus with Orthodontic Pliers.🧐🥶🥺 P.S. - The Virus Photograph has been taken from Google. 
#coronavirusawareness  #coronavirusoutbreak #coronavirus #coronavirusmemes #coronavírus 
#thirtytwopixels #theartandscienceofdentalphotography #dentalphotography #photographydental #labphotography #laboratoryphotography #dentalphotographycourse 
#dentalphotographycoursetaif
#dentalphotographysaudi #dentalpicture #dentalstudio  #dentalphotographystudio #digitaldentalphotography
#onlinedentalphotography #dentalphotographyonline #dentalphotographycourses
#dentalphotographytaif #studiodental #dentalstudiotaif #studiodentaltaif #dentalphotographyonline",02/08/2020,en,English,neutral
B8T644ZlvF7,"This baby is only six months old and has been infected with the corona virus. Nurses at the hospital where the baby is being treated take turns at being the “part-time mommy” for the young child. The parents are currently in isolation themselves and can’t take care of their baby.

中国加油(china jiayou)=China you can do it, keep fighting!
#ChinaJiayou #wuhancoronavirus #coronavirus #chinavirus #coronaviruschina #chinacoronavirus #wuhancoronaoutbreak #chinavirusnews #corona #coronavirusawareness #wuhan #wuhanvirus #武汉加油 #中国加油",02/08/2020,en,English,negative
B8TAyHUhmmu,in the making face mask.. size adult... ✌🏻✌🏻✌🏻✌🏻 #facemaskhandmade #facemaskboboqscollection #wearfacemaskfromnowon😷 #coronavirusawareness #boboqscollection,02/08/2020,en,English,neutral
B8Th7WPBV9x,"Coronavirus
@prilaga #coronavirusaustralia #coronaviruschino #coronavirus2020 #coronavirusawareness #coronavirusecuador #coronavirüsü #coronaviruses #coronaviruswuhan #coronavirüs #coronavirusprotection #coronavirusmeme #coronavirusalert #coronavirusoutbreak #coronaviruschina #coronavirusbrasil #coronavirusupdate #coronavirusdewuhan #coronavirus #coronavirusitalia #coronavirusnews #coronavirusindia #prilaga #coronavirus2019 #coronavirusprevention #coronavirusmemes #coronavirusu #coronavirusoutbreak2020 #coronavirusindonesia #coronavírus #coronavirus😷",02/08/2020,en,English,neutral
B8Scn2jA5Vn,So Sad🥺😞💔 #coronavirus  #coronavirusoutbreak #coronaviruschina #coronavirusnews #coronavirus2020 #coronaviruses #coronavirusmeme #coronavírus #coronaviruswuhan #coronavirusfrance #coronavirusbrasil #coronavirusindia #coronavirusupdate #coronavirüs #coronavirusecuador #coronavirusawareness #coronaviruschino #coronavirusu #coronavirusdewuhan #coronavirusitalia #coronavirus2019 #coronavirusaustralia #coronavirusoutbreak2020 #coronavirüsü #coronavirusfacts #coronavirusalert #coronavirus😷 #coronavirususa #coronavirusprevention,02/08/2020,en,English,neutral
B8UIjt5n4Gt,".
.
@prilaga #coronaviruses #funnymemes #coronavirüsü #coronavirus2020 #memesdaily #memes #coronavirusupdate #memestagram #fortnitememes #edgymemes #coronavirusmemes #coronavirus #coronaviruswuhan #coronavírus #coronavirusnews #offensivememes #coronaviruschina #coronavirusindia #spicymemes #dankmemes #coronavirusoutbreak #dailymemes #coronavirusmeme #prilaga #coronavirüs #memes😂 #coronavirusawareness",02/08/2020,en,English,neutral
B8VRLKnlCEI,"Coronavirus Top 10 Countries (# of confirmed cases 2019-nCoV)
Mainland China: 37,251
Others: 61
Singapore: 40
Thailand: 32
Hong Kong: 26
South Korea: 25
Japan: 25
Taiwan: 17
Malaysia: 16
Australia: 15
Germany, Vietnam : 13
USA: 12

Feb 9 - 04:11 GMT
#coronavirus888 #coronavirus #coronavirusupdates #coronavirusoutbreak #outbreak888 #2019-nCoV",02/09/2020,en,English,neutral
B8U8aSxl1pS,#coronavirus888 #coronavirus #coronavirusupdates #coronavirusoutbreak #outbreak888 #2019-nCoV,02/09/2020,en,English,neutral
B8WkOjDlysS,#coronavirus888 #coronavirus #coronavirusupdates #coronavirusoutbreak #outbreak888 #2019-nCoV,02/09/2020,en,English,neutral
B8WuQM5liVT,#coronavirus888 #coronavirus #coronavirusupdates #coronavirusoutbreak #outbreak888 #2019-nCoV,02/09/2020,en,English,neutral
B8WZ-wblZGr,#coronavirus888 #coronavirus #coronavirusupdates #coronavirusoutbreak #outbreak888 #2019-nCoV,02/09/2020,en,English,neutral
B8VfJ7wlY6K,"#Repost @corona_virus2020_china @download.ins
---
A video the CCP doesn't want you to see. Several reports show that non-infected people are being forcefully taken away as #coronavirus “patients” for reporting the truth on social media. CCP can use quarantine as an excuse to hunt down the dissidents.  #coronaviruschina #wuhan #coronavirusoutbreak #coronaviruses #coronavirus #coronavirus2020 #coronavirusgermany #coronavírus #coronaviruscanada #Coronavirus news #coronavirusrussia #coronavirusthailand #coronavirustoronto #coronavirustoday #coronavirusupdates #coronavirusspain #coronavirusphilippines #coronavirustaiwan #coronavirususa #coronavirusfrance #coronavirussouthkorea #coronavirusmalaysia",02/09/2020,en,English,positive
B8VEd7pFVKR,#coronavirus888 #coronavirus #coronavirusupdates #coronavirusoutbreak #outbreak888 #2019-nCoV,02/09/2020,en,English,neutral
B8WXw2-h6Gk,"These are the same rules that would apply for preventing the spread of a fever - wash your hands before touching your eyes, nose or mouth, cover your mouth when you sneeze/cough and avoid contact with those who are sick.

Call us at 1860 500 4424
Visit www.apollocradle.com

#CoronavirusUpdates #CoronavirusAlerts #Apollo #ApolloCradle #Coronavirus",02/09/2020,en,English,negative
B8U8CzRFLhZ,"Coronavirus 2019-nCoV Update 
Cases: 37,594 (China 37,251; Other 343)

Deaths: 812

Feb 9- 01:07 GMT

#coronavirus888 #coronavirus #coronavirusupdates #coronavirusoutbreak #outbreak888 #2019-nCoV",02/09/2020,en,English,neutral
B8XDPWoFMaM,#coronavirus888 #coronavirus #coronavirusupdates #coronavirusoutbreak #outbreak888 #2019-nCoV,02/09/2020,en,English,neutral
B8VZ-aFlBPN,"Coronavirus symptoms are very close to the usual symptoms observed during fever or flu. Watch out for these signs in particular.

Call us at 1860 500 4424
Visit www.apollocradle.com

#CoronavirusUpdates #CoronavirusAlerts #Apollo #ApolloCradle #Coronavirus",02/09/2020,en,English,negative
B8Wj8b4l6lN,"Coronavirus  Top 10 Regions in China (2019-nCoV cc-confirmed cases & d-deaths)
Hubei: cc 27,100 d 780
Guangdong: cc 1,131 d 1
Zhejiang: cc 1,075 d 0
Henan: cc 1033 d 6
Hunan: cc 838 d 1
Anhui: cc 779 d 1
Jiangxi: cc 740 d 0
Jiangxu: cc 468 d 0
Chongqing: cc 450 d 2
Shandong: cc 444 d 1

Feb 9 - 16:14 GMT 
#coronavirus #coronavirus888 
#coronavirusupdates  #coronavirusoutbreak #outbreak888",02/09/2020,en,English,neutral
B8WuJ_pnSd1,"Quick information post on the novel coronavirus pandemic. Essentially it's a respiratory illness caused by a virus, and spreads much in the way that other common viruses do - coughing and sneezing, body fluids and contamination of surfaces. This post is not to be taken as medical advice, and is merely a conglomeration of several reputable sources for public interest.
.
.
.
#coronavirus #coronavirusoutbreaktwitter #coronavirustweet #coronavirus #coronavirustwitter #coronavirusaustralia #coronaviruscanada #coronavirusph #coronavirusindia #coronavirusuktwitter #coronavirus #coronavirusnj #coronaviruscdc #coronaviruswuhan #coronavirusmeme #coronavirusreddit #coronavirusbatsoup #coronavirusbats #coronavirus2020 #coronavirusincubationperiod #coronavirus #coronavirusindia #coronavirushindi #coronaviruswuhan #coronavirusinchina #coronavirussimpsons #coronaviruscure #coronavirususa #coronavirusinpakistan #coronavirusupdates",02/09/2020,en,English,negative
B8WkGqshOdN,"Follow @newstamilan 
Pangolins or scaly anteaters are mammals of the order Pholidota (from the Greek word ""horny scale""). The one extant family, Manidae, has three genera: Manis, which comprises four species living in Asia; Phataginus, which comprises two species living in Africa; and Smutsia, which comprises two species also living in Africa. These species range in size from 30 to 100 cm (12 to 39 in). A number of extinct pangolin species are also known.
#pangolin #pangolins #coronavirus #coronavirusoutbreak #coronavirusmemes #coronavirusnews #coronaviruses #coronavirüsü #coronaviruschina #coronavirusmeme #coronavirus2020 #coronaviruschino #coronaviruswuhan #coronavirusawareness #coronavirusdewuhan #coronavírus #coronavirüs #chinatown #chinaglaze #china🇨🇳 #chinatravel #chinatrip #chinalife #chinagirl #chinagram #chinafood #chinatour #chinaairlines",02/09/2020,en,English,neutral
B8WdFPuFy2E,"Medical staff getting ready for their shift. Some of them wear diapers since they don’t eat, drink or use the restroom during their shift in order not to waste time or resources.

中国加油(china jiayou)=China you can do it, keep fighting!
#ChinaJiayou #wuhancoronavirus #coronavirus #chinavirus #coronaviruschina #chinacoronavirus #wuhancoronaoutbreak #chinavirusnews #corona #coronavirusawareness #wuhan #wuhanvirus #武汉加油 #中国加油",02/09/2020,en,English,negative
B8WwInYFfsW,"Not just humans even animal needs to be protected from corona virus.
#coronavirus #coronavirus2020 #coronavirusmemes #coronaviruschina #coronavirusnews #coronavirusmeme #coronaviruses #coronaviruswuhan #coronavírus #coronavirusindia #coronavirusfrance #coronavirusbrasil #coronavirusupdate #coronavirüs #coronaviruschino #coronavirusawareness #coronavirus2019 #coronavirusaustralia #coronavirusoutbreak2020 #coronavirusfacts #coronavirus😷 #pets #petsofinstagram #petstagram #petsagram #petscorner #pets_of_instagram",02/09/2020,en,English,positive
B8Wv9W1go4N,"The incubation period is the time between infection and the onset of clinical symptoms of disease. Current estimates of the incubation period range from 1-12.5 days with median estimates of 5-6 days. These estimates will be refined as more data become available. Based on information from other coronavirus diseases, such as MERS and SARS, the incubation period of 2019-nCoV could be up to 14 days. WHO recommends that the follow-up of contacts of confirmed cases is 14 days.
___
Tag a friend who needs to know this.
___
For more facts, knowledge on 2019 novel Coronavirus, follow @coronavirus.aware.

#coronavirusawareness
#coronavirus #wuhanvirus #LoveNotFear #factsnotrumors

Source: https://www.who.int/news-room/q-a-detail/q-a-coronaviruses",02/09/2020,en,English,positive
B8WbnxXlZi8,"This gentleman stops at a station, opens his trunk and hands masks to the personnel. He has brought these masks on his return flight from Turkey. When asked his name he answers “I’m Chinese”. 中国加油(china jiayou)=China you can do it, keep fighting!
#ChinaJiayou #wuhancoronavirus #coronavirus #chinavirus #coronaviruschina #chinacoronavirus #wuhancoronaoutbreak #chinavirusnews #corona #coronavirusawareness #wuhan #wuhanvirus #武汉加油 #中国加油",02/09/2020,en,English,negative
B8WbdFHlMpN,"Judging from his uniform this daddy might be working at a toll station to check people’s temperature or at a police station. He returns home but doesn’t go inside, scared to contaminate his family. His little daughter sees him and wants to give him a hug but he asks her not to come closer. We can only imagine how much this daddy would have liked to give his little girl a hug.

中国加油(china jiayou)=China you can do it, keep fighting!
#ChinaJiayou #wuhancoronavirus #coronavirus #chinavirus #coronaviruschina #chinacoronavirus #wuhancoronaoutbreak #chinavirusnews #corona #coronavirusawareness #wuhan #wuhanvirus #武汉加油 #中国加油",02/09/2020,en,English,positive
B8WCTFRDgnL,"✉️
•
•

#coronavirus #coronavirusoutbreak 
#coronaviruses #coronaviruschina 
#coronavírus #coronavirusfrance #coronavirus2020 #coronavirusnews #coronavirusbrasil #coronavirusindia #coronavirus #coronaviruswuhan #coronavirusupdate #coronavirusawareness #coronavirusoutbreak2020 #coronavirusaustralia #coronavirusinfection #coronavirusalert #coronavirusprevention #coronavirusprotection #coronavirusindonesia 
#cvc #coronaviruscare",02/09/2020,en,English,neutral
B8Vx0k2htSG,"I want to try to raise awareness with the whole panic of the outbreak of the coronavirus lately. I tried to personify the virus and it was hard doing so because it was either a livibg or non livibg being. I just want to stay that we should all keep ourselves in proper hygiene and stay away from sick people.  And if we were the ones who are sick, it is best that we keep our interactions with other people to a minimum and stay at home. For further news and updates about the virus,  let's follow the officials for these kinds of news because there are a lot of clickbait articles nowadays. Let's all be safe! We can all get through this! 
Be happy and stay healthy!!! #art #artist #artistoninstagram #artoninstagram #beginnerart #beginnerartist #illustration #sketch #portrait #awareness #picsartedit #pencildrawing #pencilsketch #traditionalart #semidigitalart #coronavirusawareness #stayhealthy #artfeature #drawingoftheday #drawing #drawingsofinstagram #drawingsketch #drawing✏",02/09/2020,en,English,negative
B8VugNGDYtS,"Thanks to ChinEAT for helping us disseminate our campaign!
Chilli, foodies and solidarity! We are stronger together!

Will you make a difference?

#WeAreWithChinaAndYou #Makeadifference #coronavirus #coronavirusmemes #coronavirusoutbreak #coronaviruschina #coronaviruses #coronavírus #coronavirusmeme #coronavirusnews #coronavirus2020 #coronavirusfrance #coronaviruswuhan #coronavirusupdate #coronavirusawareness #coronavirusitalia #coronavirusdewuhan #coronavirusaustralia #corona #virus #wuhan #viruscorona #soscorona #support #donations #chinamatters #help #wuhan2020 #donateforchina #spreadtheword",02/09/2020,en,English,positive
B8WZVOjlWOO,"This police officer was spotted atoms of the checkpoints to measure driver’s temperature. A lot of personnel has been mobilized to patrol the toll stations from one province to the next. They stand there day and night and it can be very cold in most of these places during the winter nights.

中国加油(china jiayou)=China you can do it, keep fighting!
#ChinaJiayou #wuhancoronavirus #coronavirus #chinavirus #coronaviruschina #chinacoronavirus #wuhancoronaoutbreak #chinavirusnews #corona #coronavirusawareness #wuhan #wuhanvirus #武汉加油 #中国加油",02/09/2020,en,English,negative
B8XUpxBHH1i,"Link in Bio: @mihaela.raguz
YouTube Video: https://youtu.be/wGS87AfHCDU

Mondays with Mihaela 
Let’s talk about the Coronavirus

The World Health Organisation has declared the Coronavirus as a global emergency.

The Department of Foreign Affairs and Trade (DFAT) has raised the level of travel advice for mainland China to 'level 4 – do not travel’. Russia has closed its 4300km border with China.

Countries are canceling flights to and from China.

But why - what is the Coronavirus?

If you want to find out more about this virus and a Naturopath’s view on the situation. 
THIS IS THE EPISODE for you!

In today’s video I will go through 
1.What is the Coronavirus?
2.What you can do to prevent it?
3.What to do if you have the Coronavirus? 
As a BONUS I go into the history of viruses and I discuss in detail what you can do to ensure you are working with your body not against it, so it is able to bring your body back to homoeostasis.

Do you know someone who needs to hear more about the Coronavirus? 
Feel free to SHARE THIS VIDEO WITH THEM!

#coronavirus #coronavirusoutbreak #coronaviruses #coronaviruschina #coronavirusprevention #coronavirusawareness #coronavirusprevention #coronavirus2020 #coronavirus2019 #coronavirusaustralia #mondayswithmihaela #coronaviruspodcast #coronaviruseducation #melbournepodcast #naturalmedicine #melbournebusiness #geelongbusiness",02/09/2020,en,English,positive
B8V8S45HJM_,take note: #Liberia #liberianyouthmatters #Liberianfood #coronavirus #coronavirusawareness #liberiapositives #yearofreturn,02/09/2020,en,English,neutral
B8WarUIF0jO,"Personnel at the toll station that controls driver’s temperature has lunch (instant noodles) sitting on the ground. The moment a car arrives he rushes to get the temperature checked. Many staff like him would have had a holiday during Chinese New Year. Instead they were asked to return and stand at the toll station and other checkpoint to control drivers that come through.

中国加油(china jiayou)=China you can do it, keep fighting!
#ChinaJiayou #wuhancoronavirus #coronavirus #chinavirus #coronaviruschina #chinacoronavirus #wuhancoronaoutbreak #chinavirusnews #corona #coronavirusawareness #wuhan #wuhanvirus #武汉加油 #中国加油",02/09/2020,en,English,positive
B8V6blSBGUU,"Today is 元宵节the last day for Chinese New Year. TBT our family dinner just past. Usually, we would gather again and celebrate but this year, festivities have been curtailed. It’s been a sombre CNY for many working through the effects of the coronavirus and the shut down of usual life. Sending positive well wishes to all those living under these difficult conditions and the brave people on the front line. Stay strong friends and keep positive! 加油吧 #jiayou And please be rational, this virus isn’t a Chinese thing. #coronavirusawareness",02/09/2020,en,English,positive
B8Wo2ZTHxgU,"Here are some basic precautions to stay healthy this season. Visit our highlight 'Parenting' to click through to a curated article on Common Flu, Corona Virus & how to beat it all 💪⠀
#coronavirusoutbreak #wuhancoronavirus #coronavirus2020 #caronavirus #virus #plagueinc #coronavirusawareness #viral #zoology #biology #science #scientist #sciencefacts #facts #Article #Commonflu #StayHealthy",02/09/2020,en,English,positive
B8VZz4xnY9n,"Coronavirus is a virus that results in respiratory infections i.e. cough and GI (Gastro-intestinal) issues in humans. This has a great impact on immunity. Our first plan of action should be to boost our immunity as it is our line of defence mechanism. 
Do’s
Maintain hygiene (Wash your hands).
Cover your nose and mouth properly when coughing or sneezing.
Including star Anise (grown in India) in your diet, in the right way, it boosts immunity (Vitamin A, C and B)
Reduces indigestion, anti-inflammatory. 
Vitamin C and antioxidants to be included in the form of fruits and vegetables.
Good Quality Sleep (Proper sound sleep).
Stay well-hydrated.
Take warm liquids, soups, green-leafy vegetables.

Dont’s
Consumption of raw or undercooked animal products to be avoided. 
Avoid cross-contamination with uncooked foods.
Avoid processed and junk foods.

#coronavirus #coronavirusawareness #prevention #cure #health # #lifestylechanges #fatloss #health #healthyliving #fitness #changeyourlife #starttoday #motivation #healthyfood #exercise #stayfit #stayhealthy #healthyeating #healthylifestyle #nutrition #fitness #instaadvise #instahealth #dietitiandhwani",02/09/2020,en,English,positive
B8VlGcnB0d5,"Pray for China that everything goes back to normal. A lot of lives is being affected by this pandemic.
#budgetphotographyblog #coronavirus #coronavirusoutbreak #coronavirusawareness #coronavirusisisnotajoke #travellovers",02/09/2020,en,English,positive
B8VmUhHh8Qz,"⚠WARNING: GRAPHIC/DISTURBING CONTENT⚠
-
China Guangxi Hezhou
Terrible video that were not known before the outbreak of the Coronavirus. People were hit by a driver. A confused dance and is happy!

_____________________________

Let's follow for the information

#coronavirus #coronavirusoutbreak #virus #wuhan#wuhanvirus #coronaviruschina #wuhanchina#corona #coronovirus #chinavirus#wuhancoronavirus #outbreak #plagueinc #corona#coronaviruses #coronavirusfrance#coronavirus2020 #coronavirusbrasil#coronavirusnews #coronavirusecuador#coronaviruswuhan #coronavirusindia#coronavirusupdate #coronaviruschino#coronavirusawareness #coronavirusdewuhan#coronavirusoutbreak2020",02/09/2020,en,English,negative
B8Zz1d0lYIc,"Coronavirus nurse kisses boyfriend through glass door. 
#coronvirus
#coronaviruschina 
#CoronaVirusUpdates",02/10/2020,en,English,positive
B8YkZy-gHB9,"Earn from bitcoin. Develop a side hustle. Don't depend totally on your salary. Side hustles have a magical effect 
#china
#shanghai
#shanghaistreets
#shanghailife
#chinalife
#chinastreet
#coronavirus
#coronavirusupdates
#chinavirusupdates
#crazychina",02/10/2020,en,English,neutral
B8ZWT4-qQKv,#coronavirusinfo #coronavirusstats #coronavirusupdates #coronavirusdach #coronavirusat #coronavirusch #coronavirusdeutschland #coronavirusgermany #coronaviruspandemic #coronaviruscure #coronavirusinformation #coronavirusinfection,02/10/2020,en,English,neutral
B8Y-WcGHtSv,#coronaviruschina #wuhan #coronavirusoutbreak #coronaviruses #coronavirus #coronavirus2020 #coronavirusgermany #coronavírus #coronaviruscanada #Coronavirus news #coronavirusrussia #coronavirusthailand #coronavirustoronto #coronavirustoday #coronavirusupdates #coronavirusspain #coronavirusphilippines #coronavirustaiwan #coronavirususa #coronavirusfrance #coronavirussouthkorea #coronavirusmalaysia #wuhan #coronavirussouthkorea #coronavirusnews #coronavirusmalaysia #coronavirusvietnam #coronavirussingapore #coronavirustaiwan #coronavirusaustralia,02/10/2020,en,English,neutral
B8YXpy_p-kW,"With the #coronavirus growing more deadly in China, #artificialintelligence researchers are applying #machinelearning techniques to social media, web, and other data for subtle signs that the disease may be spreading elsewhere.

The new #virus emerged in #Wuhan, China, in December, triggering a global health emergency. It remains uncertain how deadly or contagious the virus is, and how widely it might have already spread. Infections and deaths continue to rise. More than 31,000 people have now contracted the disease in #China, and 630 people have died, according to figures released by authorities there Friday.

#techrefic #wearetechrefic #globalhealth #emergency #infections #ai #disease #softwaredevelopment #awareness #websolution  #newsfeed #newsupdate #news #technew #coronavirusupdates .

CREDITS - @wired",02/10/2020,en,English,negative
B8YKotvlZgB,"#CoronavirusOutbreak | The death toll in China due to novel #coronavirus epidemic has gone up to 910 and the number of confirmed cases rose over 40,000
.
.
.
.
.
#coronavirus2020 #coronavirusnews #coronavirusupdate #coronavirusupdates #coronavirusepidemic #coronavirusepidemia #deathtoll #coronaviruscase #coronaviruscases #coronaviruses #coronavirusindia #coronavirusupdate #coronavirusawareness #coronavirusfrance #news #worldnews #health #instawithjagranenglish #jagranenglish #china #wuhancoronavirus #wuhanvirus #wuhanchina #wuhan",02/10/2020,en,English,negative
B8Ycmjxlu0V,"#CoronavirusUpdates: 6 Malaysians have contracted 2019-nCoV, as of today (February 10th, 2020). The latest patient is a 31-year-old man from Banting, Selangor, with previous travel history to China. Malaysia now has a total of 18 confirmed coronavirus cases.",02/10/2020,en,English,neutral
B8YkmeEHALb,"Prevention is better than cure…….Protect yourselves from the Corona Virus

Corona virus—a large group of viruses common in animals and rarely transmitted from animals to humans.  The virus makes people sick, usually mild to moderate upper respiratory tract illness, like common cold.

How it spreads—spreads from an infected person to others through:
Through air by coughing and sneezing
Personal contact-touching or shaking hands
Touching an infected object or surface & then touching your mouth, nose, eyes without washing hands
Very rarely faecal contamination

Symptoms—very similar to common cold
Runny nose, headache
Sore throat, cough
Fever
Feeling of being unwell

If the immune system is weak, especially in elderly & children, it may lead to bronchitis or pneumonia.

Prevention—As of now, NO vaccines are available for protection against human coronavirus infection.  So, prevention is the best.  Some tips are :

1.Wash your hands before touching food, your mouth, nose or eyes-maintain personal hygiene.
2. Avoid any form of cold drinks, ice creams, cold coffees etc
Avoid any type of preserved foods, milkshakes, ice colas, sweets older than 48hours
3. Avoid close contact with people who are sick
If mildly sick, keep yourself hydrated, stay at home & rest
If concerned about your symptoms, consult your doctor.
4. Drink boiled water, stop non-veg
5. Take vitamin C, Zinc, B complex daily for prevention
Decoction of Tulsi, Ginger, Pepper, Turmeric helps immensely
Guduchi ghanavati treats fever & enhances immunity
6. Drink hot rasam or soups through the day

#coronavirus #coronavirusoutbreak #coronavirusmeme #coronavirusmemes #coronavirusawareness #coronavirusnews #coronavirusfrance #coronavirusupdate #coronaviruschino #coronaviruses #coronavirüsü #coronaviruschina #coronavirus2020 #coronaviruswuhan #coronavírus #coronavirüs #coronavirusindia #coronavirusoutbreak2020 #coronavirusbrasil #coronavirusprevention",02/10/2020,en,English,negative
B8Y8exnnCr3,#psychic #love #spiritual #goodmorning #bae #empathsofinstagram #zen #metaphysical #prayer #newagespirituality #spiritualcleanse #reiki #tired #drained #nervous #journey #asia #coronavirusawareness #saving #australia #paris #cuddle,02/10/2020,en,English,neutral
B8YhAwGhGNg,"If you're in #China or Southeast Asia these are some tips to keep in mind while shopping or working in wet markets to avoid Coronavirus 
#coronavirus #coronavirusawareness #coronavirusoutbreak  #worldhealthorganization #doctor",02/10/2020,en,English,negative
B8ZFIN3Fklt,"Staff in Wuhan is completely overwhelmed with the influx of new patients. After a 12 hour shift without breaks many of them fall asleep standing or just on the ground.

中国加油(china jiayou)=China you can do it, keep fighting!
#ChinaJiayou #wuhancoronavirus #coronavirus #chinavirus #coronaviruschina #chinacoronavirus #wuhancoronaoutbreak #chinavirusnews #corona #coronavirusawareness #wuhan #wuhanvirus #武汉加油 #中国加油",02/10/2020,en,English,negative
B8YyjBQACXL,"The number of people killed by the new coronavirus rose by 97 on Sunday, the highest number of casualties in a day.

The total number of deaths in China is now 908.

Across China, 40,171 people are infected while 187,518 are under medical observation.

#corona #coronahongkong #coronavirus #coronavirusoutbreak #southkorea #parasite #oscars #wuhan #wuhanvirus #cruise #cruiseship #japan #japancruise #medicalemergency #peace #unityindiversity #china #chinavirus #bongjoonho #joaquinphoenix #renezellweger #joker #deadlyvirus #virus #awareness #coronavirusawareness #doctor #science",02/10/2020,en,English,negative
B8YkfkeJ7bq,"Prevention is better than cure…….Protect yourselves from the Corona Virus

Corona virus—a large group of viruses common in animals and rarely transmitted from animals to humans.  The virus makes people sick, usually mild to moderate upper respiratory tract illness, like common cold.

How it spreads—spreads from an infected person to others through:
Through air by coughing and sneezing
Personal contact-touching or shaking hands
Touching an infected object or surface & then touching your mouth, nose, eyes without washing hands
Very rarely faecal contamination

Symptoms—very similar to common cold
Runny nose, headache
Sore throat, cough
Fever
Feeling of being unwell

If the immune system is weak, especially in elderly & children, it may lead to bronchitis or pneumonia.

Prevention—As of now, NO vaccines are available for protection against human coronavirus infection.  So, prevention is the best.  Some tips are :

1.Wash your hands before touching food, your mouth, nose or eyes-maintain personal hygiene.
2. Avoid any form of cold drinks, ice creams, cold coffees etc
Avoid any type of preserved foods, milkshakes, ice colas, sweets older than 48hours
3. Avoid close contact with people who are sick
If mildly sick, keep yourself hydrated, stay at home & rest
If concerned about your symptoms, consult your doctor.
4. Drink boiled water, stop non-veg
5. Take vitamin C, Zinc, B complex daily for prevention
Decoction of Tulsi, Ginger, Pepper, Turmeric helps immensely
Guduchi ghanavati treats fever & enhances immunity
6. Drink hot rasam or soups through the day

#coronavirus #coronavirusoutbreak #coronavirusmeme #coronavirusmemes #coronavirusawareness #coronavirusnews #coronavirusfrance #coronavirusupdate #coronaviruschino #coronaviruses #coronavirüsü #coronaviruschina #coronavirus2020 #coronaviruswuhan #coronavírus #coronavirüs #coronavirusindia #coronavirusoutbreak2020 #coronavirusbrasil #coronavirusprevention",02/10/2020,en,English,negative
B8X8vCBAc7k,"Corona Virus Prevention Measures ✌️
.
.
.
#coronaviruses #coronavirusoutbreak
#coronavirus2020 #coronavirusprevention #coronavirusnews
#coronavirusawareness #homeopathictreatment #homeopathyworksforme #homeopathyheals #homeopath #homeopathyrocks #ahmedabaddoctors #ahmedabadcity #ahmedabadbased #homeopathydoctor #homeopathyconsultant",02/10/2020,en,English,neutral
B8YP45xjrIT,"We greatly appreciate your contribution!

If you'd be willing to donate, you can have access to PayPal me payment service via the link below: www.paypal.me/worldchillialliance

Will you make a difference?

#WeAreWithChinaAndYou #Makeadifference #coronavirus #coronavirusmemes #coronavirusoutbreak #coronaviruschina #coronaviruses #coronavírus #coronavirusmeme #coronavirusnews #coronavirus2020 #coronavirusfrance #coronaviruswuhan #coronavirusupdate #coronavirusawareness #coronavirusitalia #coronavirusdewuhan #coronavirusaustralia #corona #virus #wuhan #viruscorona #soscorona #support #donations #chinamatters #help #wuhan2020 #donateforchina #spreadtheword",02/10/2020,en,English,neutral
B8YegnMFFGe,"Why do they throw me on the street? I should be cherished and disposed of with respect! #youreverydayasian 
#disposablesurgicalmasks #surgicalmasks #facemasks #coronavirus #coronavirusoutbreak #novelcoronavirus #coronavirusmemes #coronavirus2020 #coronavirusawareness #coronavirus#fuckcoronavirus🖕🏼",02/10/2020,en,English,positive
B8ZG_zvFJir,"Announcement from the medical team doing a checkup on all passengers returning on the flight from Wuhan to the United States.

中国加油(china jiayou)=China you can do it, keep fighting!
#ChinaJiayou #wuhancoronavirus #coronavirus #chinavirus #coronaviruschina #chinacoronavirus #wuhancoronaoutbreak #chinavirusnews #corona #coronavirusawareness #wuhan #wuhanvirus #武汉加油 #中国加油",02/10/2020,en,English,positive
B8YhcbynIbT,"#coronavirus There have been more than 40,000 cases of the Corona virus globally, mostly in China. The total number of deaths in China is now more than 900. 
#coronavirus  #coronaviruschina #coronavirusoutbreak #coronavirus2020 #worldhealthorganization #epidemic #sars #plagueinc #chinacoronavirus #coronaviruswuhan #coronavirusawareness  #chinacoronavirus #coronavirusoutbreak2020",02/10/2020,en,English,neutral
B8YSA2anR3m,"Last Saturday, @violetchanseewann and I were at Watsons to run a makeover event, and we would like to express our sincere thanks to the ladies who had come to meet us. 
Given the current coronavirus situation, the pervasive mood is one of consternation and unease, mixed with the cognizance that we still need some degree of normalcy as life goes on. 
Prior to the event, we have established our precautionary measures and protocols (based on the business continuity planning guidelines set out by Enterprise Singapore). And we are very thankful for our participants’ understanding in abiding by the registration procedures we have set in place prior to the event. 
For the past weeks, every day, we wake up to bad news. Amidst the gloom, many small businesses like us would no doubt be doubly-hit. The Style Atelier is a people business, and this has certainly rattled us. But we are determined to ride this out, together with the rest of Singapore, with fortitude and mettle (as well as masks and sanitisers). We have kicked in flexible work arrangements as well as to proactively engage and communicate with our clients, partners and vendors. 
Meanwhile, we will not be organizing any large group gatherings and activities any time soon. But you will see very much of us in action, digitally! 
PS: We’d also like to express our sincere thanks to our client, Mandom Corp., for working together with us to put in place the precautionary measures to make the event a success! On a brighter note, 14 ladies had their spirits lifted with a makeover by @thestyleatelier in two hours, using @heroinemakesg @dollywinksg and Browlash Ex! 
#heroinemakesg #dollywinksg #thestyleatelier #coronavirusawareness #keepcalmandcarryon",02/10/2020,en,English,positive
B8X4r0QnjLZ,"A new virus started infecting people in China recently. The virus has now traveled to different countries including India, Japan, Thailand, South Korea, and the USA.

The virus is a coronavirus that probably came from a seafood and animal market in central China. It is now known to be transmissible from human to human as well, making it even more dangerous.

Precautions that can be taken; - Wash your hands for at least 20 seconds
- Use an alcohol-based hand sanitizer when soap is unavailable
- Avoid touching your eyes, nose, and mouth with unwashed hands
- Avoid close contact with people who are sick.
- Cover your cough or sneeze with a tissue, then throw it in the trash
- Clean and disinfect frequently touched objects and surfaces
.
.
.
#DGInternationalSchool #coronavirus #basichygiene #learning #education #healthcare #healthykids #healthylife #generalawareness #epidemic #precaution #staysafe #safetyfirst #viruses #infectiousdisease #coronavirusawareness",02/10/2020,en,English,negative
B8ZbOLLji-i,"Myth to be broken !!!
.
.
#coronavirus #coronavirusoutbreak 
#coronaviruses #coronaviruschina 
#coronavírus #coronavirusfrance #coronavirus2020 #coronavirusnews #coronavirusbrasil #coronavirusindia #coronavirus #coronaviruswuhan #coronavirusupdate #coronavirusawareness #coronavirusoutbreak2020 #coronavirusaustralia #coronavirusinfection #coronavirusalert #coronavirusprevention #coronavirusprotection #coronavirusindonesia 
#cvc #coronaviruscare",02/10/2020,en,English,negative
B8YkaSIH6tR,"Prevention is better than cure…….Protect yourselves from the Corona Virus

Corona virus—a large group of viruses common in animals and rarely transmitted from animals to humans.  The virus makes people sick, usually mild to moderate upper respiratory tract illness, like common cold.

How it spreads—spreads from an infected person to others through:
Through air by coughing and sneezing
Personal contact-touching or shaking hands
Touching an infected object or surface & then touching your mouth, nose, eyes without washing hands
Very rarely faecal contamination

Symptoms—very similar to common cold
Runny nose, headache
Sore throat, cough
Fever
Feeling of being unwell

If the immune system is weak, especially in elderly & children, it may lead to bronchitis or pneumonia.

Prevention—As of now, NO vaccines are available for protection against human coronavirus infection.  So, prevention is the best.  Some tips are :

1.Wash your hands before touching food, your mouth, nose or eyes-maintain personal hygiene.
2. Avoid any form of cold drinks, ice creams, cold coffees etc
Avoid any type of preserved foods, milkshakes, ice colas, sweets older than 48hours
3. Avoid close contact with people who are sick
If mildly sick, keep yourself hydrated, stay at home & rest
If concerned about your symptoms, consult your doctor.
4. Drink boiled water, stop non-veg
5. Take vitamin C, Zinc, B complex daily for prevention
Decoction of Tulsi, Ginger, Pepper, Turmeric helps immensely
Guduchi ghanavati treats fever & enhances immunity
6. Drink hot rasam or soups through the day

#coronavirus #coronavirusoutbreak #coronavirusmeme #coronavirusmemes #coronavirusawareness #coronavirusnews #coronavirusfrance #coronavirusupdate #coronaviruschino #coronaviruses #coronavirüsü #coronaviruschina #coronavirus2020 #coronaviruswuhan #coronavírus #coronavirüs #coronavirusindia #coronavirusoutbreak2020 #coronavirusbrasil #coronavirusprevention",02/10/2020,en,English,negative
B8YngBTjdgU,"Hello everyone.. Posting after a very long time.

I think this post is the need of the hour. ""CORONA VIRUS"" we hope you all are aware of this outbreak. We are trying to bring to you a few points about corona virus..please read a share it as much as you can to make everyone aware.

Next post will be about the precautionary measures that you need to take to avoid this virus

Image credit @weimankow

#coronavirus #coronavirusoutbreak #coronavirusawareness #readtounderstand #stayfit #stayhealthy #doctelloo",02/10/2020,en,English,positive
B8ZCnnFBe61,"What is this coronavirus? Can wearing a mask protect you against the new coronavirus? 🤔
⠀⠀
It's a question many people, we guess everyone in the country is worried about right now? 🤧
Well, it's high time and really important for you to know everything about coronavirus. 🙌
⠀⠀
Novel Coronavirus has turned out to be a global epidemic, it is a new virus found also known as 2019-nCOV which probably comes from a seafood and animal market in central China. It is affecting the respiratory tract or causing a lung infection. nCOV belongs to a large family of the virus, known to cause illness in people. It is widespread in animals, including cats, camels, bats, etc.
⠀⠀
𝐌𝐀𝐒𝐊𝐒 - 𝐀 𝐌𝐔𝐒𝐓?⠀😷
The worldwide spread of the Novel Coronavirus (2019-nCoV) has just been declared a global health emergency by the WHO.🚫
In light of this and the corresponding outbreak of conflicting truths, we gathered the most recent and accurate information on the use of masks and created a short video to advocate informed protection against the outbreak!
⠀⠀
Neelkanth Hospital is here for your complete wellness🎗We hope this comes in handy and answers your pressing questions.
Feel free to share this 👉video with your family and friends! ⠀⠀
⁠For any queries, feel free to contact…
Call 📞us: 1800-102-6706
Or Visit: www.neelkanthhospital.com
.
.
.
 #coronavirus #coronavirusoutbreak #healthcare #mask #n95mask #surgicalmask #coronavirusawareness #NeelkanthHospital",02/10/2020,en,English,positive
B8YSMkWnuM2,"Over the past few weeks, the deadly virus known as Coronavirus is taking the whole world by the storm. In India itself, the rate of infection is slowly increasing.

Recently, the virus was declared a world health emergency, so, here are a few do’s and don'ts to keep yourself safe. 
1. Wash your hands and take care of personal hygiene. Coronnavirus can easily spread through particles in the air and human contact- even of the indirect kind. In that light, we urge you to wash your hands, take regular baths and keep yourself germ free. 
2. Keep away from contamination. With the season change, it is likely that you will see a lot of sick people. Though many of them would most likely have a common cold, you should keep your distance from them. Coronavirus is highly versatile and can have many symptoms that seem insignificant.

3. Cook meals thoroughly. At home, it is easy to take care of what you eat and your diet in general. Cooking your meals keeps the germs at bay. Only if your meal is fully cooked should you have it. In fact, if you can refrain yourself from eating out, you should. 
4. Clean all home surfaces. Commonly used surfaces like door levers, armrests etc can be hotspots for germs to stay accumulated, only to infect others that come in contact with that surface. Disinfectants and sanitizers should do the trick 
For the uninitiated, Wuhan Virus is a kind of coronavirus like SARS and MERS. Coronaviruses are a large group of viruses that are normally contracted from animals. The disease spreads from human contact so for being safe from it, personal hygiene is of utmost importance.
.
.
.
.
.
.
.
.
.
.
.
.
.
.
.
.
.
.
#nedbuzz#news#worldnews#coronavirus#coronavirusoutbreak#coronaviruschina#coronavirusawareness#besafe#safetymeasures#latestnews#latestnewstoday#dailynews#dailynewsupdate#viruscorona#coronavirusmeasures",02/10/2020,en,English,positive
B8Zvk5bpiL0,"Hello friends, how are you holding up at this time? I am here to share my upcoming single with you called Unite. It was the only song in English I wrote for myself last year, but I think it was worth it. I chose the release date for it on Feb 15, 2020. And I think this is the right time for it, due to all the news we get about the coronavirus spread, the rapidly changing political situation, and other events, I feel this song has the powerful message of unity, treating everyone respectfully without labeling and believing in yourself and our power to change the world. I wish you all to stay safe, healthy and happy. And the Pre-save link for the song is in my bio, please help me share the message by streaming it, liking and sharing with your friends!

Photography by @toadster68 
#irinamyachkin #unite #musicrelease #coloradoartists #musiciansofcolorado #coronavirusawareness #letsunite #dontlabelme #dontgiveup #borntounite #indiemusic #coloradophotography #иринамячкин #usatoday #tagme",02/10/2020,en,English,positive
B8YHE5UpxX0,"I have received some requests from many countries asking if we would share our thoughts on how they can protect themselves and their families from the coronavirus. The key to good health is a strong immune system.  If we have a weakened immune system we are more susceptible to colds, flu and other problems. Germs are everywhere and being exposed to them is a natural part of life. 
Building a strong immune system is your best defense against infectious illness and disease.  Your immune health depends on the lifestyle choices you make every day. By supporting your body's own natural ability to defend itself against pathogens, you will not only have resistance to colds and flus but to other infectious illness that comes your way. 
Consume a diet rich in fresh, whole foods with abundant organic vegetables, and fruits, avoid sugar, chemicals and processed foods. Exercise is the best way to strengthen your immune system. If you are unable to manage it because of your busy routine, make sure to add these yoga poses to distress your life and make your immune system stronger. 
#coronavirus #coronaviruschina #coronavirusoutbreak #coronavirus2020 #worldhealthorganization #epidemic #sars #plagueinc #coronaviruswuhan #immunesystem #immune #colds #guthealthmatters #healthfacts #healingwithfood #cellulathealth #coldandfluseason #herbalmedicine #healthylifestyle #immunityboost #immunesystem #coldandfluseason #colds #healthfacts #coronavirusawareness #chinavirus #virus #coronavirusnews #wuhanvirus #healingwithfood #workoutforhealth #workoutmotivation #intuitivexercise #nutritioncoach #letsgetsweaty",02/10/2020,en,English,positive
B8Y_TY1pwEv,"Facts and misconceptions about Coronavirus are all around the world, but the virus isn't. So, Flynote presents to you a list of 100% Coronavirus free destinations that are safe to visit right now because your exploration journey should not end here.

#TravelKaroNa #coronaoutbreak #coronavirusoutbreak #coronavirusawareness  #travelcarefree #wheretonext✈️ #weroamabroad #beatravellernotatourist #bestvacations #travelnews #Flynote #flynotecommunity",02/10/2020,en,English,positive
B8Y80BeHdzm,"#newsworthy
Japan's health ministry said an additional 65 cases were found aboard a cruise ship quarantined in Yokohama, south of Tokyo, raising the total to 135.
••
Health Minister Katsunobu Kato said the Japanese government was considering testing all 3,711 passengers and crew on the Diamond Princess, which would require them to remain aboard until results are available.
••
Currently, all tourists have been quarantined in their rooms until Feb. 19, 2020 after a person who disembarked in Hong Kong was once identified with the virus on Feb. 3.
••
“Plenty of the passengers now are getting a little bit of cabin fever,” British passenger David Ready stated in a viral video posted on FB. “Despair is beginning to set in.”
.
#newsworthywithab
#coronavirus #coronavirusoutbreak #coronaviruses #wuhanvirus #wuhancoronavirus #coronaviruschina #coronavirus2020 #coronavirusawareness #wuhanchina #wuhanvirus #wuhancoronavirus #wuhanpneumonia #wuhancity #coronavirusindia #japan #coronavirusjapan #yokohama",02/10/2020,en,English,positive
B8Y63G3Herz,"#newsworthy
As the death toll in the Coronavirus outbreak 😷 continues to increase, aviation regulator DGCA has said that foreigners who went to China on or after January 15 will not be allowed to enter India ""from any air, land or seaport, including Indo-Nepal, Indo-Bhutan, Indo-Bangladesh or Indo-Myanmar land borders"" to prevent the spread of infection. ••
All visas issued to Chinese nationals before February 5 have been suspended. These visa restrictions do not apply to aircrew, who may be Chinese nationals or other foreign nationalities coming from China.
••
IndiGo and Air India have suspended all of their flights to China. SpiceJet continues to fly on the Delhi-Hong Kong route. Air India has conducted two special flights to Chinese city of Wuhan, the epicentre of the outbreak, evacuating 647 Indians and seven Maldivians. ••
To date, three Indians have tested positive for novel coronavirus.
••
➡️ Current toll: 910 deaths | 40,710 confirmed cases
.
#newsworthywithab
#coronavirus #coronavirusoutbreak #coronaviruses #wuhanvirus #wuhancoronavirus #coronaviruschina #coronavirus2020 #coronavirusawareness #wuhanchina #wuhanvirus #wuhancoronavirus #wuhanpneumonia #wuhancity #coronavirusindia",02/10/2020,en,English,negative
B8ZABXEjknU,"When you purchase a UV Care sterilizer, you are actually saving money. ⠀⁠
⠀⁠
Huh? How?⠀⁠
⠀⁠
When you buy and use UV Care, you get to keep your savings, which you would have spent on hospital bills, doctor's appointments, and medicines if you keep yourself unprotected from disease-causing germs.⠀⁠
⁠
Get yours at www.theuvcare.com. You can also find us on amazon by clicking on https://amzn.to/2GSua4j⁠
⁠
#UVCareusa #uvsterilizer #uvsanitizer #givethegiftofhealth #germaphobic #cleanfreak #travelclean #healthybaby #killthegerms #bigcitymoms #hinched #travelessentials #safetravels #fluvirusbegone #coronavirusawareness",02/10/2020,en,English,positive
B8YWweblclE,"LINK IN BIO! 🦠
⠀⠀⠀⠀⠀⠀⠀⠀⠀
Coronavirus is spreading in Japan, and so are the news about it. There’s a huge amount of conflicting information out there and it’s difficult to recognize the truthful one. Alarming news are talking about surgical masks being sold out, so we went to check where to buy surgical masks, just to find out it’s harder than it seems.
⠀⠀⠀⠀⠀⠀⠀⠀⠀
But the situation is not as dangerous as the news are making you think. We’re sharing with you how’s the situation in Japan and some health measures and hygiene tips. And we’re replying some questions you might have: is it safe to travel to Japan? Where can you buy masks? Should you cancel your trip to Japan? What should you do?
.
.
.
.
.
#coronavirus #coronavirusoutbreak #coronavirusnews #coronavirus2020 #coronavirusmemes #coronavirusjapan #coronaviruswuhan #coronavirusupdate #coronavirusawareness #japannews #news #surgicalmask #japanesemask #japanmask #tokyo #tokyo2020 #hygienetips #health #healthtips #reclocjapan",02/10/2020,en,English,positive
B8ZKKcpgKIF,"Overwhelming evidence shows that particle pollution exposure for even 5 minutes a day will increase your risk of heart disease and lung cancer. ⁣Thats enough reason for respiratory protection. .
.
.
.
#woodworker #coronaviruswuhan #woodartist #cabinetmaker #toolporn #coronavirus #powertools #handtools #coronavirusaustralia #wuhanvirus #woodworkersofig #woodworkforall #coronavirusindia #customwoodwork #newconstruction #virus #dowoodworking #wuhanchina #hgtv #chinavirus #woodworkersofinstagram #fixerupper #woodworkshop #homesofig #coronavirusawareness #coronavirusnews #woodworkers #homebuilder #woodworkingtools #woodworking",02/10/2020,en,English,negative
B8Y1vlmj9VS,"With various news being aired about #Coronavirus, believing in the right piece of information holds high importance.
Social media – an open platform, gives all the opportunity to posts as per whims.
However, wrong information can create enough panic to worsen any #CoronavirusSymptoms.
Hence, before you share anything on social media make sure that your information is true and holds proper evidence.
Don’t create panic among all, create the required #awareness.

#busfam #socialawareness #coronavirusupdate #coronavirusawareness #coronavirus2020 #coronavirusindia",02/10/2020,en,English,negative
B8cbnhplqV9,#coronavirus888 #coronavirus #coronavirusupdates #coronavirusoutbreak #outbreak888 #2019nCoV,02/11/2020,en,English,neutral
B8bzIx9lQ8s,"Coronavirus could infect 60% of the world's population if it's left 'unchecked,' a leading disease expert warned #coronavirus #coronavirus888
#coronavirusupdates  #coronavirusoutbreak #outbreak888 #2019nCoV",02/11/2020,en,English,negative
B8bQk6WJe2k,"China reported 108 new coronavirus deaths on Feb. 10, the highest daily increase so far, and up from 97 on the previous day, while 2,478 new confirmed cases, down from 3,062 on the previous day, bringing the total to 42,638, the health authority said.

#pakistan #china #coronavirus #virus #coronavirusupdates #concepttvlive #chinese #wuhan #chinacoronavirus #concepttvnews #pakistanzindabad",02/11/2020,en,English,positive
B8aU59Wnb_y,Coronavirus cases update February 11. 2020 🦠 😞 over a 1000 deaths 💀 💀 💀 #wuhan #coronaviruschina #wuhan #coronavirusoutbreak #coronaviruses #coronavirus #coronavirus2020 #coronavirusgermany #coronavírus #coronaviruscanada #Coronavirus news #coronavirusrussia #coronavirusthailand #coronavirustoronto #coronavirustoday #coronavirusupdates #coronavirusspain #coronavirusphilippines #coronavirustaiwan #coronavirususa #coronavirusfrance #coronavirussouthkorea #coronavirusmalaysia #wuhan #coronavirussouthkorea #coronavirusnews #coronavirusmalaysia #coronavirusvietnam #coronavirussingapore #coronavirustaiwan #coronavirusaustralia #coronavirussouthkorea,02/11/2020,en,English,neutral
B8beaIjFCj1,"The city of Wuhan, China, the epicenter of a coronavirus outbreak is under lockdown, leading it to become a ghost town. 
#Wuhan #China #Coronavirus #CoronavirusIndia #Chinavirus #wuhanvirus #ghosttown #wuhanlockdown #coronavirusupdates #news #coronavirusnews",02/11/2020,en,English,negative
B8bkyFunQKc,"The UV Care Multipurpose Sterilizer Lite is a portable multipurpose sterilizer designed by UV Care to take care of your sterilizing needs while on the road. Weighing just 5.5 lbs, this compact device can fit slim bottles, teethers, small toys, utensils, most breastfeeding pumps and accessories, and even baby clothes. It can also act as a storage box, too!⠀⁠
⁠
Get yours at www.theuvcare.com. You can also find us on amazon by clicking on https://amzn.to/2GSua4j⁠
⁠
#UVCareusa #uvsterilizer #uvsanitizer #givethegiftofhealth #germaphobic #cleanfreak #travelclean #healthybaby #killthegerms #bigcitymoms #hinched #travelessentials #safetravels #fluvirusbegone #coronavirusawareness",02/11/2020,en,English,positive
B8b1d-TJRq2,"A US-based company brought its robot, which gives information about coronavirus, to New York's Times Square. A small screen on the robot's chest presents a questionnaire to passers-by on the symptoms of coronavirus and gives a diagnosis depending up on the user's responses. An official from the company claimed the aim was to create awareness about the virus. .
.
#coronahongkong #corona #coronavirus #coronavirusawareness #coronavirusoutbreak #coronaviruschina #wuhan #wuhanvirus #robot #robotics #artificialintelligence #awareness #rajinikanth #health #fitness #vaccine #epidemic #virus #china #chinavirus #food #healthyfood #vegan #greenleaf #ayurveda #medicine #homeopathy #healthiswealth #medicalscience",02/11/2020,en,English,positive
B8cL_R-jQRG,"Myth/Fact
.
.
#coronavirus #coronavirusoutbreak 
#coronaviruses #coronaviruschina 
#coronavírus #coronavirusfrance #coronavirus2020 #coronavirusnews #coronavirusbrasil #coronavirusindia #coronavirus #coronaviruswuhan #coronavirusupdate #coronavirusawareness #coronavirusoutbreak2020 #coronavirusaustralia #coronavirusinfection #coronavirusalert #coronavirusprevention #coronavirusprotection #coronavirusindonesia 
#cvc #coronaviruscare",02/11/2020,en,English,neutral
B8bo3rxlBLm,"Courier services that used to bring us packages, meals and groceries to our doorsteps are no longer allowed to enter the building complex. Either you have to go out and pick up your package at the entrance to your building complex or you find other ways to get the goods without having to step foot outside.

中国加油(china jiayou)=China you can do it, keep fighting!
#ChinaJiayou #wuhancoronavirus #coronavirus #chinavirus #coronaviruschina #chinacoronavirus #wuhancoronaoutbreak #chinavirusnews #corona #coronavirusawareness #wuhan #wuhanvirus #武汉加油 #中国加油",02/11/2020,en,English,negative
B8a0rAYlCz0,"Thank you for the significant contribution!

Will you make a difference?

Together we can do it!

#WeAreWithChinaAndYou #Makeadifference #coronavirus #coronavirusmemes #coronavirusoutbreak #coronaviruschina #coronaviruses #coronavírus #coronavirusmeme #coronavirusnews #coronavirus2020 #coronavirusfrance #coronaviruswuhan #coronavirusupdate #coronavirusawareness #coronavirusitalia #coronavirusdewuhan #coronavirusaustralia #corona #virus #wuhan #viruscorona #soscorona #support #donations #chinamatters #help #wuhan2020 #donateforchina #spreadtheword",02/11/2020,en,English,neutral
B8bARxQBlrC,"As of now, there are no cases of 2019-nCoV Wuhan Coronavirus in Brunei so let's all take precaution to keep it that way 💪 Currently there are no specific treatment and vaccination to protect against the virus, which is why avoiding exposure to the virus is the best prevention in this case.⁣
⁣
How? Swipe left to find out the prevention tips to keep in mind - basically we need to keep our personal and respiratory hygiene in check, be wary of symptoms and to keep a safe distance from risky places and sick people. If you are sick, be sure to read on about how to reduce spreading the virus by maintaining social distance while still taking care of yourself until the symptoms subside.⁣
⁣
What else can you do? Spread information and start educating to raise awareness! Share this post to your family & friends. For more information, you can contact Brunei Health Advice Line for the Wuhan Coronavirus at 2381380 or 2381383 📞⁣
⁣
#memoriio #wuhan #china #wuhancoronavirus #coronavirus #coronavirusawareness #2019ncov#outbreak #virus #health #prevention #brunei",02/11/2020,en,English,positive
B8bf8pOHqVf,"Coronavirus' first case was diagnosed in China. This epidemic is spreading very fast and has proven fatal.
Follow the precautions, and take steps toward a healthy life.
.
.
.
.
.
#Fortis #FortisEscorts #Coronavirus #Awareness #AlertForCoronavirus #Virus #CoronavirusAwareness #Fit #Fitness #Healthcare #FortisHospitalJaipur #Jaipur",02/11/2020,en,English,negative
B8boPvpllfv,"In the morning at 12am when most of us are at home, these people are still outside in the cold protecting the city from the virus. They are hungry, feel cold, and miss their families but never thought about giving up. Thank you to all the people in the hospitals and on the streets who help to protect us during this difficult time.

中国加油(china jiayou)=China you can do it, keep fighting!
#ChinaJiayou #wuhancoronavirus #coronavirus #chinavirus #coronaviruschina #chinacoronavirus #wuhancoronaoutbreak #chinavirusnews #corona #coronavirusawareness #wuhan #wuhanvirus #武汉加油 #中国加油",02/11/2020,en,English,negative
B8bp8GBl-sE,"February 10th, 6pm at one of Wuhan’s mobile isolation units. To keep up their spirits these patients are dancing together. These units have been set up for patients who have been diagnosed with the virus but don’t have severe symptoms so they don’t need breathing support and other services that can only be provided in a hospital. Some people who have diagnosed don’t have any symptoms at all. For these patients the key is to cure them while having them isolated from the community so that they can’t pass on the virus. Please all get better soon!

中国加油(china jiayou)=China you can do it, keep fighting!
#ChinaJiayou #wuhancoronavirus #coronavirus #chinavirus #coronaviruschina #chinacoronavirus #wuhancoronaoutbreak #chinavirusnews #corona #coronavirusawareness #wuhan #wuhanvirus #武汉加油 #中国加油",02/11/2020,en,English,negative
B8babDtnA_-,"The new coronavirus causes respiratory infection, it spreads through contact with an infected person via droplets produced when a person coughs or sneezes, or through droplets of saliva or discharge from the nose. To prevent the spread of infection, it is important to practice good respiratory hygiene.⠀
Read our blog to know more https://buff.ly/2vnh3FL⠀
⠀
#coronavirus #CoV #nCoV #coronavirusoutbreak #coronavirus2020 #coronavirusindia #coronavirusawareness #commoncold #cold #virus #illness #diseases #nCoV2020 #CoV2020 #Digitalhealth #Healthcare #Health #followus #digitalhealth #innovation #medical #medicallife #wellness #healthcareforall #healthcareprofessional #healthcaremanagement #healthylifestyle #HealthyLiving #healthandwellness #HealthForAll",02/11/2020,en,English,negative
B8bi8vOBpiL,"Coronavirus has turned out to be a global epidemic.🙌 Since Coronavirus is spreading at a faster rate in India, people are now worried about how to prevent themselves from it. In the series of information on Coronavirus, Neelkanth Hospital 🏥 would further educate you about the symptoms and how to prevent it.
⠀⠀
Learn these Common signs of infection which include respiratory symptoms, fever, cough, shortness of breath and breathing difficulties. In more severe cases, an infection can cause pneumonia, severe acute respiratory syndrome, kidney failure and even death. 🤧😷
⠀⠀
The Standard recommendations to prevent this infection from spreading are regular hand washing, covering mouth and nose when coughing and sneezing, thoroughly cooking meat and eggs. Avoid close contact with anyone showing symptoms of respiratory illness such as coughing and sneezing.🤧
⠀⠀
It's important to stay safe and spread awareness in this hour of need. Let's fight against Coronavirus (2019-nCoV) together..🎗 Swipe Right 👉 to learn more.
⠀⠀
For any queries, feel free to contact…
Call 📞us: 1800-102-6706
Or Visit: www.neelkanthhospital.com
.
.
.
#coronavirus #coronavirusawareness #selfcare #coronavirusoutbreak #corona #ncov2019 #NeelkanthHospital #worldhealthorganization",02/11/2020,en,English,negative
B8cEqEHBpsl,"Protect yourself from any virus this season! 😷

PREVENTION is not just BETTER but also CHEAPER than CURE! 👍🏻 This is 100% ORGANIC, not just EFFECTIVE but also SAFE to use! Even children can take this and be protected. ❤️ 40-50% DISCOUNT on your future orders await those who will avail a MEMBERSHIP package so your whole FAMILY can benefit from this product! Send me a message for details! ❤️ #CoronaVirusawareness

Switch to ORGANIC ❤️ Choose amazing barley! Be healthier today!

Pure Organic Barley is a prevention, complete with nutrients your body needs‼🍵🌱🍵 Spread awareness. Help those in need.😊 📩Get your Amazing Barley Juice Today! For more details or Txt/Call for order 👉👉👉 091791647188 *Were Open for Distributorship",02/11/2020,en,English,positive
B8bpvYsFVFh,"Footage from the mobile isolation until in Wuhan’s International Exhibition Center. These patients have been diagnosed with the virus but have no or weak symptoms only. In China many families live close together in small apartments, so when one of them has contracted the virus they want to make sure the rest of the family stays safe. To stay strong and put up their spirits these patients have started dancing together.

中国加油(china jiayou)=China you can do it, keep fighting!
#ChinaJiayou #wuhancoronavirus #coronavirus #chinavirus #coronaviruschina #chinacoronavirus #wuhancoronaoutbreak #chinavirusnews #corona #coronavirusawareness #wuhan #wuhanvirus #武汉加油 #中国加油",02/11/2020,en,English,negative
B8bqFkeFlP3,"This nurse just walked out from the isolated track of the hospital. She can’t see due to the fog on her safety goggles and is very tired. Still she insists that people don’t help her because she is afraid she might contaminate them. She hardly finds her way up the stairs.

中国加油(china jiayou)=China you can do it, keep fighting!
#ChinaJiayou #wuhancoronavirus #coronavirus #chinavirus #coronaviruschina #chinacoronavirus #wuhancoronaoutbreak #chinavirusnews #corona #coronavirusawareness #wuhan #wuhanvirus #武汉加油 #中国加油",02/11/2020,en,English,negative
B8blzKLnLJ0,"#newsworthy
China's 🇨🇳 daily death toll from the novel Coronavirus 🦠topped 100 for the first time and pushed the total for the outbreak above 1,000.
••
The total has far exceeded the toll of the 2002-03 outbreak of SARS. 😷
••
The total number of confirmed cases in China stands at 42,638 | Worldwide: 40, 710 cases
••
The outbreak poses a “very grave threat for the rest of the world”, said Dr. Tedros Adhanom Ghebreyesus, the head of the World Health Organization (WHO).
.
#newsworthywithab
#who #health #healthnews #healthcare #coronavirus #coronavirusoutbreak #coronaviruses #wuhanvirus #wuhancoronavirus #coronaviruschina #coronavirus2020 #coronavirusawareness #wuhanchina #wuhanvirus #wuhancoronavirus #wuhanpneumonia #wuhancity #coronavirusindia",02/11/2020,en,English,negative
B8aEpQPHfZR,"We often shudder at the thought of spending on UVC sterilizers that protect ourselves from diseases, but we save up for health emergencies and medicines. What's up with that? ⁠
⁠
Remember, prevention is better than cure! Investing in a UV Care device is a million times better than the cost of hospital bills, medicines, lost hours, and more importantly, the anxiety and fear that bad health conditions bring. In fact, it's is not that expensive! UV Care sterilizers are worth every penny! ⁠
⁠
Get yours at www.theuvcare.com. You can also find us on amazon by clicking on https://amzn.to/2GSua4j⁠
⁠
#UVCareusa #uvsterilizer #uvsanitizer #givethegiftofhealth #germaphobic #cleanfreak #travelclean #healthybaby #killthegerms #bigcitymoms #hinched #travelessentials #safetravels #fluvirusbegone #coronavirusawareness",02/11/2020,en,English,positive
B8amGVSncj0,"More than 1,000 Pakistani students have been told by their government that it had to rule out their return to home for the moment. Hasan is one such student stuck in China’s Hubei province who has missed his 80-year-old father’s funeral.
.
.
“They need me at this time, my mother needs me,” said the PhD computer architecture student.  His increasing anxiety and desperation to get back home has also been shared by other Pakistani students in Hubei, some of whom are now getting critical of their government’s response to the situation.
.
.
Hasan said that he was told by Pakistani official on Monday, that they were planning to evacuate the students but some of the students in Wuhan said that the hopes of returning were dashed after a video conference call between students and Pakistan’s health and overseas citizens ministers on Monday.
.
.
Some of the students said Pakistani officials had suggested Pakistan did not have the necessary quarantine facilities.
.
.
.
.
.
.
.
.
#pragnews #pragnewstrending #coronavirusinfection #coronavirus #deadlyvirus #coronavirusawareness #coronavirus2020 #coronaviruspakistan #coronavirusupdate #coronavirusnews #wuhan #wuhanchina #coronavirusoutbreak #chinavirus #chinacoronavirus #healthemergency #worldhealthorganization #pakistan #pakistangovernment",02/11/2020,en,English,negative
B8dSsr9Fsnc,"Coronavirus 2019nCoV Update 
Cases: 45,265 (China 44,747; Other 518)

Deaths: 1115

Feb 12- 06:58 GMT

#coronavirus888 #coronavirus #coronavirusupdates #coronavirusoutbreak #outbreak888 #2019nCoV",02/12/2020,en,English,neutral
B8fCU2-lyUx,#coronavirus888 #coronavirus #coronavirusupdates #coronavirusoutbreak #outbreak888 #2019nCoV #SARS2 #SARSCoV2,02/12/2020,en,English,neutral
B8eJCeBl125,#coronavirus888 #coronavirus #coronavirusupdates #coronavirusoutbreak #outbreak888 #2019nCoV #SARS2 #SARSCoV2,02/12/2020,en,English,neutral
B8dTdCYlCl9,"Coronavirus Top 10 Countries (# of confirmed cases 2019nCoV)
Mainland China: 44,747
Hong Kong: 49
Singapore: 47
Thailand: 33
South Korea: 28
Japan: 28
Taiwan: 18
Malaysia: 18
Germany: 16
Australia, Vietnam: 15

Feb 12 - 07:05 GMT
#coronavirus888 #coronavirus #coronavirusupdates #coronavirusoutbreak #outbreak888 #2019nCoV",02/12/2020,en,English,neutral
B8dUNscpmyw,"Another 39 people have tested positive for the coronavirus on the quarantined Diamond Princess cruise ship in Japan, bringing the total to 174, the health ministry said on Wednesday.

#pakistan #japan #coronavirus #coronavirusoutbreak #coronavirusupdates #china  #diamondprincess #cruiseship #japanship #newsupdates #concepttvlive #concepttvnews #pakistanzindabad",02/12/2020,en,English,positive
B8eLl63FjS7,#coronavirus888 #coronavirus #coronavirusupdates #coronavirusoutbreak #outbreak888 #2019nCoV #SARS2 #SARSCoV2,02/12/2020,en,English,neutral
B8eZhFxlnQk,"✨ Link in Bio✨
.
I am so damn privileged!
.
Find out why I am so confident to make such an obnoxious statement in this week's blog post. 😉
.
.
#beingnasustoo #newblogpost #wednesdayblogpost #irish #irishinchina #updates #behappy #grateful #gratefulheart #makenotes #livingabroad #livinginchina #coronavirusoutbreak #coronavirusupdates #newsupdates #firsthandaccount",02/12/2020,en,English,positive
B8dChnThbhj,"How safe is Malaysia as a travel destination amidst the coronavirus outbreak! Let’s hear it from DG Tourism Malaysia Datuk Musa Yusof as well as the travellers in Malaysia.

#Malaysiaissafe #MalaysiaTrulyAsia
#CutiCutiMalaysia #visitmalaysia2020 #vm2020 #mymotac #tinmedia #latestupdates #tourismnews #coronavirusupdates #tindotmedia",02/12/2020,en,English,positive
B8dUeNmFv8a,#coronavirus888 #coronavirus #coronavirusupdates #coronavirusoutbreak #outbreak888 #2019nCoV,02/12/2020,en,English,neutral
B8dRqliF1D7,"Coronavirus has now spread to more than 25 countries. While the number of new infections is increasing every day, governments are doing their best to stop this virus from spreading. From forcibly quarantining people to banning weddings and birthdays.

#Coronavirus #Covid19 #China #Wuhan #ChinaWuhan #WuhanLockdown #Virus #Coronavirusupdates #Coronavirusnews #news #India #coronavirusindia #StaySafe",02/12/2020,en,English,neutral
B8dwHvYlCYZ,"#CoronavirusOutbreak | The death toll in China due to the novel #coronavirus epidemic has risen to 1,115 while the number of confirmed cases had reached 45,188
.
.
.
.
#coronavirusdeaths #coronavirusdeathtoll #coronavirusdeath #coronavirusdeathrate #coronavirus2020 #coronavirusnews #coronavirusupdate #coronavirusupdates #coronavirusepidemic #coronavirusepidemia #deathtoll #coronaviruscase #coronaviruscases #coronaviruses #coronavirusindia #coronavirusupdate #coronavirusawareness #coronavirusfrance #news #worldnews #health #instawithjagranenglish #jagranenglish #china #wuhancoronavirus #wuhanvirus #wuhanchina #wuhan",02/12/2020,en,English,negative
B8eHz8ulB33,#coronavirus888 #coronavirus #coronavirusupdates #coronavirusoutbreak #outbreak888 #2019nCoV #SARS2 #SARSCoV2,02/12/2020,en,English,neutral
B8esJPknV5J,"As it continues to spread, the #Coronavirus is impacting business and #travel in very real ways. Next generation #AI powered consumer and market intelligence expands both business and consumer understanding of the evolving situation. Read more at http://bit.ly/CoronavirusQuid.
.
.
.
#ChinaTravel #Quid #NetBaseQuid #coronavirusawareness #coronavirusupdate #coronaviruschina #coronavirus2020 #coronavirusoutbreak #coronavirusnews #coronavirusoutbreak2020 #corona #CoronaVirusData",02/12/2020,en,English,positive
B8dZjjOhyLx,"Do you know about an outbreak of a new coronavirus in China?
It has spread to other countries too.The coronavirus can infect both humans and animals and cause illnesses of respiratory tract. 
Follow these precautions and stay safe.Let's not provide this virus with any opportunity of attacking you. 
Keep Pakistan safe!

For further details please visit www.hameedlatifhospital.com or call ‭+92 42111000043‬

#HameedLatifhospital #Coronavirusawareness #Wecare #Care #Concern #Compassion",02/12/2020,en,English,negative
B8eObbMFTsh,"These drones have been put into practice when entering Shanghai’s borders by car. The police drone carries a QR code that leads the drivers to a form to fill out about their recent whereabouts. Everyone entering has to fill out a registration form.

中国加油(china jiayou)=China you can do it, keep fighting!
#ChinaJiayou #wuhancoronavirus #coronavirus #chinavirus #coronaviruschina #chinacoronavirus #wuhancoronaoutbreak #chinavirusnews #corona #coronavirusawareness #wuhan #wuhanvirus #武汉加油 #中国加油",02/12/2020,en,English,negative
B8eJkchHFWu,"It's hump day! We've made it to half of the workweek, but you don't have to sacrifice your sterilizing habit just to get on with your day. Using the UV Care Multipurpose Sterilizer Lite allows working parents like us to protect our babies without eating too much of our time. Protection is literally just a press of a button away!⠀⁠
⁠
Get yours at www.theuvcare.com. You can also find us on amazon by clicking on https://amzn.to/2GSua4j⁠
⁠
#UVCareusa #uvsterilizer #uvsanitizer #givethegiftofhealth #germaphobic #cleanfreak #travelclean #healthybaby #killthegerms #bigcitymoms #hinched #travelessentials #safetravels #fluvirusbegone #coronavirusawareness",02/12/2020,en,English,positive
B8c_tP5JLp3,"Another 39 people have tested positive for coronavirus on the quarantined Diamond Princess cruise ship in Japan as well as one quarantine officer, bringing the total to 175, the health ministry said on Wednesday. About 3,700 people are aboard the ship, which was placed in quarantine for two weeks upon arriving in Yokohama, south of Tokyo, on February 3.
.
.
#cruiseship #japancruise #coronahongkong #corona #coronavirus #coronavirusoutbreak #virus #virusoutbreak #wuhanvirus #wuhan #chinavirus #china #korea #health #fitness #workout #awareness #coronavirusawareness #medicalscience #unityindiversity #careful #safetyfirst #precautions #doctor #medicalemergency #gymlife #diet",02/12/2020,en,English,positive
B8cpcEGHbrO,"In a season where diseases seem to thrive (flu, colds, RSV, corona), we just can't trust anything that claims to give protection. It is important to entrust our safety in a brand that is SAFE, TESTED, and TRUSTED. We need a product that emits no harmful or toxic chemicals, something that is periodically tested for accuracy and effectiveness by leading medical institutions, and trusted by medical experts, influencers, and regular parents alike.⠀⁠
⠀⁠
Look no further-- place your bets on UV CARE!⠀⁠
⁠
Get yours at www.theuvcare.com. You can also find us on amazon by clicking on https://amzn.to/2GSua4j⁠
⁠
#UVCareusa #uvsterilizer #uvsanitizer #givethegiftofhealth #germaphobic #cleanfreak #travelclean #healthybaby #killthegerms #bigcitymoms #hinched #travelessentials #safetravels #fluvirusbegone #coronavirusawareness⁠",02/12/2020,en,English,positive
B8dZfBXlhn5,"Thank you for your support and contribution!

Will you make a difference?

#WeAreWithChinaAndYou #Makeadifference #coronavirus #coronavirusmemes #coronavirusoutbreak #coronaviruschina #coronaviruses #coronavírus #coronavirusmeme #coronavirusnews #coronavirus2020 #coronavirusfrance #coronaviruswuhan #coronavirusupdate #coronavirusawareness #coronavirusitalia #coronavirusdewuhan #coronavirusaustralia #corona #virus #wuhan #viruscorona #soscorona #support #donations #chinamatters #help #wuhan2020 #donateforchina #spreadtheword",02/12/2020,en,English,positive
B8drCbWBvuq,"Pakistan and the visiting IMF mission are exploring possibilities to increase the non-tax revenue mainly by keeping the petroleum levy on the higher side in order to compensate for an expected reduction in the revenue shortfall.

The finalisation of such fiscal arrangement can paveway for evolving consensus on striking a staff level agreement at the conclusion of parleys on February 13. Pakistan desires pitching the FBR’s revised target in the range of slightly over Rs4.8 trillion against the earlier revised target of Rs5.238 trillion. If the Fund agrees, then the non-tax revenue will be further jacked up.

The only immediate option is to keep the levy on the higher side for all petroleum products at a time when oil prices are falling after the end of US-Iran tensions as well as eruption of coronavirus in China. .
.
.
.
. .
.
.
.
.
.
. .
.
#coronavirus #coronavirusoutbreak #coronavirusmeme #coronavirusmemes #coronaviruses #coronavirusawareness #coronavirusnews #coronavirusupdate #coronavirusfrance #coronaviruschino #coronavirüsü #coronaviruschina #coronavirus2020 #coronaviruswuhan #coronavírus #coronavirüs #coronavirusindia #coronavirusoutbreak2020 #coronavirusbrasil #coronavirusprevention",02/12/2020,en,English,positive
B8eJfCEB8O-,"Do you know what is the correct way to wear and dispose of a mask? 🤔If not then watch the👉 full video. ⠀⠀
This video provides rapid advice on the use of medical masks in communities, at home and at health care facilities in areas that have reported outbreaks caused by the 2019 novel coronavirus (2019-nCoV).🙌
⠀⠀
🌏With the global outbreak of coronavirus, it is really important to ensure safety and prevention, it is important to understand the route of human-to-human transmission of 2019-nCoV is either via respiratory droplets or contact. ⠀⠀
Any person who is in close contact (within 1 meter) with someone who has respiratory symptoms (e.g., sneezing, coughing, etc.) is at risk of being exposed to potentially infective respiratory droplets.🤧
With the rise in the death toll of nCoV and its spread to more and more countries, Let us not forget to protect ourselves and others from getting sick.😷
⠀⠀
😷Let's not forget to wear a mask in the right way. Feel free to share this with your loved ones and remind those who are using their masks wrongly! Neelkanth Hospital is here for your complete wellness🎗
⠀⠀
⁠For any queries, feel free to contact.
Call 📞us: 1800-102-6706
Or Visit: www.neelkanthhospital.com
.
.
.
 #wuhanvirus #coronavirus #mask #health #virusprotection #coronavirusoutbreak #mask #n95mask #surgicalmask #coronavirusawareness #NeelkanthHospital",02/12/2020,en,English,positive
B8dvUehgl5f,"Best  5 articles on Coronavirus you can use as resources in your projects 
1.	https://www.who.int/health-topics/coronavirus

This article is posted on world health organization, so you do not need to have doubts about its authenticity .Also at the side panel of this article you will get and “Q&A” on Coronavirus and “Technical documents for novel Coronavirus’’, which will enhance your knowledge.

2.	https://www.cdc.gov/coronavirus/about/index.html

This post is published by ‘’Centers for disease control and prevention’’. This is not article link but  if you go here, you’ll get different tabs of  Coronaviruses like ‘’ symptoms’’, ‘’treatment’’ and also a ‘’situation summary’’ 3.https://www.the-scientist.com/news-opinion/scientists-compare-novel-coronavirus-to-sars-and-mers-viruses-67088

This article is published by the famous ‘’the scientist’’ magazine, which went into a deep analysis of Coronavirus , where they discussed about how severe acute respiratory syndrome (SARS)- is related to coronaviruses. 
4.https://www.thelancet.com/journals/lancet/article/PIIS0140-6736(20)30211-7/fulltext

This article is published by the lancet which publishes weekly journal on medical science. If you go to this link you will get an article link which described ‘’ 99 cases of coronavirus pneumonia in China’’, which can be quite useful.

5.https://www.nytimes.com/2020/02/05/world/asia/coronavirus-traditional-chinese-medicine.html

After gathering all of the above information, you can check this link, where journalist Sui-Lee Wee, known for her writing about social issues to health care in New York Times, wrote about the possibilities of treatment for this disease.
.
.
#coronavirus #coronavirusoutbreak #coronaviruschina 
#coronaviru #academicwriting #coronavirusawareness #coronavirusnews #coronavirus2020 #coronaviruswuhan #coronavirusprevention #coronavirusupdate  #assignmenthelp #essays #projects",02/12/2020,en,English,negative
B8dY6MflP1n,"The idea of the Chinese authorities about house quarantine.
________________________

Let's follow for the information

#waspadaviruscorona #coronavirus #coronavirusoutbreak #virus #wuhan#wuhanvirus #coronaviruschina #wuhanchina#corona #coronovirus #chinavirus#wuhancoronavirus #outbreak #plagueinc #corona#coronaviruses #coronavirusfrance#coronavirus2020 #coronavirusbrasil#coronavirusnews #coronavirusecuador#coronaviruswuhan #coronavirusindia#coronavirusupdate #coronaviruschino#coronavirusawareness #coronavirusdewuhan#coronavirusoutbreak2020 #coronavirusaustralia",02/12/2020,en,English,neutral
B8eC-RkFkp0,"How people go to work nowadays 😷🦠
.
#coronavirus #coronavirusoutbreak #virus #wuhan #wuhanvirus #coronaviruschina #wuhanchina #corona #coronovirus #chinavirus #wuhancoronavirus #outbreak #plagueinc #corona #coronaviruses #coronavirusfrance #coronavirus2020 #coronavirusbrasil #coronavirusnews #coronavirusecuador #coronaviruswuhan #coronavirusindia #coronavirusupdate #coronavirusawareness #coronavirusdewuhan #coronavirusoutbreak2020 #coronavirusaustralia #coronavirus2019 #coronavirusu",02/12/2020,en,English,neutral
B8d-5iAnS_G,"Staying healthy while working the wet markets in China and Southeast Asia .
.
.
.
.
#coronavirus #coronavirusupdate #wetmarkets #wetmarketschina #southeastasia #stayhealthy #coronavirusinformation #coronavirusawareness #worldhealthorganization",02/12/2020,en,English,positive
B8eDR0Bh5lp,#wholefood #who #wholefoods #whole30 #wholesomememes #wholesomememe #whovian #whomademyclothes #whoknew #whole30approved #wholesaleclothing #wholefoodplantbased #whole30recipes #wholesomemes #wholesomegfmemes #coronavirus #coronavirusoutbreak #coronavirusmeme #coronavirusmemes #coronaviruschina #coronaviruses #coronavirusawareness #coronavirusnews #coronavirusupdate #coronavirusfrance #coronavirusindia #coronavirusoutbreak2020 #coronavirusbrasil #coronavirusprevention #coronavirus2020,02/12/2020,en,English,neutral
B8eOsINFVMw,"This father watches from behind as his son mounts the car that brings him to a mobile isolation unit. The son luckily only has mild symptoms. He says bye daddy, will be back in two days, as he gets on the car. The father follows him on his scooter as the son leaves. Waiting for them to be reunited soon!

中国加油(china jiayou)=China you can do it, keep fighting!
#ChinaJiayou #wuhancoronavirus #coronavirus #chinavirus #coronaviruschina #chinacoronavirus #wuhancoronaoutbreak #chinavirusnews #corona #coronavirusawareness #wuhan #wuhanvirus #武汉加油 #中国加油",02/12/2020,en,English,negative
B8eOEdklAKg,"The footage shows the leader of the aid assistance team that was sent to Hubei province from Shandong province after a long day at work.

中国加油(china jiayou)=China you can do it, keep fighting!
#ChinaJiayou #wuhancoronavirus #coronavirus #chinavirus #coronaviruschina #chinacoronavirus #wuhancoronaoutbreak #chinavirusnews #corona #coronavirusawareness #wuhan #wuhanvirus #武汉加油 #中国加油",02/12/2020,en,English,negative
B8eaq1Rg8g_,"Did you know in China, even family members would have to stand at least 1 meters away from each other to reduce the risk of getting infected? This means mothers can't hug their children, husbands won't be able to kiss wives, grandmas might have to walk without any help, even the sick have to stay in their separate rooms and help themselves to avoid getting the loved ones infected. 
_____
Tag a friend who should know this:
_____
Amid shortages of face masks, the WHO has advised people that ""using a mask alone is not guaranteed to stop infections."" The UN health agency said it's also important to thoroughly wash your hands and avoid close contact with other people in public spaces — staying at least 1 meter (3 feet) away from others.
_____
Source: common knowledge in China now but here's a link too - https://www.dw.com/en/coronavirus-who-urges-countries-to-step-up-data-sharing-as-virus-spreads-as-it-developed/a-52247964

#wuhanvirus #coronavirusawareness #solidarity #coronavirusstats",02/12/2020,en,English,negative
B8dmYg8FA2C,"#Wuhan citizens need to line up for more than a kilometer to buy food! The one that took the video says that he don't understand the government's approach under this situation.
________________________

Let's follow for the information

#waspadaviruscorona #coronavirus #coronavirusoutbreak #virus #wuhan#wuhanvirus #coronaviruschina #wuhanchina#corona #coronovirus #chinavirus#wuhancoronavirus #outbreak #plagueinc #corona#coronaviruses #coronavirusfrance#coronavirus2020 #coronavirusbrasil#coronavirusnews #coronavirusecuador#coronaviruswuhan #coronavirusindia#coronavirusupdate #coronaviruschino#coronavirusawareness #coronavirusdewuhan#coronavirusoutbreak2020 #coronavirusaustralia",02/12/2020,en,English,neutral
B8eOjWRFgN_,"The large exhibition hall that has been transformed into temporary housing for patients who have only mild symptoms of the corona virus is very cold at night, only 9 degrees Celsius. Medical staff that supervises the area is sitting in the cold all night.

中国加油(china jiayou)=China you can do it, keep fighting!
#ChinaJiayou #wuhancoronavirus #coronavirus #chinavirus #coronaviruschina #chinacoronavirus #wuhancoronaoutbreak #chinavirusnews #corona #coronavirusawareness #wuhan #wuhanvirus #武汉加油 #中国加油",02/12/2020,en,English,negative
B8d-6CUn1pQ,"Staying healthy while working the wet markets in China and Southeast Asia .
.
.
.
.
#coronavirus #coronavirusupdate #wetmarkets #wetmarketschina #southeastasia #stayhealthy #coronavirusinformation #coronavirusawareness #worldhealthorganization",02/12/2020,en,English,positive
B8eM46slffw,"Medical staff getting ready for a long day at work. They work for 12 hours+ without a rest to drink or using the restroom.

中国加油(china jiayou)=China you can do it, keep fighting!
#ChinaJiayou #wuhancoronavirus #coronavirus #chinavirus #coronaviruschina #chinacoronavirus #wuhancoronaoutbreak #chinavirusnews #corona #coronavirusawareness #wuhan #wuhanvirus #武汉加油 #中国加油",02/12/2020,en,English,neutral
B8eXShJAyHe,"""United by Love, together we stand.""
___
America has taught me so much; and above all I learned how to respect, appreciate the fact that people are so much more beyond the color of their skin and nationality. New York must be cold now, but this image of the big screen in Times Square - and other places in North America - displaying the support for Wuhan, China, makes my heart so warm. It’s a reminder for me and us all that we are all world citizens who should not be separated by nationality or skin color. 
In this difficult time, let us stand together and be United by love.

武汉加油，中国加油！

Missed America for a bit.

Thank you @yaxin_xyx for sharing with u, sponsored by BlueFocus.
___
#coronavirusawareness
#LoveNotFear
#solidarity #wuhanvirus",02/12/2020,en,English,positive
B8fkfM2FWT9,"Coronavirus Top 10 Countries (# of confirmed cases COVID19)
Mainland China: 59,883
Hong Kong: 50
Singapore: 50
Thailand: 33
South Korea: 28
Japan: 28
Taiwan: 18
Malaysia: 18
Germany: 16
Australia, Vietnam: 15

Feb 13 - 04:11 GMT
#coronavirus888 #coronavirus #coronavirusupdates #coronavirusoutbreak #2019nCoV #COVID19 #SARSCoV2 #outbreak888",02/13/2020,en,English,neutral
B8g0lDCFB70,#coronavirus888 #coronavirus #coronavirusupdates #coronavirusoutbreak #COVID19 #SARS2 #SARSCoV2 #outbreak888 #2019nCoV,02/13/2020,en,English,neutral
B8fUPKJlPg7,"Coronavirus cases surpass 60,000 with 15,000 new cases and 250 new deaths in the last 24 hours. Update attached. 
Coronavirus 2019nCoV Update 
Cases: 60,357 (China 59,834 Other 523)

Deaths: 1,367

Feb 13- 01:45 GMT

#coronavirus888 #coronavirus #coronavirusupdates #coronavirusoutbreak #outbreak888 #COVID19 #SARS2 #SARSCoV2",02/13/2020,en,English,neutral
B8fmLlClwUe,#coronavirus888 #coronavirus #coronavirusupdates #coronavirusoutbreak #outbreak888 #2019nCoV #SARS2 #SARSCoV2 #COVID19,02/13/2020,en,English,neutral
B8gq7JBBk3B,"These are the same rules that would apply for preventing the spread of a fever - wash your hands before touching your eyes, nose or mouth, cover your mouth when you sneeze/cough and avoid contact with those who are sick.

Call us at 1860 500 4424
Visit www.apollocradle.com

#CoronavirusUpdates #CoronavirusAlerts #Apollo #ApolloCradle #Coronavirus",02/13/2020,en,English,negative
B8gfPVblyGc,"#CoronavirusOutbreak | As many as 242 people were killed in a single day due to the novel coronavirus in China, taking the death toll to 1,355 across the country
.
.
.
.
#coronavirusdeaths #coronavirusdeathtoll #coronavirusdeath #coronavirusdeathrate #coronavirus2020 #coronavirusnews #coronavirusupdate #coronavirusupdates #coronavirusepidemic #coronavirusepidemia #deathtoll #coronaviruscase #coronaviruscases #coronaviruses #coronavirusindia #coronavirusupdate #coronavirusawareness #coronavirusfrance #news #worldnews #health #instawithjagranenglish #jagranenglish #china #wuhancoronavirus #wuhanvirus #wuhanchina",02/13/2020,en,English,negative
B8g6R8GFTBa,"This girl is in her final year of high school. Although she has been diagnosed with mild symptoms of the corona virus, she doesn’t waste a minute and continues studying. She has been moved to a mobile isolation hospital.

中国加油(china jiayou)=China you can do it, keep fighting!
#ChinaJiayou #wuhancoronavirus #coronavirus #chinavirus #coronaviruschina #chinacoronavirus #wuhancoronaoutbreak #chinavirusnews #corona #coronavirusawareness #wuhan #wuhanvirus #武汉加油 #中国加油",02/13/2020,en,English,negative
B8g6pT4lYas,"These days medical staff have to work on all fronts to help the patients. There is so much to do and not enough people to help. This medical staff even has to carry boxes.

中国加油(china jiayou)=China you can do it, keep fighting!
#ChinaJiayou #wuhancoronavirus #coronavirus #chinavirus #coronaviruschina #chinacoronavirus #wuhancoronaoutbreak #chinavirusnews #corona #coronavirusawareness #wuhan #wuhanvirus #武汉加油 #中国加油",02/13/2020,en,English,negative
B8g7qN0lffm,"Medical staff getting ready for their 12 hour shifts. They can’t drink or use the restroom during their shift in order not to waste time or protective equipment.

中国加油(china jiayou)=China you can do it, keep fighting!
#ChinaJiayou #wuhancoronavirus #coronavirus #chinavirus #coronaviruschina #chinacoronavirus #wuhancoronaoutbreak #chinavirusnews #corona #coronavirusawareness #wuhan #wuhanvirus #武汉加油 #中国加油",02/13/2020,en,English,negative
B8g61EpFHD0,"February 12th, 2020: It is the 80th birthday of this gentleman today. He lies with the corona virus in Wuhan’s newly built Huoshenshan Hospital. For his birthday the medical staff has come together in his room to sing him a birthday song and give him a birthday cake. They even drew a birthday card together to give me strength to keep fighting against the virus and get well soon!

中国加油(china jiayou)=China you can do it, keep fighting!
#ChinaJiayou #wuhancoronavirus #coronavirus #chinavirus #coronaviruschina #chinacoronavirus #wuhancoronaoutbreak #chinavirusnews #corona #coronavirusawareness #wuhan #wuhanvirus #武汉加油 #中国加油",02/13/2020,en,English,negative
B8guWTynL1q,"Did you know that this small sterilizing box has FOUR functions?⠀⁠
⠀⁠
1. STERILIZING only⠀⁠
2. DRYING only⠀⁠
3. STORAGE - keep your items safely stored inside when you're not using them⠀⁠
4. AUTO - it sterilizes and dries whatever you store inside⠀⁠
⠀⁠
You can't judge a sterilizer by its size! The UV Care Multipurpose Sterilizer Lite is powerful AND truly multi-functional.⠀⁠
⁠
Get yours at www.theuvcare.com. You can also find us on amazon by clicking on https://amzn.to/2GSua4j⁠
⁠
#UVCareusa #uvsterilizer #uvsanitizer #givethegiftofhealth #germaphobic #cleanfreak #travelclean #healthybaby #killthegerms #bigcitymoms #hinched #travelessentials #safetravels #fluvirusbegone #coronavirusawareness⁠
⁠",02/13/2020,en,English,positive
B8g7NmylFQC,"This medical staff came from Xinjiang province to help in Wuhan. In order to cheer up the patients she is dancing a traditional dance from the region where she comes from.

中国加油(china jiayou)=China you can do it, keep fighting!
#ChinaJiayou #wuhancoronavirus #coronavirus #chinavirus #coronaviruschina #chinacoronavirus #wuhancoronaoutbreak #chinavirusnews #corona #coronavirusawareness #wuhan #wuhanvirus #武汉加油 #中国加油",02/13/2020,en,English,positive
B8f0goUAM7z,"Coronavirus outbreak has become a cause of wildfire among people. We are drowning in the pool if overwhelming information, hence it is wiser to know about the authentic resources that can give your authentic and recent information. Here are top 4 resources of authentic information on coronavirus outbreak.  #who #worldhealthorganization #thelancet #CDC #coronavirusoutbreak #coronavirusawareness #indianyoutuber #bangaloreyoutuber #healthq",02/13/2020,en,English,positive
B8fnLtLgr6l,"Coronaviruses (CoV) are a large family of viruses that cause illness ranging from the common cold to more severe diseases such as Middle East Respiratory Syndrome (MERS-CoV) and Severe Acute Respiratory Syndrome (SARS-CoV). A novel coronavirus (nCoV) is a new strain that has not been previously identified in humans.

Read out our article to learn more about infection types, symptoms, its transmission and prevention. 
#WuhanCoronavirus #Coronavirus #nCoV2019 #coronavirusoutbreak #coronavirusupdate #coronavirusawareness #coronavirus2020 #coronavirusnews #coronaviruswuhan #coronavirusprevention #healthcare #health #medical #medicalcare #medicare #medicalcenter #warnersbay #sydney #nsw #australia

https://www.providencemedical.com.au/warnersbay/coronavirus-all-you-need-to-know-about-types-symptoms-causes-treatments",02/13/2020,en,English,negative
B8fmd5ThcjG,"Coronaviruses (CoV) are a large family of viruses that cause illness ranging from the common cold to more severe diseases such as Middle East Respiratory Syndrome (MERS-CoV) and Severe Acute Respiratory Syndrome (SARS-CoV). A novel coronavirus (nCoV) is a new strain that has not been previously identified in humans.

Readout our article to learn more about infection types, symptoms, transmission, and prevention. https://www.providencemedical.com.au/thornton/coronavirus-all-you-need-to-know-about-types-symptoms-causes-treatments

#WuhanCoronavirus #Coronavirus #nCoV2019 #coronavirusoutbreak #coronavirusupdate #coronavirusawareness #coronavirus2020 #coronavirusnews #coronaviruswuhan #coronavirusprevention #healthcare #health #medical #medicalcare #medicare #medicalcenter #thornton #sydney #nsw #australia",02/13/2020,en,English,negative
B8fOr4HF2V8,"One-Week Unlimited Pass for only $49!

Unlimited access to ALL classes, including Special Classes for #FightCoronavirus, which includes Yoga for Immune System Boost, Yoga for Healthy Lungs, Detox Yoga, Yoga Therapy and more. Find more details on our website www.mwrooftopstudio.com/book-online *Available till 29 Feb 2020. *Limited to 1 purchase per pax only.

#1weekunlimited #yogaunlimitedpass #specialyogaclass #coronavirus #novelcoronavirus #coronavirusawareness #coronavirusprevention #immunesystemboost #yogaforhealthylungs #lunghealth #healthylungs #respiratorytherapy #detoxyoga #seniordetoxyoga #chairyoga #kidsyoga #strongimmunesystem #artofbreathing #yogatherapy #restorativeyoga #strengthenbody #keepbodyhealthy #yoga #yogafit #healthy #rooftopstudio #mwrooftopstudio #studiointhecity #tranquillityamidstcitybustle",02/13/2020,en,English,positive
B8gsI-RHolv,"Hello This Was New News For CoronaVirus 
Tags

#Coronavirus

#coronavirus #coronavirusoutbreak #coronavirusmeme #coronavirusmemes #coronaviruschina #coronaviruses #coronavirusawareness #coronavirusnews #coronavirusupdate #coronavirusfrance #coronaviruschino #coronavirüsü #coronavirus2020 #coronaviruswuhan #coronavírus #coronavirüs #coronavirusindia #coronavirusoutbreak2020 #coronavirusbrasil #coronavirusprevention",02/13/2020,en,English,neutral
B8gWdEgjP65,"Myth/Facts .
.
.
#coronavirus #coronavirusoutbreak 
#coronaviruses #coronaviruschina 
#coronavírus #coronavirusfrance #coronavirus2020 #coronavirusnews #coronavirusbrasil #coronavirusindia #coronavirus #coronaviruswuhan #coronavirusupdate #coronavirusawareness #coronavirusoutbreak2020 #coronavirusaustralia #coronavirusinfection #coronavirusalert #coronavirusprevention #coronavirusprotection #coronavirusindonesia 
#cvc #coronaviruscare",02/13/2020,en,English,neutral
B8f1kR4lRuq,"Coronavirus outbreak has become a cause of wildfire among people. We are drowning in the pool if overwhelming information, hence it is wiser to know about the authentic resources that can give your authentic and recent information. Here are top 4 resources of authentic information on coronavirus outbreak.  #who #worldhealthorganization #thelancet #CDC #coronavirusoutbreak #coronavirusawareness #indianyoutuber #bangaloreyoutuber #healthq",02/13/2020,en,English,positive
B8fOQY1Adz4,"Even if you live in a small room or apartment, it doesn't give germs the excuse to invade your home and personal items. Don't be fooled by its size; the UV Care Multipurpose Sterilizer Lite looks as compact as a small trinket box, but it could sterilize as many as twelve slim feeding bottles! ⠀⁠
⁠
Get yours at www.theuvcare.com. You can also find us on amazon by clicking on https://amzn.to/2GSua4j⁠
⁠
#UVCareusa #uvsterilizer #uvsanitizer #givethegiftofhealth #germaphobic #cleanfreak #travelclean #healthybaby #killthegerms #bigcitymoms #hinched #travelessentials #safetravels #fluvirusbegone #coronavirusawareness",02/13/2020,en,English,positive
B8fxID9B1B3,"Coronaviruses (CoV) are a large family of viruses that cause illness ranging from the common cold to more severe diseases such as Middle East Respiratory Syndrome (MERS-CoV) and Severe Acute Respiratory Syndrome (SARS-CoV). Follow some prevention steps to lower the effect of CoronaVirus.If you found any symptom book an appointment or consultation at 9876910000.
Visit our website: https://www.rghospitalludhiana.com/
#Coronavirus #coronavirusoutbreak #Virus #disease #chinavirus #coronaviruschina #coronavirusawareness #coronavirusupdate #coronaviruschino #coronavirus2020 #coronavirusindia #coronavirusnews #coronavirusoutbreak2020 #coronavirusprevention",02/13/2020,en,English,negative
B8fnDdAFChO,"Coronaviruses (CoV) are a large family of viruses that cause illness ranging from the common cold to more severe diseases such as Middle East Respiratory Syndrome (MERS-CoV) and Severe Acute Respiratory Syndrome (SARS-CoV). A novel coronavirus (nCoV) is a new strain that has not been previously identified in humans.

Readout our article to learn more about infection types, symptoms, transmission, and prevention. 
https://www.providencemedical.com.au/shoalbay-annabay/coronavirus-all-you-need-to-know-about-types-symptoms-causes-treatments

#WuhanCoronavirus #Coronavirus #nCoV2019 #coronavirusoutbreak #coronavirusupdate #coronavirusawareness #coronavirus2020 #coronavirusnews #coronaviruswuhan #coronavirusprevention #healthcare #health #medical #medicalcare #medicare #medicalcenter #shoalbay #annabay #sydney #nsw #australia",02/13/2020,en,English,negative
B8fzYmzh8WE,"Coronaviruses are a family of viruses known for containing strains that cause potentially deadly diseases in mammals and birds. In humans, they're typically spread via airborne droplets of fluid produced by infected individuals. If you find any symptoms go to the nearest doctor/hospital for consultation. Follow these prevention steps to lower the effect of coronavirus.
#Coronavirus #coronavirusoutbreak #Virus #disease #chinavirus #coronaviruschina #coronavirusawareness #coronavirusupdate #coronaviruschino #coronavirus2020 #coronavirusindia #coronavirusnews #coronavirusoutbreak2020 #coronavirusprevention",02/13/2020,en,English,negative
B8fOrScFbqm,"One-Week Unlimited Pass for only $49!

Unlimited access to ALL classes, including Special Classes for #FightCoronavirus, which includes Yoga for Immune System Boost, Yoga for Healthy Lungs, Detox Yoga, Yoga Therapy and more. Find more details on our website www.mwrooftopstudio.com/book-online *Available till 29 Feb 2020. *Limited to 1 purchase per pax only.

#1weekunlimited #yogaunlimitedpass #specialyogaclass #coronavirus #novelcoronavirus #coronavirusawareness #coronavirusprevention #immunesystemboost #yogaforhealthylungs #lunghealth #healthylungs #respiratorytherapy #detoxyoga #seniordetoxyoga #chairyoga #kidsyoga #strongimmunesystem #artofbreathing #yogatherapy #restorativeyoga #strengthenbody #keepbodyhealthy #yoga #yogafit #healthy #rooftopstudio #mwrooftopstudio #studiointhecity #tranquillityamidstcitybustle",02/13/2020,en,English,positive
B8fOqL5H4Yh,"One-Week Unlimited Pass for only $49!

Unlimited access to ALL classes, including Special Classes for #FightCoronavirus, which includes Yoga for Immune System Boost, Yoga for Healthy Lungs, Detox Yoga, Yoga Therapy and more. Find more details on our website www.mwrooftopstudio.com/book-online *Available till 29 Feb 2020. *Limited to 1 purchase per pax only.

#1weekunlimited #yogaunlimitedpass #specialyogaclass #coronavirus #novelcoronavirus #coronavirusawareness #coronavirusprevention #immunesystemboost #yogaforhealthylungs #lunghealth #healthylungs #respiratorytherapy #detoxyoga #seniordetoxyoga #chairyoga #kidsyoga #strongimmunesystem #artofbreathing #yogatherapy #restorativeyoga #strengthenbody #keepbodyhealthy #yoga #yogafit #healthy #rooftopstudio #mwrooftopstudio #studiointhecity #tranquillityamidstcitybustle",02/13/2020,en,English,positive
B8gJ0uUhSgZ,"Thank @unistrasi for supporting our charity campaign ""We are with China, and you?"" aimed to help China in its battle against the novel Coronavirus.

Spread the word and #makeadifference

To make a donation you can click on the Link 🔗 in the bio!

#WeAreWithChinaAndYou #Makeadifference #coronavirus #coronavirusmemes #coronavirusoutbreak #coronaviruschina #coronaviruses #coronavírus #coronavirusmeme #coronavirusnews #coronavirus2020 #coronavirusfrance #coronaviruswuhan #coronavirusupdate #coronavirusawareness #coronavirusitalia #coronavirusdewuhan #coronavirusaustralia #corona #virus #wuhan #viruscorona #soscorona #support #donations #chinamatters #help #wuhan2020 #donateforchina",02/13/2020,en,English,positive
B8fOq4jnfoi,"One-Week Unlimited Pass for only $49!

Unlimited access to ALL classes, including Special Classes for #FightCoronavirus, which includes Yoga for Immune System Boost, Yoga for Healthy Lungs, Detox Yoga, Yoga Therapy and more. Find more details on our website www.mwrooftopstudio.com/book-online *Available till 29 Feb 2020. *Limited to 1 purchase per pax only.

#1weekunlimited #yogaunlimitedpass #specialyogaclass #coronavirus #novelcoronavirus #coronavirusawareness #coronavirusprevention #immunesystemboost #yogaforhealthylungs #lunghealth #healthylungs #respiratorytherapy #detoxyoga #seniordetoxyoga #chairyoga #kidsyoga #strongimmunesystem #artofbreathing #yogatherapy #restorativeyoga #strengthenbody #keepbodyhealthy #yoga #yogafit #healthy #rooftopstudio #mwrooftopstudio #studiointhecity #tranquillityamidstcitybustle",02/13/2020,en,English,positive
B8fz63AFb6X,"Nobody puts Baby in a corner!
#dirtydancing #youreverydayasian 
#disposablesurgicalmasks #surgicalmasks #facemasks #coronavirus #coronavirusoutbreak #novelcoronavirus #coronavirusmemes #coronavirus2020 #coronavirusawareness #coronavirus🖕",02/13/2020,en,English,neutral
B8gRvVKpPfF,"Corona Virus Awarness 
Hear it from Her ... Thank you so much @central_school_dxb  for organizing a programme for  creating awarness amoung the young children.

@khdadubai @nimsgroup
#uaeschools #dubaischools #coronavirusawareness #coronavírus #awareness #worldhealthorganization 
#uaebaby #uaenews #uaelife🇦🇪 #uaemombloggers #desimom #indianblogger #indianfamily #goans",02/13/2020,en,English,positive
B8gZb9Cj4fb,"𝐄𝐦𝐞𝐫𝐠𝐞𝐧𝐜𝐲 𝐓𝐫𝐚𝐯𝐞𝐥 𝐓𝐢𝐩𝐬 𝐟𝐨𝐫 𝐒𝐭𝐮𝐝𝐞𝐧𝐭𝐬 𝐁𝐨𝐚𝐫𝐝𝐢𝐧𝐠 𝐅𝐥𝐢𝐠𝐡𝐭𝐬 𝐟𝐨𝐫 𝐂𝐚𝐧𝐚𝐝𝐚. • Ensure you do not book a ticket with an airlines having transit through China due to the outbreak of the novel corona virus nCov in china. The main clinical signs and symptoms include fever, difficulty in breathing and chest radiographs showing bilateral infiltrates. • International travelers must practice usual precautions. WHO technical guidelines on surveillance and case definitions laboratory guidance, clinical management for suspected novel corona virus, infection prevention and control risk communications disease commodity package and reducing transmission from animals to humans is available on WHO website. • As precaution is always better than cure. Try to avoid travelling with airlines having transit through China. Although with the current outbreak in Wuhan City, the major domestic and international transport hub with the large population movements, and the observed human to human transmission there can be possibility of increase in the number of cases in other areas and countries WHO advises the measures to limit the risk of exportation or importation of the disease should be implemented without unnecessary restrictions on international traffic. • However campaigns about health information at the points of entry are placed to raise the awareness of reducing general risk of acute respiratory infections and the measures required. • Travelers who had contact with confirmed cases or direct exposure to potential source of infection should be placed under medical observation. High risk contacts should avoid travel for the duration of the incubation period (upto 14 days)  𝑺𝑻𝑨𝒀 𝑨𝑳𝑬𝑹𝑻 & 𝑺𝑻𝑨𝒀 𝑺𝑨𝑭𝑬! 
#CosmoConsultants #Coronavirus #CoronavirusChina #CoronavirusAwareness #CoronavirusUpdate #CoronavirusPrevention #CoronavirusNews #CoronavirusWuhan #StudyAbroad #StudyVisaConsultant #OverseasEducationConsultant #CanadaTravelTips",02/13/2020,en,English,negative
B8fmrCQholy,"Coronaviruses (CoV) are a large family of viruses that cause illness ranging from the common cold to more severe diseases such as Middle East Respiratory Syndrome (MERS-CoV) and Severe Acute Respiratory Syndrome (SARS-CoV). A novel coronavirus (nCoV) is a new strain that has not been previously identified in humans.

Readout our article to learn more about infection types, symptoms, its transmission and prevention. 
https://www.providencemedical.com.au/gregoryhills/coronavirus-all-you-need-to-know-about-types-symptoms-causes-treatments

#WuhanCoronavirus #Coronavirus #nCoV2019 #coronavirusoutbreak #coronavirusupdate #coronavirusawareness #coronavirus2020 #coronavirusnews #coronaviruswuhan #coronavirusprevention #healthcare #health #medical #medicalcare #medicare #medicalcenter #gregoryhills #sydney #nsw #australia",02/13/2020,en,English,negative
B8f55ROhCZg,"We are very honoured to receive the support of the Mayor of Diamante City, Sen. Ernesto Magorno, who expressed words of encouragement for China and sent his best wishes.

#WeAreWithChinaAndYou #Makeadifference #coronavirus #coronavirusmemes #coronavirusoutbreak #coronaviruschina #coronaviruses #coronavírus #coronavirusmeme #coronavirusnews #coronavirus2020 #coronavirusfrance #coronaviruswuhan #coronavirusupdate #coronavirusawareness #coronavirusitalia #coronavirusdewuhan #coronavirusaustralia #corona #virus #wuhan #viruscorona #soscorona #support #donations #chinamatters #help #wuhan2020 #donateforchina #spreadtheword",02/13/2020,en,English,positive
B8fnfmaAdJ2,"Coronaviruses (CoV) are a large family of viruses that cause illness ranging from the common cold to more severe diseases such as Middle East Respiratory Syndrome (MERS-CoV) and Severe Acute Respiratory Syndrome (SARS-CoV). A novel coronavirus (nCoV) is a new strain that has not been previously identified in humans.

Read out our article to learn more about infection types, symptoms, its transmission and prevention. 
https://www.providencemedical.com.au/belmont/coronavirus-all-you-need-to-know-about-types-symptoms-causes-treatments

#WuhanCoronavirus #Coronavirus #nCoV2019 #coronavirusoutbreak #coronavirusupdate #coronavirusawareness #coronavirus2020 #coronavirusnews #coronaviruswuhan #coronavirusprevention #healthcare #health #medical #medicalcare #medicare #medicalcenter #belmont #sydney #nsw #australia",02/13/2020,en,English,negative
B8f6yjXg0c5,"How can I protect myself from Coronavirus?⠀
Standard recommendations to prevent infection spread include regular hand washing, covering mouth and nose when coughing and sneezing, thoroughly cooking meat and eggs. Avoid close contact with anyone showing symptoms of respiratory illness such as coughing and sneezing.⠀
Know More: https://buff.ly/2vnh3FL⠀
⠀
#coronavirus #CoV #nCoV #coronavirusoutbreak #coronavirus2020 #coronavirusindia #coronavirusawareness #commoncold #cold #virus #illness #diseases #nCoV2020 #CoV2020 #Digitalhealth #Healthcare #Health #outbreak #disease #viruses #publichealth #novel #healthandwellness #HealthForAll",02/13/2020,en,English,positive
B8fyjRpn3pK,"WHO warns coronavirus 😷, now dubbed COVID-19, is ‘public enemy number 1’ and potentially more powerful than terrorism.
••
The first vaccine targeting the new coronavirus could be 18 months 🗓 away, and the outbreak could end up creating a global threat potentially worse than terrorism, the WHO has warned.
.
#newsworthtwithab
#coronavirus #coronavirusoutbreak #coronaviruses #wuhanvirus #wuhancoronavirus #coronaviruschina #coronavirus2020 #coronavirusawareness #wuhanchina #wuhanvirus #wuhancoronavirus #wuhanpneumonia #wuhancity #coronavirusindia",02/13/2020,en,English,negative
B8iiX1thcAZ,"Jasmine soap
Coffee Fizzy Bath Powder
Luffa Bath Sponge 
Hydrating Cream
Hydrating and repairing NAIL oil
Eye serum
#soap#herbalsoap#botanicalsoap#hydratingcream#beauty #skincare#fizzypowder#eyeserum #simple #nailoil#صابون_دستساز #كرمگياهي #كرمدستساز #staysafe #covid",02/14/2020,en,English,neutral
B8iVPSflCnc,"Coronavirus Top 10 Countries (# of confirmed cases COVID19)
Mainland China: 63,936
Other / Cruise ship etc.: 218
Singapore: 58
Hong Kong: 53
Thailand: 33
Japan: 28
South Korea: 28
Malaysia: 19
Taiwan: 18
Germany: 16
Vietnam: 16
Australia, USA: 15

Feb 14 - 05:58 GMT
#coronavirus888 #coronavirus #coronavirusupdates #coronavirusoutbreak #2019nCoV #COVID19 #SARSCoV2 #outbreak888",02/14/2020,en,English,neutral
B8iVihfFT1y,#coronavirus888 #coronavirus #coronavirusupdates #coronavirusoutbreak #2019nCoV #COVID19 #SARSCoV2 #outbreak888,02/14/2020,en,English,neutral
B8huQc-liak,"Coronavirus Update (COVID19)

Cases: 64,233 (China 63,233 Other 537)

Deaths: 1,488

Feb 14- 00:18 GMT

#coronavirus888 #coronavirus #coronavirusupdates #coronavirusoutbreak #outbreak888 #COVID19 #SARS2 #SARSCoV2",02/14/2020,en,English,neutral
B8jILkeBx9c,"China on Thursday reported 254 new deaths and a spike in virus cases of 15,152, after the hardest-hit province of Hubei applied a new classification systemthat broadens the scope of diagnoses for the outbreak. It's taken the total number of people affected across China to almost 60,000. 	Dr. Michael Ryan, executive director of the World Health Organization (WHO)'s Emergency Programme said that the increase was due to a change in the way Chinese authorities were counting new cases. China on Thursday reported an additional 15,152 extra cases – which could go back days or weeks. 	And in the UK, a woman who turned up at a hospital  has become the latest person in the UK confirmed to have the coronavirus._x000D_
#WHO#Coronavirus#coronavirusoutbreak#GENEVA#COVID19WHO#Coronavirus#CoronavirusUpdates#China#CoronavirusUK#WorldHealthOrganization#MichaelRyan#ChinaVirus#Wuhan#Coronavirus#NewsOfTheDay#ChinaVirus#WuhanCoronavirus#Wuhan#CoronavirusMalaysia#InfectiousDiseas#WuhanVirus#Wellness#NovelCoronaVirus#WuhanCoronaVirus#CoronaVirusUpdates#CoronaVirus#Flu",02/14/2020,en,English,negative
B8jZ-tmhEB8,"Surgical masks are in high demand in China!

Reports of factories stopping manufacturing of electronics to produce masks for public use in China .
.
.
.
.
#weibocorona #wechatcorona #coronavirus #coronavirusnews #coronavirusupdates",02/14/2020,en,English,negative
B8ioaskl5S7,"#CoronavirusOutbreak | Death toll in China's coronavirus epidemic has gone up to 1,483 with Hubei province, the epicentre of the outbreak, reporting 116 new fatalities, the country's health officials said
.
.
.
.
.
.
#coronaviruschina #coronavirus #coronavirusdeaths #coronavirusdeathtoll #coronavirusdeath #coronavirusdeathrate #coronavirus2020 #coronavirusnews #coronavirusupdate #coronavirusupdates #coronavirusepidemic #coronavirusepidemia #deathtoll #coronaviruscase #coronaviruscases #coronaviruses #coronavirusindia #coronavirusupdate #coronavirusawareness #coronavirusfrance #news #worldnews #health #instawithjagranenglish #jagranenglish #china #wuhancoronavirus #wuhanvirus #wuhanchina",02/14/2020,en,English,negative
B8iXUFqJ6kZ,"China reported 121 more deaths from the coronavirus outbreak, bringing to at least 1,488 the total number of deaths across the country. Nationwide, there are 5,090 new cases of infections pushing the total number to nearly 65,000.

#pakistan #china #coronavirus #covid19 #coronavirusoutbreak #chinese #wuhan #hubei #wuhanvirus #coronavirusupdates #coronavirusliveupdates #concepttvlive #concepttvnews #pakistanzindabad",02/14/2020,en,English,neutral
B8jXLmaFuoJ,"Production company of medical gowns in Hefei province has the machines running without break 24/7 to produce as many gowns as they possibly can.

中国加油(china jiayou)=China you can do it, keep fighting!
#ChinaJiayou #wuhancoronavirus #coronavirus #chinavirus #coronaviruschina #chinacoronavirus #wuhancoronaoutbreak #chinavirusnews #corona #coronavirusawareness #wuhan #wuhanvirus #武汉加油 #中国加油",02/14/2020,en,English,negative
B8jWnBUlL74,"Courier service SF disinfecting parcels that arrive in Zhejiang province. While it is said that it is unlikely packages can carry coVid-19 and infect people opening them, the courier does everything possible to keep the risk at a minimum.

中国加油(china jiayou)=China you can do it, keep fighting!
#ChinaJiayou #wuhancoronavirus #coronavirus #chinavirus #coronaviruschina #chinacoronavirus #wuhancoronaoutbreak #chinavirusnews #corona #coronavirusawareness #wuhan #wuhanvirus #武汉加油 #中国加油",02/14/2020,en,English,negative
B8jTKt0g00G,"This weekend is special because it not only is Valentine's weekend, but also President's Day Weekend. Where are you off to this weekend? Wherever you go, take the power of UV Care with you! Sterilize hand-held items, or even 12 slim baby bottles simultaneously with the UV Care Multipurpose Sterilizer Lite. More than that, it can also act as a storage unit, without being too heavy or bulky at only 5.5 lbs!⠀⁠
⁠
⁠Get yours at www.theuvcare.com. You can also find us on amazon by clicking on https://amzn.to/2GSua4j⁠
⁠
#UVCareusa #uvsterilizer #uvsanitizer #givethegiftofhealth #germaphobic #cleanfreak #travelclean #healthybaby #killthegerms #bigcitymoms #hinched #travelessentials #safetravels #fluvirusbegone #coronavirusawareness⁠
⠀",02/14/2020,en,English,positive
B8jXZ-XFLmJ,"As of February 12th, 1716 medical staff have so far contracted coVid-19, showing the extreme risk staff trying to fight the virus are facing. They make up 3.8% of total coVid-19 cases in China. Out of the 1716 infected, six have passed away, making the death rate among medical staff 0.4%. 中国加油(china jiayou)=China you can do it, keep fighting!
#ChinaJiayou #wuhancoronavirus #coronavirus #chinavirus #coronaviruschina #chinacoronavirus #wuhancoronaoutbreak #chinavirusnews #corona #coronavirusawareness #wuhan #wuhanvirus #武汉加油 #中国加油",02/14/2020,en,English,negative
B8iNx6BAe2W,#singapore #malaysia #hongkong #china #southkorea #beijing #seoul #wuhan #wuhanvirus #corona #coronavírus #coronavirus #health #fitness #workout #coronavirusoutbreak #virus #awareness #coronavirusawareness #medico #vaccination #tourism,02/14/2020,en,English,neutral
B8ijDgsgiVW,"Thank you for the significant contribution!

Will you make a difference?

Together we can do it!

#WeAreWithChinaAndYou #Makeadifference #coronavirus #coronavirusmemes #coronavirusoutbreak #coronaviruschina #coronaviruses #coronavírus #coronavirusmeme #coronavirusnews #coronavirus2020 #coronavirusfrance #coronaviruswuhan #coronavirusupdate #coronavirusawareness #coronavirusitalia #coronavirusdewuhan #coronavirusaustralia #corona #virus #wuhan #viruscorona #soscorona #support #donations #chinamatters #help #wuhan2020 #donateforchina #spreadtheword",02/14/2020,en,English,neutral
B8jH7MVD2fS,"Myth/Facts !!
.
.
#coronavirus #coronavirusoutbreak 
#coronaviruses #coronaviruschina 
#coronavírus #coronavirusfrance #coronavirus2020 #coronavirusnews #coronavirusbrasil #coronavirusindia #coronavirus #coronaviruswuhan #coronavirusupdate #coronavirusawareness #coronavirusoutbreak2020 #coronavirusaustralia #coronavirusinfection #coronavirusalert #coronavirusprevention #coronavirusprotection #coronavirusindonesia 
#cvc #coronaviruscare",02/14/2020,en,English,neutral
B8jghorAIsw,"These are people from my hometown, Dongtai city, donating blood despite the fact that chances for contracting virus is higher when you enter hospitals.
We are done with fears!
I love how hard times can make ordinary people extraordinary heroes because we care so much; and we become so much stronger, courageous when we all stand together!
#LoveNotFear
#wuhanvirus #coronavirusawareness #solidarity",02/14/2020,en,English,positive
B8jW_KZlcPX,"This 96 year old lady is so far the oldest patient who has been released from hospital after being infected with coVid-19. She and the medical staff at Zhejiang’s hospital fought hard to beat the virus.

中国加油(china jiayou)=China you can do it, keep fighting!
#ChinaJiayou #wuhancoronavirus #coronavirus #chinavirus #coronaviruschina #chinacoronavirus #wuhancoronaoutbreak #chinavirusnews #corona #coronavirusawareness #wuhan #wuhanvirus #武汉加油 #中国加油",02/14/2020,en,English,negative
B8hzAvXAKEK,"The UV Care Multipurpose Sterilizer Lite is not only travel-friendly, it can also fit any style or personality! Choose from its three colors: white, light blue, and pink. ⠀⁠
⁠
Get yours at www.theuvcare.com. You can also find us on amazon by clicking on https://amzn.to/2GSua4j⁠
⁠
#UVCareusa #uvsterilizer #uvsanitizer #givethegiftofhealth #germaphobic #cleanfreak #travelclean #healthybaby #killthegerms #bigcitymoms #hinched #travelessentials #safetravels #fluvirusbegone #coronavirusawareness⁠
⁠",02/14/2020,en,English,positive
B8jXJI_nMlj,"#newsworthy
Kerala Finance Minister Thomas Isaac said that central agencies have declared all three coronavirus patients to have fully recovered.
••
“Just as in the case of Nipah, Kerala has won the battle with coronavirus. All the three patients identified have been confirmed by central authorities to have fully recovered,” the Minister said in a tweet.
••
All the three patients are students who returned from Wuhan City in the Hubei Province of China, which is the epicentre of the coronavirus outbreak.
••
Minister Thomas Isaac also said in his tweet that no secondary spread of coronavirus was reported in the state. Congratulating the Health Department for its efforts, he said that the number of patients under quarantine at homes and observation in hospitals has also come down drastically.
••
As per the latest update, 1,062 people have been so far relieved from home quarantine. At present, 2,397 people are under surveillance in the state.  Of which 2,375 are under home quarantine and 22 under isolation in hospitals.
.
#newsworthywithab
#coronavirus #coronavirusoutbreak #coronaviruses #wuhanvirus #wuhancoronavirus #coronaviruschina #coronavirus2020 #coronavirusawareness #wuhanchina #wuhanvirus #wuhancoronavirus #wuhanpneumonia #wuhancity #coronavirusindia #keralacoronavirus",02/14/2020,en,English,negative
B8jMtUCnj0G,"#newsworthy
The first passengers – a group of 11 – began leaving a quarantined cruise ship off Japan's coast after testing negative for the coronavirus 🦠.
••
They are being moved to government-designated lodgings to finish their two-week isolation that started after a tourist from Hong Kong tested positive for the virus.
••
The move comes a day after the number of infections diagnosed on the ship rose to 218, including two Indians.
.
#newsworthywithab
#coronavirus #coronavirusoutbreak #coronaviruses #wuhanvirus #wuhancoronavirus #coronaviruschina #coronavirus2020 #coronavirusawareness #wuhanchina #wuhanvirus #wuhancoronavirus #wuhanpneumonia #wuhancity #coronavirusindia #hongkong #cruiseship #japan #japancoast",02/14/2020,en,English,negative
B8lz9OIlMiJ,#coronavirus888 #coronavirus #coronavirusupdates #coronavirusoutbreak #COVID19 #SARS2 #SARSCoV2 #outbreak888 #2019nCoV,02/15/2020,en,English,neutral
B8kwOb0llvR,#coronavirus888 #coronavirus #coronavirusupdates #coronavirusoutbreak #COVID19 #SARS2 #SARSCoV2 #outbreak888 #2019nCoV,02/15/2020,en,English,neutral
B8klzPenBIy,#coronaviruschina #wuhan #coronavirusoutbreak #coronaviruses #coronavirus #coronavirus2020 #coronavirusgermany #coronavírus #coronaviruscanada #Coronavirus news #coronavirusrussia #coronavirusthailand #coronavirustoronto #coronavirustoday #coronavirusupdates #coronavirusspain #coronavirusphilippines #coronavirustaiwan #coronavirususa #coronavirusfrance #coronavirussouthkorea #coronavirusmalaysia #wuhan #coronavirussouthkorea #coronavirusnews #coronavirusmalaysia #coronavirusvietnam #coronavirussingapore #coronavirustaiwan #coronavirusaustralia,02/15/2020,en,English,neutral
B8kd9jplmqW,"Coronavirus Update (COVID19)

Cases: 67,170 (China 66,576 Other 594)

Deaths: 1,527

Feb 15- 01:51 GMT

#coronavirus888 #coronavirus #coronavirusupdates #coronavirusoutbreak #outbreak888 #COVID19 #SARS2 #SARSCoV2",02/15/2020,en,English,neutral
B8kpWuKlHz0,#coronavirus888 #coronavirus #coronavirusupdates #coronavirusoutbreak #COVID19 #SARS2 #SARSCoV2 #outbreak888 #2019nCoV,02/15/2020,en,English,neutral
B8mbw2jA48u,"Sadhguru reminds us - ""When calamity comes our way, there are many ways to handle it, let's handle it gracefully."" ___
He also shared his view on discrimination against Chinese during this difficult time for China - ""Do not misunderstand that isolation as discrimination. Do not think you are being discriminated. It's not discrimination, it's isolation for everybody's safety. It may have to be done.""
___
Source: ishafoundation.org

#coronavirusawareness #LoveNotFear #solidarity #coronavirus",02/15/2020,en,English,negative
B8lttT8A155,"Taiwan bans foreign travelers from mainland China
🤧🤒😷👩‍⚕️👨‍⚕️👨‍🔬👩‍🔬🚑💉💊
.
.
Taiwan, which has reported 10 cases of the virus, said on Tuesday that it would deny entry to any foreigners travelling from China.
.
The government of the autonomous Chinese territory said in a statement on Tuesday that any foreigners who had been to China during the past 14 days would be denied entry starting next Friday.
.
.
.
#trending #health #coronavirus #china #coronavirusoutbreak #בריאות #바이러스 #viruscorona #aids #repost #ویروس #건강 #wuhancoronavirus #virus #candidiasis #med #flu #ویروس_کرونا #کرونا #健康 #ウイルス #вирус #Taiwan
#coronaviruschina #coronavirusawareness #coronavirusnews #coronavirusoutbreak2020",02/15/2020,en,English,negative
B8kXzI5IGsl,"The weekend's coming up and the weather update predicts friendly skies perfect for an out-of-town trip... but here you are, feeling a little bit under the weather. Don't let germs ruin the fun, and say goodbye to them for good! Grab your UV Care Multipurpose Sterilizer Lite and eliminate bacteria on your gadgets, makeup kit, jewelry, and all other items which you frequently hold and use. You'll be glad that you did. :)⁠
⁠
Get yours at www.theuvcare.com. You can also find us on amazon by clicking on https://amzn.to/2GSua4j⁠
⁠
#UVCareusa #uvsterilizer #uvsanitizer #givethegiftofhealth #germaphobic #cleanfreak #travelclean #healthybaby #killthegerms #bigcitymoms #hinched #travelessentials #safetravels #fluvirusbegone #coronavirusawareness",02/15/2020,en,English,positive
B8l9pfIltU5,"Medical staff work so hard and are overwhelmed with the income of new patients. Many of them work until they fall on the ground because they are so tired like this video shows.

中国加油(china jiayou)=China you can do it, keep fighting!
#ChinaJiayou #wuhancoronavirus #coronavirus #chinavirus #coronaviruschina #chinacoronavirus #wuhancoronaoutbreak #chinavirusnews #corona #coronavirusawareness #wuhan #wuhanvirus #武汉加油 #中国加油",02/15/2020,en,English,negative
B8lwi_ghJmH,"PUBLIC SERVICE MESSAGE FOR NOVEL CORONAVIRUS

As the rise of Novel Coronavirus (CoVid-2019) continues, it is imperative to take all necessary precautions to protect our families. WHO recommends hand washing with soap and water for atleast 20s regularly as being one of them. Because prevention is the only cure. This public service message is brought to you by @dettol.pakistan @hoga.saaf.pakistan and Ministry of Health Pakistan. 
#dettol #hogasaafpakistan #coronavirus #CoVid #WHO #ministryofhealthpakistan #wuhancoronavirus #CoronaVirusAwareness  #coronavirusoutbreak #publichealth #globalhealth #nhsrc",02/15/2020,en,English,positive
B8mNmOlAzyP,"The Young Iranian Sacrifice 👨‍⚕️🚑💉💊
.
.
An Iranian citizen stayed in Wuhan to volunteer for coffee and send in a volunteer medical team and did not return to Iran.
This young Sinai Karami from Izeh has lived in Wuhan, China for about 2 years.
.
.
.
#trending #health #coronavirus #china #Iran #coronavirusoutbreak #בריאות #바이러스 #viruscorona #aids #repost #ویروس #건강 #вирус #wuhancoronavirus #virus #candidiasis #med #flu 
#likes4like #follow4followback #健康 #ウイルス 
#coronaviruschina #coronavirusawareness #coronavirusnews #coronavirusoutbreak2020",02/15/2020,en,English,neutral
B8pBUbQA8Z5,"•
•
•
😷 #Quarantine #ncov2019 #fightvirus #coronavirus #CoronavirusOutbreak #toptags #covid19 #QuarantineLife #Quarantined #stayinside #socialdistancing #socialdistance #SelfQuarantine #QuarantineAndChill #stayingin #stayingathome #staytogether #staysafe #fighttogether #stayhome #QuarantineSurvival #staypositive #coronamemes #happyathome #care",02/16/2020,en,English,neutral
B8oiEqyFEUv,#coronavirus888 #coronavirus #coronavirusupdates #coronavirusoutbreak #COVID19 #SARSCoV2 #SARS2 #outbreak888 #2019nCoV,02/16/2020,en,English,neutral
B8no9tElHi8,"NO CORONAVIRUS IN CHICKEN SOLD IN KARNATAKA - - Bengaluru: Ruling out contamination of chicken or eggs sold or consumed in the state, the Karnataka government on Saturday clarified there was no coronavirus in poultry products. ""Public is warned against believing rumours or false messages posted in the social media that chicken sold or consumed in the state is affected by coronavirus. [ 240 more words ]

READ FULL ARTICLE HERE 👇
(Www.Quickclarity.News.Blog )
-------------------------------------------------------
STAY IN TOUCH FOR MORE UPDATES
-------------------------------------------------------
WEBSITE LINK IS IN THE BIO -- -------------------------------------------------------
- DONT FORGET TO LIKE SHARE COMMENT AND FOLLOW QUICKCLARITY NEWS
-------------------------------------------------------
- SUSCRIBE QUICKCLARITY NEWS TO GET LATEST NEWS UPDATES FULL ARTICLE AT FIRST VIA EMAIL NOTIFICATION
-------------------------------------------------------
#quickclaritynews #India #news #breakingnews #readnews #karnataka #bengaluru #nocoronavirus #coronavirus #in #chicken #soldin #inchickennocoronavirus #coronavirusupdates #contamination #liveupdates #livenews #topnews #worldwide #newsreport #onlinenews #newsarticle #article #freshnews #Quickclarity #wordpress #newsstand #newsupdates #newsclarity #newsnow -------------------------------------------------------
THANK YOU FOR READING
-------------------------------------------------------
👇👇👇👇👇👇👇👇👇👇👇👇👇
http://quickclarity.news.blog/2020/02/16/no-coronavirus-in-chicken-sold-in-karnataka/",02/16/2020,en,English,negative
B8naFzQlZcn,#coronavirus888 #coronavirus #coronavirusupdates #coronavirusoutbreak #COVID19 #SARS2 #SARSCoV2 #outbreak888 #2019nCoV,02/16/2020,en,English,neutral
B8ojBaTFc6V,#coronavirus888 #coronavirus #coronavirusupdates #coronavirusoutbreak #COVID19 #SARSCoV2 #SARS2 #outbreak888 #2019nCoV,02/16/2020,en,English,neutral
B8m7bcMl_oe,"Coronavirus Update (COVID19)

Cases: 69,090 
Deaths: 1,666

Feb 16- 00:43 GMT

#coronavirus888 #coronavirus #coronavirusupdates #coronavirusoutbreak #COVID19 #SARSCoV2 #outbreak888  #SARS2",02/16/2020,en,English,neutral
B8pReUDlpKB,China will start destroying cash collected in areas with high exposure to the coronavirus #coronavirus888 #coronavirus #coronavirusupdates #coronavirusoutbreak #COVID19 #SARSCoV2 #SARS2 #outbreak888 #2019nCoV,02/16/2020,en,English,negative
B8omLd1Jz8S,"VIDEO: China is Sending Trucks to Spray Bleach on Entire Cities in Struggle to Contain Coronavirus - https://bit.ly/39y8tTc

#China #Chinese #Bleach #Virus #Outbreak #Disease #CoronaVirus #CoronavirusUpdates #coronaviruschina #Wuhan #WuhanVirus #7UMMIT #Beijing #COVIDー19 #7ummitmagazine",02/16/2020,en,English,negative
B8osAu7pAK3,"#CoronavirusUpdates | All the 252 students who had come from China and were staying in the Indian Army facility in #Manesar (#Haryana) have tested negative in their latest tests for #Coronavirus.
#CoronavirusIndia #nCoV2019 #COVID2019",02/16/2020,en,English,negative
B8oQw7Opf8V,"#CoronavirusUpdates | The death toll from China's #coronavirus epidemic has climbed to 1,666 after 142 more people died, mostly in the worst-hit #Hubei Province, and the confirmed cases jumped to almost 70,000, officials said on Sunday.
#nCoV2019 #CoronarvirusOutbreak",02/16/2020,en,English,negative
B8ogb21potJ,"#CoronavirusUpdates |  An American passenger from a cruise ship docked in #Cambodia has tested positive for the new #coronavirus a second time in #KualaLumpur. #Cambodian authorities called on #Malaysia to review its test results.
#CoronavirusOutbreak #nCoV2019",02/16/2020,en,English,positive
B8ojSqmp_JR,"#CoronavirusUpdates |  7 #Maldivian nationals including a child at the #ITBP Chhawla facility may leave for their country tomorrow evening after completing screening of #Coronavirus: ITBP
#nCoV2019 #CoronavirusOutbreak",02/16/2020,en,English,negative
B8os84YAsiQ,"Average daily demand for hazmat suits form just province of Hubei is about 100,000; while domestic average daily production for hazmat suits within entire China is about 13,000. This is how we are constantly short of medical supplies. 
From Jan 24th till Feb 11th, a total of 87000000 pieces - (yes a whomping 87 billion!) medical supplies rushed into China to help combat Coronavirus.
These come from individuals, various kinds of organizations, governments outside of China who stood up and stood with us as one during this time.
If you want to help China combat Coronavirus, the best thing to do would be medical supply donations. 
____
Source: 36kr, 7.3 亿只口罩如何飘洋过海？｜战疫
____
#coronavirusawareness #coronavirus #solidarity #LoveNotFear",02/16/2020,en,English,negative
B8osyhdlgY0,"It is February 14th, Valentine’s Day. In order to keep spirits high medical staff at one of the mobile isolation centers in Wuhan for patients with mild symptoms of coVid-19 hand out flowers to all women there. Let’s hope they will all soon be reunited with their Valentine!

中国加油(china jiayou)=China you can do it, keep fighting!
#ChinaJiayou #wuhancoronavirus #coronavirus #chinavirus #coronaviruschina #chinacoronavirus #wuhancoronaoutbreak #chinavirusnews #corona #coronavirusawareness #wuhan #wuhanvirus #武汉加油 #中国加油",02/16/2020,en,English,positive
B8onC0mHFxg,"Name:-Awareness of coronavirus⁣
Date:- 13-2-2020⁣
Venue:- Malvani⁣
⁣
NSS Atharva spread awareness regarding the Corona Virus among the people in the locality of ACE.⁣
⁣
Volunteers had prepared posters depicting information about the causes of the virus, its effects and measures to prevent it.⁣
⁣
Passers-bys read the information and gave optimistic reviews about the same.⁣
⁣
People noticed the movement and appreciated it by clicking pics, videos and promising to spread the gathered information among maximum people possible.⁣
⁣
Jai Hind 🇮🇳⁣
⁣
⁣#nss #nssatharva #connectingnss #corona #coronavírus #coronavirusawareness #stayhygenic #healthylifestyle #bethechange",02/16/2020,en,English,positive
B8nuVJ8ndVH,"Thank you for the significant contribution!

Will you make a difference?

Together we can do it!

#WeAreWithChinaAndYou #Makeadifference #coronavirus #coronavirusmemes #coronavirusoutbreak #coronaviruschina #coronaviruses #coronavírus #coronavirusmeme #coronavirusnews #coronavirus2020 #coronavirusfrance #coronaviruswuhan #coronavirusupdate #coronavirusawareness #coronavirusitalia #coronavirusdewuhan #coronavirusaustralia #corona #virus #wuhan #viruscorona #soscorona #support #donations #chinamatters #help #wuhan2020 #donateforchina #spreadtheword",02/16/2020,en,English,neutral
B8ni24rFw4Y,"Follow us @2020_corona_virus
When you really wanna left quarantine 🤯🦠
.
#coronavirus #coronavirusoutbreak #virus #wuhan #wuhanvirus #coronaviruschina #wuhanchina #corona #coronovirus #chinavirus #wuhancoronavirus #outbreak #plagueinc #corona #coronaviruses #coronavirusfrance #coronavirus2020 #coronavirusbrasil #coronavirusnews #coronavirusecuador #coronaviruswuhan #coronavirusindia #coronavirusupdate  #coronavirusawareness #coronavirusdewuhan #coronavirusoutbreak2020 #coronavirusaustralia #coronavirus2019 #coronavirusu",02/16/2020,en,English,neutral
B8oqk2bC8yu,"It's easy to feel frantic when dangerous viruses seem to appear out of nowhere, but try not to panic about the coronavirus. 
Despite one Boston resident being tested positive for the virus, the risk to the public remains low. “Massachusetts Department of Public Health reiterated that the risk to its residents of contracting coronavirus is still low. The same holds true for Connecticut.” Stay informed; link in bio!

#P1UC #PhysicianOneUrgentCare #CoronavirusAwareness #HealthCare #UrgentCare",02/16/2020,en,English,negative
B8oNYogJXrd,"🦠 PUBLIC SERVICE MESSAGE FOR NOVEL CORONAVIRUS 🦠

As the rise of Novel Coronavirus (CoVid-2019) continues, it is imperative to take all necessary precautions to protect our families. WHO recommends hand washing with soap and water for atleast 20s regularly as being one of them. Because prevention is the only cure. This public service message is brought to you by @dettol.pakistan, @hoga.saaf.pakistan and Ministry of Health Pakistan. 
#Dettol #HogaSaafPakistan #Coronavirus #CoVid #WHO #MinistryofHealthPakistan #WuhanCoronaVirus #CoronaVirusAwareness  #CoronaVirusOutbreak #PublicHealth #GlobalHealth #nhsrc",02/16/2020,en,English,positive
B8psAXNFBBl,"Coronavirus Update (COVID19)

Cases: 71,329 (mainland China: 70,549 Other: 780

Deaths: 1,775

Feb 17- 02:33 GMT

#coronavirus888 #coronavirus #coronavirusupdates #coronavirusoutbreak #COVID19 #SARSCoV2 #outbreak888  #SARS2",02/17/2020,en,English,neutral
B8pvEKUFxYA,#coronavirus888 #coronavirus #coronavirusupdates #coronavirusoutbreak #COVID19 #SARSCoV2 #SARS2 #outbreak888 #2019nCoV,02/17/2020,en,English,neutral
B8qOSOTp8tt,"The death toll from China's new coronavirus epidemic jumped to 1,770 after 105 more people died, and more than 70,500 have now been infected nationwide by the virus, the National Health Commission said Monday.

#pakistan #china #coronavirus #coronavirusoutbreak #concepttvlive #coronavirusupdates #chinese #virus #who #covid19 #COVID_19 #concepttvnews #pakistanzindabad",02/17/2020,en,English,negative
B8qKF_IpxIt,"What's coronavirus? How does it spread and how can you prevent it?

Get all the answers related to coronavirus by watching this video.

#IndiabullsFoundation #Health #coronavirus #coronavirusoutbreak #coronavirus2020 #coronavirusupdate #awareness #coronavirusawareness #coronavirusalert #coronavirusprevention #coronavirusupdates #coronavirusprotection #coronaviruscure #precautions",02/17/2020,en,English,neutral
B8pwkIHlCKf,#coronavirus888 #coronavirus #coronavirusupdates #coronavirusoutbreak #COVID19 #SARSCoV2 #SARS2 #outbreak888 #2019nCoV,02/17/2020,en,English,neutral
B8q27aOpMp1,"#CoronavirusUpdates | #Chinese wrestlers will not compete in the #AsianChampionships beginning in #Delhi on Tuesday as they have not been granted visas by the government due to the #CoronavirusOutbreak, a national federation official said today.
#COVID19 #nCoV #Coronavirus",02/17/2020,en,English,positive
B8qk6Mqp54V,"#CoronavirusUpdates | Outside #China, the biggest cluster of #coronavirus infections is aboard the #DiamondPrincess cruise ship off #Japan's #Yokohama, where an additional 99 cases were revealed on Monday, bringing the total to 454 diagnosed: AFP news agency.
#NCOV19 #nCoV",02/17/2020,en,English,neutral
B8qMj-TlLbC,"#CoronavirusOutbreak | Death toll in China due to coronavirus has risen to 1,770 while the number of confirmed cases had reached 70,550
.
.
.
.
#news #india #china #world #worldnews #chinavirus #deathtoll #coronavirus #coronavirusoutbreak #coronavirusepidemic #chinacoronavirus #coronaviruschina #coronaviruschina2020 #wuhan #chinawuhan #coronaviruswuhan #coronaviruscases #coronavirusdeaths #coronavirusdeathtoll #coronavirusdeaths #coronavirusnews #coronavirusupdates #health #coronavirusindia #coronavirusindia #coronavirusconfirmedcases #japan #jagranenglish #instawithjagranenglish",02/17/2020,en,English,negative
B8qRcaclcKi,"We greatly appreciate your contribution!

If you'd be willing to donate, you can have access to PayPal payment service via the link below: www.paypal.me/worldchillialliance

The collected fund will be used to purchase medical supplies to be shipped directly to China!

Will you make a difference?

#WeAreWithChinaAndYou #Makeadifference #coronavirus #coronavirusmemes #coronavirusoutbreak #coronaviruschina #coronaviruses #coronavírus #coronavirusmeme #coronavirusnews #coronavirus2020 #coronavirusfrance #coronaviruswuhan #coronavirusupdate #coronavirusawareness #coronavirusitalia #coronavirusdewuhan #coronavirusaustralia #corona #virus #wuhan #viruscorona #soscorona #support #donations #chinamatters #help #wuhan2020 #donateforchina #spreadtheword",02/17/2020,en,English,neutral
B8rWmA3gToe,"When everybody, if anyone on the street, was wearing dull white masks instead of dazzling new clothes; when all the cities were turned into ghost towns; when fears swept across the entire country keeping loved ones at a distance at all times.
This was the grimmest Chinese New Year in our memory - empty street of Dongtai city, Jan 26th 2020.
It's been over 3 weeks since the outbreak, Coronavirus is still challenging all of us to the best of our capabilities to manage fears. We are still praying everyday that things will get better. And we know it will!
__
Original photo
__
#coronavirusawareness #LoveNotFear #coronavirus",02/17/2020,en,English,negative
B8rHhchlmcV,"February 15th, 2020. It snowed in Wuhan. The first patrol group of Wuhan’s armed police does their shift at Huoshenshan Hospital in the cold as usual.

中国加油(china jiayou)=China you can do it, keep fighting!
#ChinaJiayou #wuhancoronavirus #coronavirus #chinavirus #coronaviruschina #chinacoronavirus #wuhancoronaoutbreak #chinavirusnews #corona #coronavirusawareness #wuhan #wuhanvirus #武汉加油 #中国加油",02/17/2020,en,English,negative
B8rIvbGFGMy,"Spotted in Hubei province, medical staff rushing a patient with serious symptoms of coVid-19 to the hospital’s ICU. Although running increases the risk of staff being contaminated due to their protective gown moving more freely, they do everything in their power to get the patient to the ICU as fast as possible.

中国加油(china jiayou)=China you can do it, keep fighting!
#ChinaJiayou #wuhancoronavirus #coronavirus #chinavirus #coronaviruschina #chinacoronavirus #wuhancoronaoutbreak #chinavirusnews #corona #coronavirusawareness #wuhan #wuhanvirus #武汉加油 #中国加油",02/17/2020,en,English,negative
B8rKiFxhel_,"PUBLIC SERVICE MESSAGE FOR NOVEL CORONAVIRUS 
As the rise of Novel Coronavirus (CoVid-2019) continues, it is imperative to take all necessary precautions to protect our families. WHO recommends hand washing with soap and water for atleast 20s regularly as being one of them. Because prevention is the only cure. This public service message is brought to you by @dettol.pakistan, @hoga.saaf.pakistan and Ministry of Health Pakistan 
#Dettol #HogaSaafPakistan #Coronavirus #CoVid #WHO #MinistryofHealthPakistan #WuhanCoronaVirus #CoronaVirusAwareness  #CoronaVirusOutbreak #PublicHealth #GlobalHealth #nhsrc #FahadMustafa @mustafafahad26",02/17/2020,en,English,positive
B8rEzJChKXD,"CORONA virus is one of the main global concerns right now because of it's extremely destructive magnitude. But on the positive note, it has been discovered that we can prevent ourselves from getting infected, as indicated on the picture. One of the safety measures is keeping your hands clean by the usage of soap and water or alcohol-based hand sanitizer,  like the one from Glam and Glory. You can get yours in major supermarkets nationwide and also leading pharmacies in your area. 
#preventionisbetterandcheap #coronaVirusawareness #hygienic #stayhealth #glamandglory #lifeon",02/17/2020,en,English,positive
B8rC54vFNl9,#coronavirusawareness ..... we're prepared for anything 😊 ✈,02/17/2020,en,English,positive
B8qnHL1BnYD,"#FahadMustafa wearing Snug's tailormade kurta trouser with striped waistcoat in his recent message on #CoronaVirus

#Dettol #HogaSaafPakistan #Coronavirus #CoVid #WHO #MinistryofHealthPakistan #WuhanCoronaVirus #CoronaVirusAwareness  #CoronaVirusOutbreak #PublicHealth #GlobalHealth #nhsrc",02/17/2020,en,English,neutral
B8rKnrqBthG,"PUBLIC SERVICE MESSAGE FOR NOVEL CORONAVIRUS 
As the rise of Novel Coronavirus (CoVid-2019) continues, it is imperative to take all necessary precautions to protect our families. WHO recommends hand washing with soap and water for atleast 20s regularly as being one of them. Because prevention is the only cure. This public service message is brought to you by @dettol.pakistan, @hoga.saaf.pakistan and Ministry of Health Pakistan 
#Dettol #HogaSaafPakistan #Coronavirus #CoVid #WHO #MinistryofHealthPakistan #WuhanCoronaVirus #CoronaVirusAwareness  #CoronaVirusOutbreak #PublicHealth #GlobalHealth #nhsrc #FahadMustafa @mustafafahad26",02/17/2020,en,English,positive
B8rKlEHBC99,"PUBLIC SERVICE MESSAGE FOR NOVEL CORONAVIRUS 
As the rise of Novel Coronavirus (CoVid-2019) continues, it is imperative to take all necessary precautions to protect our families. WHO recommends hand washing with soap and water for atleast 20s regularly as being one of them. Because prevention is the only cure. This public service message is brought to you by @dettol.pakistan, @hoga.saaf.pakistan and Ministry of Health Pakistan 
#Dettol #HogaSaafPakistan #Coronavirus #CoVid #WHO #MinistryofHealthPakistan #WuhanCoronaVirus #CoronaVirusAwareness  #CoronaVirusOutbreak #PublicHealth #GlobalHealth #nhsrc #FahadMustafa @mustafafahad26",02/17/2020,en,English,positive
B8qmdonJoWa,"Kindly pay attention to this video. Personal hygiene is 🔑 -
#coronavirusprevention #covid19prevention #covid19 #covid19awareness #coronavirusawareness #washyourhands #donttouchyourface #familychildassociates",02/17/2020,en,English,positive
B8rAy1dHfeQ,"#newsworthy
Coronavirus latest toll ▶️ 71,444
Confirmed cases ▶️ 1776
Deaths ▶️ 11,420
Recovered ▶️ 29 countries
••
➡️ Swipe to see the outbreak's impact on world economies.
••
#newsworthywithab
#coronavirus #coronavirusoutbreak #coronaviruses #wuhanvirus #wuhancoronavirus #coronaviruschina #coronavirus2020 #coronavirusawareness #wuhanchina #wuhanvirus #wuhancoronavirus #wuhanpneumonia #wuhancity #coronavirusindia",02/17/2020,en,English,neutral
B8qzVrNnsSt,"📸 [High-definition color exposure of New Corona Virus]
What exactly does New Coronavirus look like?
The National Institute of Allergy and Infectious Diseases Rocky Mountain Laboratory (NIAID-RML) announced on the 13th local time that its Rocky Mountain Laboratory in Montana photographed the new coronavirus virus on a scanning and transmission electron microscope on the 11th (The image of SARS-CoV-2) clearly shows the spinous process proteins that the new coronavirus uses to invade host cells.
••
Posted • @novel_coronavirus_news
••
#newsworthywithab
#newsworthy #coronavirus #coronavirusoutbreak #coronaviruses #wuhanvirus #wuhancoronavirus #coronaviruschina #coronavirus2020 #coronavirusawareness #wuhanchina #wuhanvirus #wuhancoronavirus #wuhanpneumonia #wuhancity #coronavirusindia",02/17/2020,en,English,neutral
B8sgI8jnFY1,New updates Feb.17.20 #wuhanchina #coronaviruschina #wuhan #coronavirusoutbreak #coronaviruses #coronavirus #coronavirus2020 #coronavirusgermany #coronavírus #coronaviruscanada #Coronavirus news #coronavirusrussia #coronavirusthailand #coronavirustoronto #coronavirustoday #coronavirusupdates #coronavirusspain #coronavirusphilippines #coronavirustaiwan #coronavirususa #coronavirusfrance #coronavirussouthkorea #coronavirusmalaysia #wuhan #coronavirussouthkorea #coronavirusnews #coronavirusmalaysia #coronavirusvietnam #coronavirussingapore #coronavirustaiwan #coronavirusaustralia,02/18/2020,en,English,neutral
B8s43Y-JIUT,"The death toll from China's coronavirus epidemic climbed to 1,868 on Tuesday as 98 more people died while the total number of confirmed cases jumped to 72,436, officials said.

#pakistan #china #coronavirus #covid19 #COVID_19 #coronavirusoutbreak #virus #wuhan #chinese #coronavirusupdates #wuhanvirus #concepttvlive #conceptttvnews #pakistanzindabad",02/18/2020,en,English,negative
B8s34wYpprG,"#Artificialintelligence  predicted the coronavirus disease (COVID-19) would spread to Taiwan, Thailand, Japan, and South Korea. The AI issued #warnings a whole nine days before the #WHO and six days before the Centers for Disease Control and Prevention (CDC) in the US.

PIE said: “Algorithms using artificial intelligence #solutions identified the onset of the #coronavirus epidemic a few days earlier than reported in the official information from international organizations such as the WHO or the CDC"".
.
 BlueDot’s AI predicted the spread of coronavirus by #analyzing airline data, international news stories and reports of coronavirus animal infections.

#techrefic #wearetechrefic
#coronavirusupdates #news #technews #websolutions #softwaredevelopment ( #swipeleft )

CREDITS - @dailyexpress",02/18/2020,en,English,positive
B8sCmbklKQR,"Coronavirus Update (COVID19)

Cases: 73,268 (mainland China: 72,372 Other: 896

Deaths: 1,869

Feb 18- 00:27 GMT

#coronavirus888 #coronavirus #coronavirusupdates #coronavirusoutbreak #COVID19 #SARSCoV2 #outbreak888  #SARS2",02/18/2020,en,English,neutral
B8sv19AFuPL,"TN MAN WHO RETURNED FROM CHINA DIES: CORONAVIRUS SUSPECTED - - Chennai, Feb 18: A 42 year old man from Tamil Nadu who returned from China died at a private hospital. Reports said that he died of suspected coronavirus at a private hospital. The deceased hauled from Kothaimangalam village. Sakthikumar who ran a small hotel in China, recently returned home due to jaundice and underwent treatment at his village. [ 139 more words ]

READ FULL ARTICLE HERE 👇
(Www.Quickclarity.News.Blog )
-------------------------------------------------------
STAY IN TOUCH FOR MORE UPDATES
-------------------------------------------------------
WEBSITE LINK IS IN THE BIO -- -------------------------------------------------------
- DONT FORGET TO LIKE SHARE COMMENT AND FOLLOW QUICKCLARITY NEWS
-------------------------------------------------------
- SUSCRIBE QUICKCLARITY NEWS TO GET LATEST NEWS UPDATES FULL ARTICLE AT FIRST VIA EMAIL NOTIFICATION
-------------------------------------------------------
#quickclaritynews #India #news #breakingnews #readnews #tamilnadu #tnman #whoreturned #from #china #dies #coronavirus #suspected #coronavirusupdates #returnedfromchina #liveupdates #livenews #topnews #worldwide #newsreport #onlinenews #newsarticle #article #freshnews #Quickclarity #wordpress #newsstand #newsupdates #newsclarity #newsnow -------------------------------------------------------
THANK YOU FOR READING
-------------------------------------------------------
👇👇👇👇👇👇👇👇👇👇👇👇👇
http://quickclarity.news.blog/2020/02/18/tn-man-who-returned-from-china-dies-coronavirus-suspected/",02/18/2020,en,English,negative
B8sDt-slD9k,#coronavirus888 #coronavirus #coronavirusupdates #coronavirusoutbreak #COVID19 #SARSCoV2 #SARS2 #outbreak888 #2019nCoV,02/18/2020,en,English,neutral
B8tnSXjla9t,"CORONAVIRUS: NAGALAND WOMAN DISCRIMINATED IN MUMBAI; CM TAKES NOTE - - Dimapur: The Nagaland government has expressed serious concern over the alleged racial discrimination of a Naga woman at a Chembur housing society in Mumbai on February 10, suspecting her to be a Chinese national amid the global coronavirus scare. Announcing that the state chief minister has taken up the matter at the highest level, Dr Nyan, deputy director and PRO of Integrated Disease Surveillance Programmme, while addressing media persons in Dimapur on Tuesday, said, ""The matter has been taken up by the state chief minister himself. [ 400 more words ]

READ FULL ARTICLE HERE 👇
(Www.Quickclarity.News.Blog )
-------------------------------------------------------
STAY IN TOUCH FOR MORE UPDATES
-------------------------------------------------------
WEBSITE LINK IS IN THE BIO -- -------------------------------------------------------
- DONT FORGET TO LIKE SHARE COMMENT AND FOLLOW QUICKCLARITY NEWS
-------------------------------------------------------
- SUSCRIBE QUICKCLARITY NEWS TO GET LATEST NEWS UPDATES FULL ARTICLE AT FIRST VIA EMAIL NOTIFICATION
-------------------------------------------------------
#quickclaritynews #India #news #breakingnews #readnews #coronavirus #nagaland #women #discriminated #inmumbai #cm #takesnote #nagalandwomen #coronavirusupdates #trendingnews #liveupdates #livenews #topnews #worldwide #newsreport #onlinenews #newsarticle #article #freshnews #Quickclarity #wordpress #newsstand #newsupdates #newsclarity #newsnow -------------------------------------------------------
THANK YOU FOR READING
-------------------------------------------------------
👇👇👇👇👇👇👇👇👇👇👇👇👇
http://quickclarity.news.blog/2020/02/18/coronavirus-nagaland-woman-discriminated-in-mumbai-cm-takes-note/",02/18/2020,en,English,negative
B8tn4m3FMNa,#coronavirus888 #coronavirus #coronavirusupdates #coronavirusoutbreak #COVID19 #SARSCoV2 #SARS2 #outbreak888 #2019nCoV,02/18/2020,en,English,neutral
B8tDkeVJrgL,"#CoronavirusUpdates | 88 more people test positive for coronavirus on #DiamondPrincess cruise ship off #Japan, taking total to 542.
#Coronavirus #COVID19 #nCoV2020",02/18/2020,en,English,positive
B8tEVxBJ9pp,"#CoronavirusUpdates | Data from the Chinese Centre for Disease Control and Prevention (#CCDC) found that more than 80% of the cases have been mild, with the sick and elderly most at risk. It comes as a hospital director in #Wuhan died from the #Coronavirus on Tuesday.
#COVID19",02/18/2020,en,English,negative
B8tgYyClaWy,"#CoronavirusOutbreak | Death toll in China mounts to 1,873, WHO warns of 'blanket measures' against COVID-19 virus
.
.
The Health Commission also added that the country has increased its efforts to shore up weak spots as the epidemic prevention and control have entered the most crucial stage
.
.
.
Nine temporary hospitals with more than 6,960 beds have opened in Hubei
.
.
.
.
.
#coronaviruschina #coronavirus #coronavirusdeaths #coronavirusdeathtoll #coronavirusdeath #coronavirusdeathrate #coronavirus2020 #coronavirusnews #coronavirusupdate #coronavirusupdates #coronavirusepidemic #coronavirusepidemia #deathtoll #coronaviruscase #coronaviruscases #coronaviruses #coronavirusindia #coronavirusupdate #coronavirusawareness #coronavirusfrance #news #worldnews  #instawithjagranenglish #jagranenglish #china #wuhancoronavirus #wuhanvirus #hubei #hubeiprovince",02/18/2020,en,English,negative
B8ud7QHlgbu,"Thank you for supporting, @springfieldschool_raffleshills #awareness #schoolawareness #coronavirusawareness 17 Feb 2020",02/18/2020,en,English,positive
B8ubaR0J1lD,"credit: @coronavirus_online24... .
#coronavirus #coronavirusoutbreak #virus #wuhan #wuhanvirus #coronaviruschina #wuhanchina #corona #coronovirus #chinavirus #wuhancoronavirus #outbreak #plagueinc #corona #coronaviruses #coronavirusfrance #coronavirus2020 #coronavirusbrasil #coronavirusnews #coronavirusecuador #coronaviruswuhan #coronavirusindia #coronavirusupdate  #coronavirusawareness #coronavirusdewuhan #coronavirusoutbreak2020 #coronavirusaustralia #coronavirus2019 #coronavirusu",02/18/2020,en,English,positive
B8sy_U1naoz,"At Good Health Promotion this is  how can we  help our clients friends and family in the face of the Corona flu virus.... Prevention 
1- avoid congestion
2- do not go to crowded places
3- wear a face mask if necessary 
4- use hand sanitizers regularly
5- take vitamin C twice a day.eg  Supplement with Minerals or Boots Vit and Minerals and eating foods rich in Vit C eg oranges and amla - during this period  seek what's  going to help  you  boost your  immune system (further examples are Zinc and Vitamin D maintenance dose if you  have  concerns  speak to you  Health or Medical  practitioner). 6- eating immunity strenghtening foods such as honey, green vegetables, yogurt and bio drinks like Yukult
7- drink hot drinks
8- increase internal immunity by meditating (the act of meditation may vary from  person to  person) and theraputic yoga exercises (breathing and physical exercises)

Watch out for Flu-like symptoms:  1-cough
 2-sore throat
 3-tremor
 4-runny nose
 5-headache
 6-general fatigue ▫️
-
-
Please kindly share to spread the words.

TIPS - USE A HAND SANITIZER AND AVOID  TOUCHING YOUR MOUTH AND EYES WITH UNCLEAN HANDS. ‼PLEASE  NOTE WATER  AND  SOAP IS ALWAYS THE BEST PREFERRED  OPTION. WHERE THAT IS IMPOSSIBLE  POSSIBLE USE  THE  HAND SANITIZER.
-
-
- 
#goodhealthpromotion #coronavirus #worldhealthorganisation #who #covid19
#healthpromotion #healthinfluencer #Coronavirusawareness  #wellnessinfluencer #coronavirusaware #health #wellness #wellbeing #fitnessadvocate ##healthyliving  #Healthtips #healthpromotionuk",02/18/2020,en,English,positive
B8tmXXfn-cd,"Almost all babies are messy eaters, and it's nearly impossible to keep up with the crumbs of food. Thankfully, you can take the UV Care Super Power UV Vacuum wherever you bring the stroller. It's cordless, lightweight, and handy--- a perfect vacuum that could suck and sterilize every crevice of your baby buggies.⠀⁠
⁠
Get yours at www.theuvcare.com. You can also find us on amazon by clicking on https://amzn.to/2GSua4j⁠
⁠
#UVCareusa #uvsterilizer #uvsanitizer #givethegiftofhealth #germaphobic #cleanfreak #travelclean #healthybaby #killthegerms #bigcitymoms #hinched #travelessentials #safetravels #fluvirusbegone #coronavirusawareness",02/18/2020,en,English,positive
B8thFpcBCFC,"follow @the.datum
.
.
.
#coronavirus #coronavirusoutbreak #coronavirusmeme #coronavirusmemes #coronaviruschina #coronaviruses #coronavirusindia #coronavirusawareness #coronavirusnews #coronavirusupdate #coronavirusfrance #coronaviruschino #coronavirüsü #coronavirus2020 #coronaviruswuhan #coronavírus #coronavirüs #coronavirusoutbreak2020 #coronavirusbrasil #coronavirusprevention",02/18/2020,en,English,neutral
B8szW0JF6w1,"PUBLIC SERVICE MESSAGE FOR NOBLE CORONAVIRUS 
As the rise of Novel Coronavirus (CoVid-2019) continues, it is imperative to take all necessary precautions to protect our families.WHO recommends hand washing with soap and water for atleast 20s regularly as being one of them .Because prevention is the only cure .This public service message is brought to you by @dettol.pakistan ,@hoga.saaf.pakistan ,@mustafafahad26 and Ministry of Health Pakistan .
#Dettol #HogaSaafPakistan #coronavirus #MinistryofHealthPakistan #WuhanCoronaVirus #CoronaVirusAwareness #GlobalHealth #nhsrc",02/18/2020,en,English,positive
B8ts5wdltLd,"Thank you to all the people who fight for Wuhan. Besides the medical staff that works relentlessly, it includes people who work in the background, such as police, security staff, street cleaning personnel, courier services, and many more.

中国加油(china jiayou)=China you can do it, keep fighting!
#ChinaJiayou #wuhancoronavirus #coronavirus #chinavirus #coronaviruschina #chinacoronavirus #wuhancoronaoutbreak #chinavirusnews #corona #coronavirusawareness #wuhan #wuhanvirus #武汉加油 #中国加油",02/18/2020,en,English,negative
B8s2O2LH48F,"Thank you for your support and contribution!

Will you make a difference?

#WeAreWithChinaAndYou #Makeadifference #coronavirus #coronavirusmemes #coronavirusoutbreak #coronaviruschina #coronaviruses #coronavírus #coronavirusmeme #coronavirusnews #coronavirus2020 #coronavirusfrance #coronaviruswuhan #coronavirusupdate #coronavirusawareness #coronavirusitalia #coronavirusdewuhan #coronavirusaustralia #corona #virus #wuhan #viruscorona #soscorona #support #donations #chinamatters #help #wuhan2020 #donateforchina #spreadtheword",02/18/2020,en,English,positive
B8tsuEaFJdw,"This truck is yet a new vehicle spotted in Wuhan’s streets. It provides free meals to medical staff fighting coVid-19 day and night. All you have to do is scan the QR code and the meal is being prepared instantly without any staff involved. While that might raise flags about how machines will be replacing human labor, in a highly contaminated environment like Wuhan’s hospitals, it is extremely convenient not to get any additional personal adding the risk of contamination.

中国加油(china jiayou)=China you can do it, keep fighting!
#ChinaJiayou #wuhancoronavirus #coronavirus #chinavirus #coronaviruschina #chinacoronavirus #wuhancoronaoutbreak #chinavirusnews #corona #coronavirusawareness #wuhan #wuhanvirus #武汉加油 #中国加油",02/18/2020,en,English,negative
B8t8oVin8SC,"As the rise of Novel Coronavirus (CoVid-2019) continues, it is imperative to take all necessary precautions to protect our families. WHO recommends hand washing with soap and water for atleast 20s regularly as being one of them. Because prevention is the only cure.

Come visit Abrar diagnostic Centre and surgery hospital for Best Diagnostics Services ...
For further details visit us:
www.abrardiagnostics.com.pk
.
.
.
.
.
#DiagnosticCentre #Surgery #Hospital #Islamabad #UltraSound #Healthiswealth #ADC #Clinic #Consultation #LoveLife #Rawalpindi #MRI #CTScan#Coronavirus #CoVid #WHO  #WuhanCoronaVirus #CoronaVirusAwareness #CoronaVirusOutbreak  #GlobalHealth",02/18/2020,en,English,positive
B8tgUWBHpfW,"At Good Health Promotion this is  how can we  help our clients friends and family in the face of the Corona flu virus.... Prevention 
1- avoid congestion
2- do not go to crowded places
3- wear a face mask if necessary 
4- use hand sanitizers regularly
5- take vitamin C twice a day.eg  Supplement with Minerals or Boots Vit and Minerals and eating foods rich in Vit C eg oranges and amla - during this period  seek what's  going to help  you  boost your  immune system (further examples are Zinc and Vitamin D maintenance dose if you  have  concerns  speak to you  Health or Medical  practitioner). 6- eating immunity strenghtening foods such as honey, green vegetables, yogurt and bio drinks like Yukult
7- drink hot drinks
8- increase internal immunity by meditating (the act of meditation may vary from  person to  person) and theraputic yoga exercises (breathing and physical exercises)

Watch out for Flu-like symptoms:  1-cough
 2-sore throat
 3-tremor
 4-runny nose
 5-headache
 6-general fatigue ▫️
-
-
Please kindly share to spread the words.

TIPS - USE A HAND SANITIZER AND AVOID  TOUCHING YOUR MOUTH AND EYES WITH UNCLEAN HANDS. ‼PLEASE  NOTE WATER  AND  SOAP IS ALWAYS THE BEST PREFERRED  OPTION. WHERE THAT IS IMPOSSIBLE  POSSIBLE USE  THE  HAND SANITIZER.
-
-
- 
#goodhealthpromotion #coronavirus #worldhealthorganisation #who #covid19
#healthpromotion #healthinfluencer #Coronavirusawareness  #wellnessinfluencer #coronavirusaware #health #wellness #wellbeing #fitnessadvocate ##healthyliving  #Healthtips #healthpromotionuk",02/18/2020,en,English,positive
B8wEQAICdpc,"Researchers at RML (The Rocky Mountain Laboratories) imaged samples of the virus and cells taken from a U.S. patient infected with COVID-19 using two different kinds of high-resolution microscopes — the scanning electron microscope and the transmission electron microscope.

To read more about it, click on the link in bio.

#WednesdayWords #CoronaVirus #CoronaVirusOutbreak #CoronaVirusNews #CoronaVirusUpdates #COVID #TodayInNews #LatestNews #NewsUpdates #Newsfeed #PlexusMD",02/19/2020,en,English,negative
B8u_e92Fl4y,#coronavirus888 #coronavirus #coronavirusupdates #coronavirusoutbreak #COVID19 #SARSCoV2 #outbreak888  #SARS2,02/19/2020,en,English,neutral
B8u_Ph5l-BC,"Coronavirus Update (COVID19)

Cases: 75,199 (mainland China: 74,186 Other: 1,013

Deaths: 2,010

Feb 19- 03:52 GMT

#coronavirus888 #coronavirus #coronavirusupdates #coronavirusoutbreak #COVID19 #SARSCoV2 #outbreak888  #SARS2",02/19/2020,en,English,neutral
B8vHiC1FNfX,"Coronavirus Top 10 Countries (# of confirmed cases COVID19)
Mainland China: 74,186
Other / Cruise ship etc.: 542
Singapore: 81
Japan: 74
Hong Kong: 62
Thailand: 35
USA: 15
USA: 29
Malaysia: 22
Taiwan: 22
Germany: 16
Vietnam: 16

Feb 19 - 04:34 GMT
#coronavirus888 #coronavirus #coronavirusupdates #coronavirusoutbreak #2019nCoV #COVID19 #SARSCoV2 #outbreak888",02/19/2020,en,English,neutral
B8uv67Qp6f3,"#COVID19 | Death toll from Novel #CoronaVirus epidemic jumps to 2,000 in #China

#CoronavirusOutbreak #CoronavirusChina #ChinaVirus #CoronaOutbreak #CoronavirusUpdates",02/19/2020,en,English,negative
B8usVHcpseJ,"Chinese hospitals discharge 14,376 recovered patients of #coronavirus infection. 
#coronaviruschina #CoronavirusOutbreak #Coronovirus #CoronaOutbreak #China #ChinaWuHan #CoronavirusUpdates",02/19/2020,en,English,neutral
B8uoaFAnquh,"#Coronavirus UPDATE:
WORLDWIDE CASES =75,132
SUSPECTED CASES =6,242
DEATHS =2,007
CRITICAL/SERIOUS CONDITION =12,017
RECOVERED =14,442
COUNTRIES REPORTING CASES =29
MOSTLY CASES IN #China 
5:00AM
#FastNews 
#News 
#coronaviruschina 
#COVID2019 
#Wuhan 
#CoronavirusUpdates 
#PK",02/19/2020,en,English,negative
B8uqVzLpui0,"#AndhraPradesh | 35 people from the state, who were discharged from a quarantine facility in #Delhi, after being evacuated from #Wuhan, #China, arrived at Visakhapatnam Airport yesterday. 
#COVID19 #coronavirus #coronaviruschina #CoronavirusUpdates #CoronavirusOutbreak #Corona",02/19/2020,en,English,neutral
B8wH6kbBmkQ,"#CoronavirusOutbreak | China death toll crosses 2,000-mark; 35 evacuated Indians discharged after testing negative
.
.
.
.
#china #coronaviruschina #coronaviruschina2020 #coronavíruschina #coronaviruschinawuhan #coronaviruschinaò #coronavirus #coronavirusdeaths #coronavirusdeathtoll #coronavirusdeath #coronavirusdeathrate #coronavirus2020 #coronavirusnews #coronavirusupdate #coronavirusupdates #coronavirusepidemic #coronavirusepidemia #deathtoll #coronaviruscase #coronaviruscases #coronaviruses #coronavirusawareness #news #worldnews #instawithjagranenglish #jagranenglish #wuhancoronavirus #wuhanvirus #hubeiprovince",02/19/2020,en,English,negative
B8vwSjOBpY4,"#Repost @coronavirus_online24 ・・・
What the hell are they doing? It’s police 🤯🇨🇳🦠
.
#coronavirus  #coronavirusoutbreak #virus #wuhan #wuhanvirus #coronaviruschina #wuhanchina #corona #coronovirus #chinavirus #wuhancoronavirus #outbreak #plagueinc #corona #coronaviruses #coronavirusfrance #coronavirus2020 #coronavirusbrasil #coronavirusnews #coronavirusecuador #coronaviruswuhan #coronavirusindia #coronavirusupdate  #coronavirusawareness #coronavirusdewuhan #coronavirusoutbreak2020 #coronavirusaustralia #coronavirus2019 #coronavirusu",02/19/2020,en,English,neutral
B8wRy3Ug8MP,"Last update news about cronavirus:
🤧🤒😷👩‍⚕️👨‍⚕️👨‍🔬👩‍🔬🚑💉💊
Two patients died of coronavirus in Qom, Iran
.
.
The head of Qom University of Medical Sciences, said two patients who had tested positive for coronavirus had died.
.
.
Previous news in this regard over the past couple of hours was:
Preliminary tests on two suspected coronavirus cases in Iran have come back positive, a health ministry spokesman said on Wednesday. The cases were in the city of Qom and the patients have been put in isolation, he said.
.
🌐 Source: @imna.farsi @nytimes @usnews
.
.
.
#trending #health #coronavirus #伊朗 #qom #coronavirusoutbreak #בריאות #바이러스 #viruscorona #שיראז #repost #کرونا_در_ایران #건강 #Iran #Иран #virus #이란 #med #flu #ویروس_کرونا #کرونا #健康 #イラン #Irã #вирус #breakingnews #news #coronavirusawareness #coronavirusnews #coronavirusoutbreak2020",02/19/2020,en,English,negative
B8wbT7EIRbw,"By S.K.
Beyin gıdıklayan Corona Virüsü...
#coronavirus #coronavirusoutbreak #coronavirusmeme #coronavirusmemes #coronaviruschina #coronaviruses #coronavirusindia #coronavirusawareness #coronavirusnews #coronavirusupdate #coronavirusfrance #coronaviruschino #coronavirüsü #coronavirus2020 #coronaviruswuhan #coronavírus #coronavirüs #coronavirusoutbreak2020 #coronavirusbrasil #coronavirusprevention",02/19/2020,en,English,neutral
B8wHqZTB9iX,"This couple born in the 90s works in the same hospital but they hardly see one another. By coincidence they cross paths and try to hug each other, failing in the end due to all the protective equipment. Let’s hope they can be reunited again soon!

中国加油(china jiayou)=China you can do it, keep fighting!
#ChinaJiayou #wuhancoronavirus #coronavirus #chinavirus #coronaviruschina #chinacoronavirus #wuhancoronaoutbreak #chinavirusnews #corona #coronavirusawareness #wuhan #wuhanvirus #武汉加油 #中国加油",02/19/2020,en,English,positive
B8volyMBtTs,"We are very grateful to Hande Culture for its support!

You truly make a difference!

#WeAreWithChinaAndYou #Makeadifference #coronavirus #coronavirusmemes #coronavirusoutbreak #coronaviruschina #coronaviruses #coronavírus #coronavirusmeme #coronavirusnews #coronavirus2020 #coronavirusfrance #coronaviruswuhan #coronavirusupdate #coronavirusawareness #coronavirusitalia #coronavirusdewuhan #coronavirusaustralia #corona #virus #wuhan #viruscorona #soscorona #support #donations #chinamatters #help #wuhan2020 #donateforchina #spreadtheword",02/19/2020,en,English,positive
B8wFxUKnKCg,"🦠 PUBLIC SERVICE MESSAGE FOR NOVEL CORONAVIRUS 🦠

As the rise of Novel Coronavirus (CoVid-2019) continues, it is imperative to take all necessary precautions to protect our families. WHO recommends hand washing with soap and water for atleast 20s regularly as being one of them. Because prevention is the only cure. This public service message is brought to you by @dettol.pakistan, @hoga.saaf.pakistan and Ministry of Health Pakistan. 
#Dettol #HogaSaafPakistan #Coronavirus #CoVid #WHO #MinistryofHealthPakistan #WuhanCoronaVirus #CoronaVirusAwareness  #CoronaVirusOutbreak #PublicHealth #GlobalHealth",02/19/2020,en,English,positive
B8vnz4xHsnG,"PUBLIC SERVICE MESSAGE FOR NOVEL CORONAVIRUS 
As the rise of Novel Coronavirus (CoVid-2019) continues, it is imperative to take all necessary precautions to protect our families. WHO recommends hand washing with soap and water for atleast 20s regularly as being one of them. Because prevention is the only cure. This public service message is brought to you by @dettol.pakistan, @hoga.saaf.pakistan and Ministry of Health Pakistan. 
#Dettol #HogaSaafPakistan #Coronavirus #CoVid #WHO #MinistryofHealthPakistan #WuhanCoronaVirus #CoronaVirusAwareness  #CoronaVirusOutbreak #PublicHealth #GlobalHealth #FahadMustafa #alizeyshah #hiramani #lahore #Pakistan #Fuchiaology",02/19/2020,en,English,positive
B8wCPnjHiSz,"🦠 PUBLIC SERVICE MESSAGE FOR NOVEL CORONAVIRUS 🦠

As the rise of Novel Coronavirus (CoVid-2019) continues, it is imperative to take all necessary precautions to protect our families. WHO recommends hand washing with soap and water for atleast 20s regularly as being one of them. Because prevention is the only cure. This public service message is brought to you by @dettol.pakistan, @hoga.saaf.pakistan and Ministry of Health Pakistan. 
#Dettol #HogaSaafPakistan #Coronavirus #CoVid #WHO #MinistryofHealthPakistan #WuhanCoronaVirus #CoronaVirusAwareness  #CoronaVirusOutbreak #PublicHealth #GlobalHealth",02/19/2020,en,English,positive
B8wLnLshMNa,"🦠 PUBLIC SERVICE MESSAGE FOR NOVEL CORONAVIRUS 🦠

As the rise of Novel Coronavirus (CoVid-2019) continues, it is imperative to take all necessary precautions to protect our families. WHO recommends hand washing with soap and water for atleast 20s regularly as being one of them. Because prevention is the only cure. This public service message is brought to you by @dettol.pakistan, @hoga.saaf.pakistan and Ministry of Health Pakistan. 
#Dettol #HogaSaafPakistan #Coronavirus #CoVid #WHO #MinistryofHealthPakistan #WuhanCoronaVirus #CoronaVirusAwareness  #CoronaVirusOutbreak #PublicHealth #GlobalHealth",02/19/2020,en,English,positive
B8vvmDoFmyW,"🦠 PUBLIC SERVICE MESSAGE FOR NOVEL CORONAVIRUS 🦠

As the rise of Novel Coronavirus (CoVid-2019) continues, it is imperative to take all necessary precautions to protect our families. WHO recommends hand washing with soap and water for atleast 20s regularly as being one of them. Because prevention is the only cure. This public service message is brought to you by @dettol.pakistan, @hoga.saaf.pakistan and Ministry of Health Pakistan. 
#Dettol #HogaSaafPakistan #Coronavirus #CoVid #WHO #MinistryofHealthPakistan #WuhanCoronaVirus #CoronaVirusAwareness  #CoronaVirusOutbreak #PublicHealth #GlobalHealth",02/19/2020,en,English,positive
B8vqZqGhLly,"🦠 PUBLIC SERVICE MESSAGE FOR NOVEL CORONAVIRUS 🦠

As the rise of Novel Coronavirus (CoVid-2019) continues, it is imperative to take all necessary precautions to protect our families. WHO recommends hand washing with soap and water for atleast 20s regularly as being one of them. Because prevention is the only cure. This public service message is brought to you by @dettol.pakistan, @hoga.saaf.pakistan and Ministry of Health Pakistan. 
#Dettol #HogaSaafPakistan #Coronavirus #CoVid #WHO #MinistryofHealthPakistan #WuhanCoronaVirus #CoronaVirusAwareness  #CoronaVirusOutbreak #PublicHealth #GlobalHealth",02/19/2020,en,English,positive
B8vbCfVgmF7,"We are grateful to all of you for helping us to support and assist China's fight against the ongoing novel coronavirus!

To make a contribution click on the Link in Bio www.paypal.me/worldchillialliance or you can directly get in touch with us to recommend suppliers of medical equipment. 
Will you make a difference?

Together we can do it!

#WeAreWithChinaAndYou #Makeadifference #coronavirus #coronavirusmemes #coronavirusoutbreak #coronaviruschina #coronaviruses #coronavírus #coronavirusmeme #coronavirusnews #coronavirus2020 #coronavirusfrance #coronaviruswuhan #coronavirusupdate #coronavirusawareness #coronavirusitalia #covid #coronavirusaustralia #corona #virus #wuhan #viruscorona #soscorona #support #donations #chinamatters #help #wuhan2020 #donateforchina #spreadtheword",02/19/2020,en,English,positive
B8wGd69hchb,"This nurse is taking care of children who live in isolated hospital rooms after being diagnosed with coVid-19. Since children are scared of her wearing protective equipment she is painting cartoons on her gown. Let’s hope for all the kids being released from hospital soon!

中国加油(china jiayou)=China you can do it, keep fighting!
#ChinaJiayou #wuhancoronavirus #coronavirus #chinavirus #coronaviruschina #chinacoronavirus #wuhancoronaoutbreak #chinavirusnews #corona #coronavirusawareness #wuhan #wuhanvirus #武汉加油 #中国加油",02/19/2020,en,English,negative
B8vjHAwnAHJ,"🦠 PUBLIC SERVICE MESSAGE FOR NOVEL CORONAVIRUS 🦠

As the rise of Novel Coronavirus (CoVid-2019) continues, it is imperative to take all necessary precautions to protect our families. WHO recommends hand washing with soap and water for atleast 20s regularly as being one of them. Because prevention is the only cure. This public service message is brought to you by @dettol.pakistan, @hoga.saaf.pakistan and Ministry of Health Pakistan. 
#Dettol #HogaSaafPakistan #Coronavirus #CoVid #WHO #MinistryofHealthPakistan #WuhanCoronaVirus #CoronaVirusAwareness  #CoronaVirusOutbreak #PublicHealth #GlobalHealth",02/19/2020,en,English,positive
B8v0m14FoBM,"🦠 PUBLIC SERVICE MESSAGE FOR NOVEL CORONAVIRUS 🦠

As the rise of Novel Coronavirus (CoVid-2019) continues, it is imperative to take all necessary precautions to protect our families. WHO recommends hand washing with soap and water for atleast 20s regularly as being one of them. Because prevention is the only cure. This public service message is brought to you by @dettol.pakistan, @hoga.saaf.pakistan and Ministry of Health Pakistan. 
#Dettol #HogaSaafPakistan #Coronavirus #CoVid #WHO #MinistryofHealthPakistan #WuhanCoronaVirus #CoronaVirusAwareness  #CoronaVirusOutbreak #PublicHealth #GlobalHealth",02/19/2020,en,English,positive
B8vlBDcnKnZ,"🦠 PUBLIC SERVICE MESSAGE FOR NOVEL CORONAVIRUS 🦠

As the rise of Novel Coronavirus (CoVid-2019) continues, it is imperative to take all necessary precautions to protect our families. WHO recommends hand washing with soap and water for atleast 20s regularly as being one of them. Because prevention is the only cure. This public service message is brought to you by @dettol.pakistan, @hoga.saaf.pakistan and Ministry of Health Pakistan. 
#Dettol #HogaSaafPakistan #Coronavirus #CoVid #WHO #MinistryofHealthPakistan #WuhanCoronaVirus #CoronaVirusAwareness  #CoronaVirusOutbreak #PublicHealth #globalhealth",02/19/2020,en,English,positive
B8vTfJpHUzs,"A chinese outbreak, a global concern. We went around town to talk with Bangkok’s locals and the verdict is now in — the #covid19 outbreak is also painful for their livelihoods. More at the link in our bio.",02/19/2020,en,English,negative
B8vio75FvNZ,"🦠 PUBLIC SERVICE MESSAGE FOR NOVEL CORONAVIRUS 🦠

As the rise of Novel Coronavirus (CoVid-2019) continues, it is imperative to take all necessary precautions to protect our families. WHO recommends hand washing with soap and water for atleast 20s regularly as being one of them. Because prevention is the only cure. This public service message is brought to you by @dettol.pakistan, @hoga.saaf.pakistan and Ministry of Health Pakistan. 
#Dettol #HogaSaafPakistan #Coronavirus #CoVid #WHO #MinistryofHealthPakistan #WuhanCoronaVirus #CoronaVirusAwareness  #CoronaVirusOutbreak #PublicHealth #GlobalHealth",02/19/2020,en,English,positive
B8viU3Qp4_R,"🦠 NOVEL CORONAVIRUS PUBLIC SERVICE MESSAGE 🦠

As the rise of the Novel Coronavirus (CoVid-2019) continues, @dettol.pakistan reinforces basic hand hygiene as a preventive measure recommended by WHO. This public service message is brought to you by @dettol.pakistan, @hoga.saaf.pakistan and Ministry of Health Pakistan.

#Dettol #DettolPakistan #Coronavirus #WHO #HogaSaafPakistan #MinistryOfHealth #FahadMustafa #CoVid #WuhanCoronaVirus #ChinaVirus #CoronaVirusAwareness #CoronaVirusOutbreak #PublicHealth #GlobalHealth",02/19/2020,en,English,positive
B8vpj5Dp4ie,"🦠 PUBLIC SERVICE MESSAGE FOR NOVEL CORONAVIRUS 🦠

As the rise of Novel Coronavirus (CoVid-2019) continues, it is imperative to take all necessary precautions to protect our families. WHO recommends hand washing with soap and water for atleast 20s regularly as being one of them. Because prevention is the only cure. This public service message is brought to you by @dettol.pakistan, @hoga.saaf.pakistan and Ministry of Health Pakistan. 
#Dettol #HogaSaafPakistan #Coronavirus #CoVid #WHO #MinistryofHealthPakistan #WuhanCoronaVirus #CoronaVirusAwareness  #CoronaVirusOutbreak #PublicHealth #GlobalHealth",02/19/2020,en,English,positive
